START TRANSACTION;

INSERT INTO eve_evento_sindicato_participante (eve_id, evo_id, flo_id, eve_nome, eve_participante_telefone, eve_participante_email, eve_cpf, flo_id_responsavel, eve_presenca_confirmada, eve_data_deletado, eve_deletado)
VALUES (6926, 4, (SELECT flo_id FROM flo_filiado WHERE flo_cpf = '17658135810'), 'Adriana de Cassia Gomas', '11996127895', 'adriana@socialconsultoria.com.br', '17658135810', null, 2, null, 2);
INSERT INTO dva_divida (psa_id_pagador, psa_id_destinatario, cmi_id, dvu_id, dva_valor, dva_valor_pago, dva_valor_acrescimo, dva_valor_desconto, dva_descricao, dvp_id, dva_data_vencimento_atual, dva_data_vencimento_inicial, dva_data_inicio_cobranca_mora, dva_data_cancelamento, dva_motivo_cancelamento, dva_cancelada, dva_tipo_cancelamento)
VALUES ((SELECT psa_id FROM psa_pessoa WHERE psa_cli_id = (SELECT flo_id FROM flo_filiado WHERE flo_cpf = '17658135810')), (SELECT psa_id FROM psa_pessoa WHERE psa_cli_id = (SELECT flo_id FROM flo_filiado WHERE flo_cpf = '17658135810')), 201810, 1, 50, 0, 0, 0, 'Inscrição em evento: Encontro Mensal - Novembro 2018', 14, '2018-10-10', '2018-10-10', '2018-10-11', null, null, 0, null);
INSERT INTO cba_cobranca (cba_situacao, cba_valor, cba_data_cadastro, cba_data_vencimento, cba_tipo_remessa, psa_id, cba_data_limite_recebimento, cba_motivo_cancelamento, cba_data_cancelamento)
VALUES (1, 50, '2018-10-09 17:37', '2018-10-10', 99, (SELECT psa_id FROM psa_pessoa WHERE psa_cli_id = (SELECT flo_id FROM flo_filiado WHERE flo_cpf = '17658135810')), '2018-10-11', null, null);
INSERT INTO dvo_divida_cobranca (dva_id, cba_id) VALUES ((SELECT max(dva_id) FROM dva_divida), (SELECT max(cba_id) FROM cba_cobranca));
INSERT INTO cbn_cobranca_evento_sindicato (cbn_descricao, prve_id, eve_id, evo_id, dva_id) VALUES ('Inscrição em evento', 3, 6926, 4, (SELECT max(dva_id) FROM dva_divida));

INSERT INTO eve_evento_sindicato_participante (eve_id, evo_id, flo_id, eve_nome, eve_participante_telefone, eve_participante_email, eve_cpf, flo_id_responsavel, eve_presenca_confirmada, eve_data_deletado, eve_deletado)
VALUES (7898, 4, (SELECT flo_id FROM flo_filiado WHERE flo_cpf = '32554105847'), 'Ana Paula Acacio de Arruda', '11998488865', 'anapa@bauducco.com.br', '32554105847', null, 1, null, 2);
INSERT INTO dva_divida (psa_id_pagador, psa_id_destinatario, cmi_id, dvu_id, dva_valor, dva_valor_pago, dva_valor_acrescimo, dva_valor_desconto, dva_descricao, dvp_id, dva_data_vencimento_atual, dva_data_vencimento_inicial, dva_data_inicio_cobranca_mora, dva_data_cancelamento, dva_motivo_cancelamento, dva_cancelada, dva_tipo_cancelamento)
VALUES ((SELECT psa_id FROM psa_pessoa WHERE psa_cli_id = (SELECT flo_id FROM flo_filiado WHERE flo_cpf = '32554105847')), (SELECT psa_id FROM psa_pessoa WHERE psa_cli_id = (SELECT flo_id FROM flo_filiado WHERE flo_cpf = '32554105847')), 201810, 2, 50, 50, 0, 0, 'Inscrição em evento: Encontro Mensal - Novembro 2018', 14, '2018-11-01', '2018-11-01', '2018-11-02', null, null, 0, null);
INSERT INTO cba_cobranca (cba_situacao, cba_valor, cba_data_cadastro, cba_data_vencimento, cba_tipo_remessa, psa_id, cba_data_limite_recebimento, cba_motivo_cancelamento, cba_data_cancelamento)
VALUES (3, 50, '2018-10-31 17:55', '2018-11-01', 99, (SELECT psa_id FROM psa_pessoa WHERE psa_cli_id = (SELECT flo_id FROM flo_filiado WHERE flo_cpf = '32554105847')), '2018-11-02', null, null);
INSERT INTO dvo_divida_cobranca (dva_id, cba_id) VALUES ((SELECT max(dva_id) FROM dva_divida), (SELECT max(cba_id) FROM cba_cobranca));
INSERT INTO cbn_cobranca_evento_sindicato (cbn_descricao, prve_id, eve_id, evo_id, dva_id) VALUES ('Inscrição em evento', 3, 7898, 4, (SELECT max(dva_id) FROM dva_divida));
INSERT INTO pgo_pagamento (cba_id, psa_id, pgo_valor, pgo_situacao, pgo_data_pagamento, pgo_data_credito) VALUES ((SELECT max(cba_id) FROM cba_cobranca), (SELECT psa_id FROM psa_pessoa WHERE psa_cli_id = (SELECT flo_id FROM flo_filiado WHERE flo_cpf = '32554105847')), 50, 1, '2018-10-31', '2018-10-31');
INSERT INTO pga_pagamento_divida (dva_id, pgo_id, pga_valor) VALUES ((SELECT max(dva_id) FROM dva_divida), (SELECT max(pgo_id) FROM pgo_pagamento), 50);

INSERT INTO eve_evento_sindicato_participante (eve_id, evo_id, flo_id, eve_nome, eve_participante_telefone, eve_participante_email, eve_cpf, flo_id_responsavel, eve_presenca_confirmada, eve_data_deletado, eve_deletado)
VALUES (7920, 4, (SELECT flo_id FROM flo_filiado WHERE flo_cpf = '28434500809'), 'Ana Paula Cordeiro Bastos dos Reis', '11976684820', 'ana.reis@accamargo.org.br', '28434500809', 169051, 1, null, 2);
INSERT INTO dva_divida (psa_id_pagador, psa_id_destinatario, cmi_id, dvu_id, dva_valor, dva_valor_pago, dva_valor_acrescimo, dva_valor_desconto, dva_descricao, dvp_id, dva_data_vencimento_atual, dva_data_vencimento_inicial, dva_data_inicio_cobranca_mora, dva_data_cancelamento, dva_motivo_cancelamento, dva_cancelada, dva_tipo_cancelamento)
VALUES ((SELECT psa_id FROM psa_pessoa WHERE psa_cli_id = (SELECT flo_id FROM flo_filiado WHERE flo_cpf = '28434500809')), (SELECT psa_id FROM psa_pessoa WHERE psa_cli_id = (SELECT flo_id FROM flo_filiado WHERE flo_cpf = '28434500809')), 201811, 2, 50, 50, 0, 0, 'Inscrição em evento: Encontro Mensal - Novembro 2018', 14, '2018-11-02', '2018-11-02', '2018-11-03', null, null, 0, null);
INSERT INTO cba_cobranca (cba_situacao, cba_valor, cba_data_cadastro, cba_data_vencimento, cba_tipo_remessa, psa_id, cba_data_limite_recebimento, cba_motivo_cancelamento, cba_data_cancelamento)
VALUES (3, 50, '2018-11-01 10:48', '2018-11-02', 99, (SELECT psa_id FROM psa_pessoa WHERE psa_cli_id = (SELECT flo_id FROM flo_filiado WHERE flo_cpf = '28434500809')), '2018-11-03', null, null);
INSERT INTO dvo_divida_cobranca (dva_id, cba_id) VALUES ((SELECT max(dva_id) FROM dva_divida), (SELECT max(cba_id) FROM cba_cobranca));
INSERT INTO cbn_cobranca_evento_sindicato (cbn_descricao, prve_id, eve_id, evo_id, dva_id) VALUES ('Inscrição em evento', 3, 7920, 4, (SELECT max(dva_id) FROM dva_divida));
INSERT INTO pgo_pagamento (cba_id, psa_id, pgo_valor, pgo_situacao, pgo_data_pagamento, pgo_data_credito) VALUES ((SELECT max(cba_id) FROM cba_cobranca), (SELECT psa_id FROM psa_pessoa WHERE psa_cli_id = (SELECT flo_id FROM flo_filiado WHERE flo_cpf = '28434500809')), 50, 1, '2018-11-01', '2018-11-01');
INSERT INTO pga_pagamento_divida (dva_id, pgo_id, pga_valor) VALUES ((SELECT max(dva_id) FROM dva_divida), (SELECT max(pgo_id) FROM pgo_pagamento), 50);

INSERT INTO eve_evento_sindicato_participante (eve_id, evo_id, flo_id, eve_nome, eve_participante_telefone, eve_participante_email, eve_cpf, flo_id_responsavel, eve_presenca_confirmada, eve_data_deletado, eve_deletado)
VALUES (7139, 4, (SELECT flo_id FROM flo_filiado WHERE flo_cpf = '26501456843'), 'Andreza Salvado Lourenço', '11991220955', 'andreza@hqiconsultoria.com.br', '26501456843', null, 2, null, 2);
INSERT INTO dva_divida (psa_id_pagador, psa_id_destinatario, cmi_id, dvu_id, dva_valor, dva_valor_pago, dva_valor_acrescimo, dva_valor_desconto, dva_descricao, dvp_id, dva_data_vencimento_atual, dva_data_vencimento_inicial, dva_data_inicio_cobranca_mora, dva_data_cancelamento, dva_motivo_cancelamento, dva_cancelada, dva_tipo_cancelamento)
VALUES ((SELECT psa_id FROM psa_pessoa WHERE psa_cli_id = (SELECT flo_id FROM flo_filiado WHERE flo_cpf = '26501456843')), (SELECT psa_id FROM psa_pessoa WHERE psa_cli_id = (SELECT flo_id FROM flo_filiado WHERE flo_cpf = '26501456843')), 201810, 1, 50, 0, 0, 0, 'Inscrição em evento: Encontro Mensal - Novembro 2018', 14, '2018-10-17', '2018-10-17', '2018-10-18', null, null, 0, null);
INSERT INTO cba_cobranca (cba_situacao, cba_valor, cba_data_cadastro, cba_data_vencimento, cba_tipo_remessa, psa_id, cba_data_limite_recebimento, cba_motivo_cancelamento, cba_data_cancelamento)
VALUES (1, 50, '2018-10-16 11:31', '2018-10-17', 99, (SELECT psa_id FROM psa_pessoa WHERE psa_cli_id = (SELECT flo_id FROM flo_filiado WHERE flo_cpf = '26501456843')), '2018-10-18', null, null);
INSERT INTO dvo_divida_cobranca (dva_id, cba_id) VALUES ((SELECT max(dva_id) FROM dva_divida), (SELECT max(cba_id) FROM cba_cobranca));
INSERT INTO cbn_cobranca_evento_sindicato (cbn_descricao, prve_id, eve_id, evo_id, dva_id) VALUES ('Inscrição em evento', 3, 7139, 4, (SELECT max(dva_id) FROM dva_divida));

INSERT INTO eve_evento_sindicato_participante (eve_id, evo_id, flo_id, eve_nome, eve_participante_telefone, eve_participante_email, eve_cpf, flo_id_responsavel, eve_presenca_confirmada, eve_data_deletado, eve_deletado)
VALUES (3553, 4, (SELECT flo_id FROM flo_filiado WHERE flo_cpf = '35376205860'), 'Asdasd', '12312312312', 'orlando.nogueira@sinctec.com.br', '35376205860', null, 1, null, 2);

INSERT INTO eve_evento_sindicato_participante (eve_id, evo_id, flo_id, eve_nome, eve_participante_telefone, eve_participante_email, eve_cpf, flo_id_responsavel, eve_presenca_confirmada, eve_data_deletado, eve_deletado)
VALUES (8004, 4, (SELECT flo_id FROM flo_filiado WHERE flo_cpf = '37061304839'), 'Barbara Rodrigues Fernandes', '11972228943', 'barbara.fernandes@mattosfilhos.com.br', '37061304839', (SELECT flo_id FROM flo_filiado WHERE flo_nome = 'Mattos Filho'), 1, null, 2);
INSERT INTO dva_divida (psa_id_pagador, psa_id_destinatario, cmi_id, dvu_id, dva_valor, dva_valor_pago, dva_valor_acrescimo, dva_valor_desconto, dva_descricao, dvp_id, dva_data_vencimento_atual, dva_data_vencimento_inicial, dva_data_inicio_cobranca_mora, dva_data_cancelamento, dva_motivo_cancelamento, dva_cancelada, dva_tipo_cancelamento)
VALUES ((SELECT psa_id FROM psa_pessoa WHERE psa_cli_id = (SELECT flo_id FROM flo_filiado WHERE flo_cpf = '37061304839')), (SELECT psa_id FROM psa_pessoa WHERE psa_cli_id = (SELECT flo_id FROM flo_filiado WHERE flo_cpf = '37061304839')), 201811, 2, 50, 50, 0, 0, 'Inscrição em evento: Encontro Mensal - Novembro 2018', 14, '2018-11-06', '2018-11-06', '2018-11-07', null, null, 0, null);
INSERT INTO cba_cobranca (cba_situacao, cba_valor, cba_data_cadastro, cba_data_vencimento, cba_tipo_remessa, psa_id, cba_data_limite_recebimento, cba_motivo_cancelamento, cba_data_cancelamento)
VALUES (3, 50, '2018-11-05 10:04', '2018-11-06', 99, (SELECT psa_id FROM psa_pessoa WHERE psa_cli_id = (SELECT flo_id FROM flo_filiado WHERE flo_cpf = '37061304839')), '2018-11-07', null, null);
INSERT INTO dvo_divida_cobranca (dva_id, cba_id) VALUES ((SELECT max(dva_id) FROM dva_divida), (SELECT max(cba_id) FROM cba_cobranca));
INSERT INTO cbn_cobranca_evento_sindicato (cbn_descricao, prve_id, eve_id, evo_id, dva_id) VALUES ('Inscrição em evento', 3, 8004, 4, (SELECT max(dva_id) FROM dva_divida));
INSERT INTO pgo_pagamento (cba_id, psa_id, pgo_valor, pgo_situacao, pgo_data_pagamento, pgo_data_credito) VALUES ((SELECT max(cba_id) FROM cba_cobranca), (SELECT psa_id FROM psa_pessoa WHERE psa_cli_id = (SELECT flo_id FROM flo_filiado WHERE flo_cpf = '37061304839')), 50, 1, '2018-11-05', '2018-11-05');
INSERT INTO pga_pagamento_divida (dva_id, pgo_id, pga_valor) VALUES ((SELECT max(dva_id) FROM dva_divida), (SELECT max(pgo_id) FROM pgo_pagamento), 50);

INSERT INTO eve_evento_sindicato_participante (eve_id, evo_id, flo_id, eve_nome, eve_participante_telefone, eve_participante_email, eve_cpf, flo_id_responsavel, eve_presenca_confirmada, eve_data_deletado, eve_deletado)
VALUES (7168, 4, (SELECT flo_id FROM flo_filiado WHERE flo_cpf = '43528862890'), 'Bruna Balsante Nascimento', '11942155613', 'bruna.bnasc95@gmail.com', '43528862890', 169257, 2, null, 2);
INSERT INTO dva_divida (psa_id_pagador, psa_id_destinatario, cmi_id, dvu_id, dva_valor, dva_valor_pago, dva_valor_acrescimo, dva_valor_desconto, dva_descricao, dvp_id, dva_data_vencimento_atual, dva_data_vencimento_inicial, dva_data_inicio_cobranca_mora, dva_data_cancelamento, dva_motivo_cancelamento, dva_cancelada, dva_tipo_cancelamento)
VALUES ((SELECT psa_id FROM psa_pessoa WHERE psa_cli_id = (SELECT flo_id FROM flo_filiado WHERE flo_cpf = '43528862890')), (SELECT psa_id FROM psa_pessoa WHERE psa_cli_id = (SELECT flo_id FROM flo_filiado WHERE flo_cpf = '43528862890')), 201810, 1, 50, 0, 0, 0, 'Inscrição em evento: Encontro Mensal - Novembro 2018', 14, '2018-10-17', '2018-10-17', '2018-10-18', null, null, 0, null);
INSERT INTO cba_cobranca (cba_situacao, cba_valor, cba_data_cadastro, cba_data_vencimento, cba_tipo_remessa, psa_id, cba_data_limite_recebimento, cba_motivo_cancelamento, cba_data_cancelamento)
VALUES (1, 50, '2018-10-16 16:12', '2018-10-17', 99, (SELECT psa_id FROM psa_pessoa WHERE psa_cli_id = (SELECT flo_id FROM flo_filiado WHERE flo_cpf = '43528862890')), '2018-10-18', null, null);
INSERT INTO dvo_divida_cobranca (dva_id, cba_id) VALUES ((SELECT max(dva_id) FROM dva_divida), (SELECT max(cba_id) FROM cba_cobranca));
INSERT INTO cbn_cobranca_evento_sindicato (cbn_descricao, prve_id, eve_id, evo_id, dva_id) VALUES ('Inscrição em evento', 3, 7168, 4, (SELECT max(dva_id) FROM dva_divida));

INSERT INTO eve_evento_sindicato_participante (eve_id, evo_id, flo_id, eve_nome, eve_participante_telefone, eve_participante_email, eve_cpf, flo_id_responsavel, eve_presenca_confirmada, eve_data_deletado, eve_deletado)
VALUES (6905, 4, (SELECT flo_id FROM flo_filiado WHERE flo_cpf = '33923803850'), 'Camila Avanzo Ruiz', '11960762002', 'camila@catividade.com.br', '33923803850', null, 2, null, 2);
INSERT INTO dva_divida (psa_id_pagador, psa_id_destinatario, cmi_id, dvu_id, dva_valor, dva_valor_pago, dva_valor_acrescimo, dva_valor_desconto, dva_descricao, dvp_id, dva_data_vencimento_atual, dva_data_vencimento_inicial, dva_data_inicio_cobranca_mora, dva_data_cancelamento, dva_motivo_cancelamento, dva_cancelada, dva_tipo_cancelamento)
VALUES ((SELECT psa_id FROM psa_pessoa WHERE psa_cli_id = (SELECT flo_id FROM flo_filiado WHERE flo_cpf = '33923803850')), (SELECT psa_id FROM psa_pessoa WHERE psa_cli_id = (SELECT flo_id FROM flo_filiado WHERE flo_cpf = '33923803850')), 201810, 1, 50, 0, 0, 0, 'Inscrição em evento: Encontro Mensal - Novembro 2018', 14, '2018-10-10', '2018-10-10', '2018-10-11', null, null, 0, null);
INSERT INTO cba_cobranca (cba_situacao, cba_valor, cba_data_cadastro, cba_data_vencimento, cba_tipo_remessa, psa_id, cba_data_limite_recebimento, cba_motivo_cancelamento, cba_data_cancelamento)
VALUES (1, 50, '2018-10-09 11:20', '2018-10-10', 99, (SELECT psa_id FROM psa_pessoa WHERE psa_cli_id = (SELECT flo_id FROM flo_filiado WHERE flo_cpf = '33923803850')), '2018-10-11', null, null);
INSERT INTO dvo_divida_cobranca (dva_id, cba_id) VALUES ((SELECT max(dva_id) FROM dva_divida), (SELECT max(cba_id) FROM cba_cobranca));
INSERT INTO cbn_cobranca_evento_sindicato (cbn_descricao, prve_id, eve_id, evo_id, dva_id) VALUES ('Inscrição em evento', 3, 6905, 4, (SELECT max(dva_id) FROM dva_divida));

INSERT INTO eve_evento_sindicato_participante (eve_id, evo_id, flo_id, eve_nome, eve_participante_telefone, eve_participante_email, eve_cpf, flo_id_responsavel, eve_presenca_confirmada, eve_data_deletado, eve_deletado)
VALUES (6906, 4, (SELECT flo_id FROM flo_filiado WHERE flo_cpf = '10744610885'), 'Carmelita da Silva Avellar', '1126668974', 'carmelita.avellar@thomasgreg.com.br', '10744610885', null, 1, null, 2);
INSERT INTO dva_divida (psa_id_pagador, psa_id_destinatario, cmi_id, dvu_id, dva_valor, dva_valor_pago, dva_valor_acrescimo, dva_valor_desconto, dva_descricao, dvp_id, dva_data_vencimento_atual, dva_data_vencimento_inicial, dva_data_inicio_cobranca_mora, dva_data_cancelamento, dva_motivo_cancelamento, dva_cancelada, dva_tipo_cancelamento)
VALUES ((SELECT psa_id FROM psa_pessoa WHERE psa_cli_id = (SELECT flo_id FROM flo_filiado WHERE flo_cpf = '10744610885')), (SELECT psa_id FROM psa_pessoa WHERE psa_cli_id = (SELECT flo_id FROM flo_filiado WHERE flo_cpf = '10744610885')), 201810, 2, 50, 50, 0, 0, 'Inscrição em evento: Encontro Mensal - Novembro 2018', 14, '2018-10-10', '2018-10-10', '2018-10-11', null, null, 0, null);
INSERT INTO cba_cobranca (cba_situacao, cba_valor, cba_data_cadastro, cba_data_vencimento, cba_tipo_remessa, psa_id, cba_data_limite_recebimento, cba_motivo_cancelamento, cba_data_cancelamento)
VALUES (3, 50, '2018-10-09 11:54', '2018-10-10', 99, (SELECT psa_id FROM psa_pessoa WHERE psa_cli_id = (SELECT flo_id FROM flo_filiado WHERE flo_cpf = '10744610885')), '2018-10-11', null, null);
INSERT INTO dvo_divida_cobranca (dva_id, cba_id) VALUES ((SELECT max(dva_id) FROM dva_divida), (SELECT max(cba_id) FROM cba_cobranca));
INSERT INTO cbn_cobranca_evento_sindicato (cbn_descricao, prve_id, eve_id, evo_id, dva_id) VALUES ('Inscrição em evento', 3, 6906, 4, (SELECT max(dva_id) FROM dva_divida));
INSERT INTO pgo_pagamento (cba_id, psa_id, pgo_valor, pgo_situacao, pgo_data_pagamento, pgo_data_credito) VALUES ((SELECT max(cba_id) FROM cba_cobranca), (SELECT psa_id FROM psa_pessoa WHERE psa_cli_id = (SELECT flo_id FROM flo_filiado WHERE flo_cpf = '10744610885')), 50, 1, '2018-10-22', '2018-10-22');
INSERT INTO pga_pagamento_divida (dva_id, pgo_id, pga_valor) VALUES ((SELECT max(dva_id) FROM dva_divida), (SELECT max(pgo_id) FROM pgo_pagamento), 50);

INSERT INTO eve_evento_sindicato_participante (eve_id, evo_id, flo_id, eve_nome, eve_participante_telefone, eve_participante_email, eve_cpf, flo_id_responsavel, eve_presenca_confirmada, eve_data_deletado, eve_deletado)
VALUES (8019, 4, (SELECT flo_id FROM flo_filiado WHERE flo_cpf = '26294220890'), 'Carolina Reis Oliveira', '11941967565', 'carolina@cgpbrasil.com', '26294220890', null, 1, null, 2);
INSERT INTO dva_divida (psa_id_pagador, psa_id_destinatario, cmi_id, dvu_id, dva_valor, dva_valor_pago, dva_valor_acrescimo, dva_valor_desconto, dva_descricao, dvp_id, dva_data_vencimento_atual, dva_data_vencimento_inicial, dva_data_inicio_cobranca_mora, dva_data_cancelamento, dva_motivo_cancelamento, dva_cancelada, dva_tipo_cancelamento)
VALUES ((SELECT psa_id FROM psa_pessoa WHERE psa_cli_id = (SELECT flo_id FROM flo_filiado WHERE flo_cpf = '26294220890')), (SELECT psa_id FROM psa_pessoa WHERE psa_cli_id = (SELECT flo_id FROM flo_filiado WHERE flo_cpf = '26294220890')), 201811, 2, 50, 0, 0, 50, 'Inscrição em evento: Encontro Mensal - Novembro 2018', 14, '2018-11-06', '2018-11-06', '2018-11-07', null, null, 0, null);
INSERT INTO cba_cobranca (cba_situacao, cba_valor, cba_data_cadastro, cba_data_vencimento, cba_tipo_remessa, psa_id, cba_data_limite_recebimento, cba_motivo_cancelamento, cba_data_cancelamento)
VALUES (4, 50, '2018-11-05 14:57', '2018-11-06', 99, (SELECT psa_id FROM psa_pessoa WHERE psa_cli_id = (SELECT flo_id FROM flo_filiado WHERE flo_cpf = '26294220890')), '2018-11-07', 'Concessão de isenção', '2018-11-05 14:57');
INSERT INTO dvo_divida_cobranca (dva_id, cba_id) VALUES ((SELECT max(dva_id) FROM dva_divida), (SELECT max(cba_id) FROM cba_cobranca));
INSERT INTO dvt_divida_desconto (dva_id, dvt_valor, dvt_descricao, dvt_data_cadastro) VALUES ((SELECT max(dva_id) FROM dva_divida), 50, 'Concessão de isenção', '2018-11-05 14:57');
INSERT INTO cbn_cobranca_evento_sindicato (cbn_descricao, prve_id, eve_id, evo_id, dva_id) VALUES ('Inscrição em evento', 3, 8019, 4, (SELECT max(dva_id) FROM dva_divida));

INSERT INTO eve_evento_sindicato_participante (eve_id, evo_id, flo_id, eve_nome, eve_participante_telefone, eve_participante_email, eve_cpf, flo_id_responsavel, eve_presenca_confirmada, eve_data_deletado, eve_deletado)
VALUES (6895, 4, (SELECT flo_id FROM flo_filiado WHERE flo_cpf = '40202344851'), 'Caroline dos Santos Ramos', '11963047268', 'caroline.ramos@e-prosaude.com.br', '40202344851', 169879, 1, null, 2);
INSERT INTO dva_divida (psa_id_pagador, psa_id_destinatario, cmi_id, dvu_id, dva_valor, dva_valor_pago, dva_valor_acrescimo, dva_valor_desconto, dva_descricao, dvp_id, dva_data_vencimento_atual, dva_data_vencimento_inicial, dva_data_inicio_cobranca_mora, dva_data_cancelamento, dva_motivo_cancelamento, dva_cancelada, dva_tipo_cancelamento)
VALUES ((SELECT psa_id FROM psa_pessoa WHERE psa_cli_id = (SELECT flo_id FROM flo_filiado WHERE flo_cpf = '40202344851')), (SELECT psa_id FROM psa_pessoa WHERE psa_cli_id = (SELECT flo_id FROM flo_filiado WHERE flo_cpf = '40202344851')), 201810, 2, 50, 50, 0, 0, 'Inscrição em evento: Encontro Mensal - Novembro 2018', 14, '2018-10-10', '2018-10-10', '2018-10-11', null, null, 0, null);
INSERT INTO cba_cobranca (cba_situacao, cba_valor, cba_data_cadastro, cba_data_vencimento, cba_tipo_remessa, psa_id, cba_data_limite_recebimento, cba_motivo_cancelamento, cba_data_cancelamento)
VALUES (3, 50, '2018-10-09 09:48', '2018-10-10', 99, (SELECT psa_id FROM psa_pessoa WHERE psa_cli_id = (SELECT flo_id FROM flo_filiado WHERE flo_cpf = '40202344851')), '2018-10-11', null, null);
INSERT INTO dvo_divida_cobranca (dva_id, cba_id) VALUES ((SELECT max(dva_id) FROM dva_divida), (SELECT max(cba_id) FROM cba_cobranca));
INSERT INTO cbn_cobranca_evento_sindicato (cbn_descricao, prve_id, eve_id, evo_id, dva_id) VALUES ('Inscrição em evento', 3, 6895, 4, (SELECT max(dva_id) FROM dva_divida));
INSERT INTO pgo_pagamento (cba_id, psa_id, pgo_valor, pgo_situacao, pgo_data_pagamento, pgo_data_credito) VALUES ((SELECT max(cba_id) FROM cba_cobranca), (SELECT psa_id FROM psa_pessoa WHERE psa_cli_id = (SELECT flo_id FROM flo_filiado WHERE flo_cpf = '40202344851')), 50, 1, '2018-10-09', '2018-10-09');
INSERT INTO pga_pagamento_divida (dva_id, pgo_id, pga_valor) VALUES ((SELECT max(dva_id) FROM dva_divida), (SELECT max(pgo_id) FROM pgo_pagamento), 50);

INSERT INTO eve_evento_sindicato_participante (eve_id, evo_id, flo_id, eve_nome, eve_participante_telefone, eve_participante_email, eve_cpf, flo_id_responsavel, eve_presenca_confirmada, eve_data_deletado, eve_deletado)
VALUES (6938, 4, (SELECT flo_id FROM flo_filiado WHERE flo_cpf = '12307956859'), 'Célia Cristiane Granata', '11974089531', 'celiac@bauducco.com.br', '12307956859', null, 1, null, 2);
INSERT INTO dva_divida (psa_id_pagador, psa_id_destinatario, cmi_id, dvu_id, dva_valor, dva_valor_pago, dva_valor_acrescimo, dva_valor_desconto, dva_descricao, dvp_id, dva_data_vencimento_atual, dva_data_vencimento_inicial, dva_data_inicio_cobranca_mora, dva_data_cancelamento, dva_motivo_cancelamento, dva_cancelada, dva_tipo_cancelamento)
VALUES ((SELECT psa_id FROM psa_pessoa WHERE psa_cli_id = (SELECT flo_id FROM flo_filiado WHERE flo_cpf = '12307956859')), (SELECT psa_id FROM psa_pessoa WHERE psa_cli_id = (SELECT flo_id FROM flo_filiado WHERE flo_cpf = '12307956859')), 201810, 2, 50, 50, 0, 0, 'Inscrição em evento: Encontro Mensal - Novembro 2018', 14, '2018-10-11', '2018-10-11', '2018-10-12', null, null, 0, null);
INSERT INTO cba_cobranca (cba_situacao, cba_valor, cba_data_cadastro, cba_data_vencimento, cba_tipo_remessa, psa_id, cba_data_limite_recebimento, cba_motivo_cancelamento, cba_data_cancelamento)
VALUES (3, 50, '2018-10-10 09:34', '2018-10-11', 99, (SELECT psa_id FROM psa_pessoa WHERE psa_cli_id = (SELECT flo_id FROM flo_filiado WHERE flo_cpf = '12307956859')), '2018-10-12', null, null);
INSERT INTO dvo_divida_cobranca (dva_id, cba_id) VALUES ((SELECT max(dva_id) FROM dva_divida), (SELECT max(cba_id) FROM cba_cobranca));
INSERT INTO cbn_cobranca_evento_sindicato (cbn_descricao, prve_id, eve_id, evo_id, dva_id) VALUES ('Inscrição em evento', 3, 6938, 4, (SELECT max(dva_id) FROM dva_divida));
INSERT INTO pgo_pagamento (cba_id, psa_id, pgo_valor, pgo_situacao, pgo_data_pagamento, pgo_data_credito) VALUES ((SELECT max(cba_id) FROM cba_cobranca), (SELECT psa_id FROM psa_pessoa WHERE psa_cli_id = (SELECT flo_id FROM flo_filiado WHERE flo_cpf = '12307956859')), 50, 1, '2018-10-10', '2018-10-10');
INSERT INTO pga_pagamento_divida (dva_id, pgo_id, pga_valor) VALUES ((SELECT max(dva_id) FROM dva_divida), (SELECT max(pgo_id) FROM pgo_pagamento), 50);

INSERT INTO eve_evento_sindicato_participante (eve_id, evo_id, flo_id, eve_nome, eve_participante_telefone, eve_participante_email, eve_cpf, flo_id_responsavel, eve_presenca_confirmada, eve_data_deletado, eve_deletado)
VALUES (7511, 4, (SELECT flo_id FROM flo_filiado WHERE flo_cpf = '27112615810'), 'Cleber Gonçalves', '11983788840', 'cleber.gon@hotmail.com', '27112615810', null, 2, null, 2);
INSERT INTO dva_divida (psa_id_pagador, psa_id_destinatario, cmi_id, dvu_id, dva_valor, dva_valor_pago, dva_valor_acrescimo, dva_valor_desconto, dva_descricao, dvp_id, dva_data_vencimento_atual, dva_data_vencimento_inicial, dva_data_inicio_cobranca_mora, dva_data_cancelamento, dva_motivo_cancelamento, dva_cancelada, dva_tipo_cancelamento)
VALUES ((SELECT psa_id FROM psa_pessoa WHERE psa_cli_id = (SELECT flo_id FROM flo_filiado WHERE flo_cpf = '27112615810')), (SELECT psa_id FROM psa_pessoa WHERE psa_cli_id = (SELECT flo_id FROM flo_filiado WHERE flo_cpf = '27112615810')), 201810, 1, 50, 0, 0, 0, 'Inscrição em evento: Encontro Mensal - Novembro 2018', 14, '2018-10-24', '2018-10-24', '2018-10-25', null, null, 0, null);
INSERT INTO cba_cobranca (cba_situacao, cba_valor, cba_data_cadastro, cba_data_vencimento, cba_tipo_remessa, psa_id, cba_data_limite_recebimento, cba_motivo_cancelamento, cba_data_cancelamento)
VALUES (1, 50, '2018-10-23 16:29', '2018-10-24', 99, (SELECT psa_id FROM psa_pessoa WHERE psa_cli_id = (SELECT flo_id FROM flo_filiado WHERE flo_cpf = '27112615810')), '2018-10-25', null, null);
INSERT INTO dvo_divida_cobranca (dva_id, cba_id) VALUES ((SELECT max(dva_id) FROM dva_divida), (SELECT max(cba_id) FROM cba_cobranca));
INSERT INTO cbn_cobranca_evento_sindicato (cbn_descricao, prve_id, eve_id, evo_id, dva_id) VALUES ('Inscrição em evento', 3, 7511, 4, (SELECT max(dva_id) FROM dva_divida));

INSERT INTO eve_evento_sindicato_participante (eve_id, evo_id, flo_id, eve_nome, eve_participante_telefone, eve_participante_email, eve_cpf, flo_id_responsavel, eve_presenca_confirmada, eve_data_deletado, eve_deletado)
VALUES (6904, 4, (SELECT flo_id FROM flo_filiado WHERE flo_cpf = '33748382863'), 'Cristiane Arango Moreira Leite', '11995098647', 'cristiane.leite@ache.com.br', '33748382863', null, 1, null, 2);
INSERT INTO dva_divida (psa_id_pagador, psa_id_destinatario, cmi_id, dvu_id, dva_valor, dva_valor_pago, dva_valor_acrescimo, dva_valor_desconto, dva_descricao, dvp_id, dva_data_vencimento_atual, dva_data_vencimento_inicial, dva_data_inicio_cobranca_mora, dva_data_cancelamento, dva_motivo_cancelamento, dva_cancelada, dva_tipo_cancelamento)
VALUES ((SELECT psa_id FROM psa_pessoa WHERE psa_cli_id = (SELECT flo_id FROM flo_filiado WHERE flo_cpf = '33748382863')), (SELECT psa_id FROM psa_pessoa WHERE psa_cli_id = (SELECT flo_id FROM flo_filiado WHERE flo_cpf = '33748382863')), 201810, 2, 50, 50, 0, 0, 'Inscrição em evento: Encontro Mensal - Novembro 2018', 14, '2018-10-10', '2018-10-10', '2018-10-11', null, null, 0, null);
INSERT INTO cba_cobranca (cba_situacao, cba_valor, cba_data_cadastro, cba_data_vencimento, cba_tipo_remessa, psa_id, cba_data_limite_recebimento, cba_motivo_cancelamento, cba_data_cancelamento)
VALUES (3, 50, '2018-10-09 11:03', '2018-10-10', 99, (SELECT psa_id FROM psa_pessoa WHERE psa_cli_id = (SELECT flo_id FROM flo_filiado WHERE flo_cpf = '33748382863')), '2018-10-11', null, null);
INSERT INTO dvo_divida_cobranca (dva_id, cba_id) VALUES ((SELECT max(dva_id) FROM dva_divida), (SELECT max(cba_id) FROM cba_cobranca));
INSERT INTO cbn_cobranca_evento_sindicato (cbn_descricao, prve_id, eve_id, evo_id, dva_id) VALUES ('Inscrição em evento', 3, 6904, 4, (SELECT max(dva_id) FROM dva_divida));
INSERT INTO pgo_pagamento (cba_id, psa_id, pgo_valor, pgo_situacao, pgo_data_pagamento, pgo_data_credito) VALUES ((SELECT max(cba_id) FROM cba_cobranca), (SELECT psa_id FROM psa_pessoa WHERE psa_cli_id = (SELECT flo_id FROM flo_filiado WHERE flo_cpf = '33748382863')), 50, 1, '2018-10-09', '2018-10-09');
INSERT INTO pga_pagamento_divida (dva_id, pgo_id, pga_valor) VALUES ((SELECT max(dva_id) FROM dva_divida), (SELECT max(pgo_id) FROM pgo_pagamento), 50);

INSERT INTO eve_evento_sindicato_participante (eve_id, evo_id, flo_id, eve_nome, eve_participante_telefone, eve_participante_email, eve_cpf, flo_id_responsavel, eve_presenca_confirmada, eve_data_deletado, eve_deletado)
VALUES (6643, 4, (SELECT flo_id FROM flo_filiado WHERE flo_cpf = '01432387871'), 'Dataprev', '11997898776', 'katia.oliveira@dataprev.gov.br', '01432387871', null, 1, null, 2);

INSERT INTO eve_evento_sindicato_participante (eve_id, evo_id, flo_id, eve_nome, eve_participante_telefone, eve_participante_email, eve_cpf, flo_id_responsavel, eve_presenca_confirmada, eve_data_deletado, eve_deletado)
VALUES (7118, 4, (SELECT flo_id FROM flo_filiado WHERE flo_cpf = '09451103830'), 'Denise Cantarelli', '11991328983', 'alohacanta@gmail.com', '09451103830', null, 2, null, 2);
INSERT INTO dva_divida (psa_id_pagador, psa_id_destinatario, cmi_id, dvu_id, dva_valor, dva_valor_pago, dva_valor_acrescimo, dva_valor_desconto, dva_descricao, dvp_id, dva_data_vencimento_atual, dva_data_vencimento_inicial, dva_data_inicio_cobranca_mora, dva_data_cancelamento, dva_motivo_cancelamento, dva_cancelada, dva_tipo_cancelamento)
VALUES ((SELECT psa_id FROM psa_pessoa WHERE psa_cli_id = (SELECT flo_id FROM flo_filiado WHERE flo_cpf = '09451103830')), (SELECT psa_id FROM psa_pessoa WHERE psa_cli_id = (SELECT flo_id FROM flo_filiado WHERE flo_cpf = '09451103830')), 201810, 1, 50, 0, 0, 0, 'Inscrição em evento: Encontro Mensal - Novembro 2018', 14, '2018-10-17', '2018-10-17', '2018-10-18', null, null, 0, null);
INSERT INTO cba_cobranca (cba_situacao, cba_valor, cba_data_cadastro, cba_data_vencimento, cba_tipo_remessa, psa_id, cba_data_limite_recebimento, cba_motivo_cancelamento, cba_data_cancelamento)
VALUES (1, 50, '2018-10-16 09:33', '2018-10-17', 99, (SELECT psa_id FROM psa_pessoa WHERE psa_cli_id = (SELECT flo_id FROM flo_filiado WHERE flo_cpf = '09451103830')), '2018-10-18', null, null);
INSERT INTO dvo_divida_cobranca (dva_id, cba_id) VALUES ((SELECT max(dva_id) FROM dva_divida), (SELECT max(cba_id) FROM cba_cobranca));
INSERT INTO cbn_cobranca_evento_sindicato (cbn_descricao, prve_id, eve_id, evo_id, dva_id) VALUES ('Inscrição em evento', 3, 7118, 4, (SELECT max(dva_id) FROM dva_divida));

INSERT INTO eve_evento_sindicato_participante (eve_id, evo_id, flo_id, eve_nome, eve_participante_telefone, eve_participante_email, eve_cpf, flo_id_responsavel, eve_presenca_confirmada, eve_data_deletado, eve_deletado)
VALUES (7842, 4, (SELECT flo_id FROM flo_filiado WHERE flo_cpf = '10034664866'), 'Dulce Barros', '11994747864', 'tipiti.barros@gmail.com', '10034664866', null, 1, null, 2);
INSERT INTO dva_divida (psa_id_pagador, psa_id_destinatario, cmi_id, dvu_id, dva_valor, dva_valor_pago, dva_valor_acrescimo, dva_valor_desconto, dva_descricao, dvp_id, dva_data_vencimento_atual, dva_data_vencimento_inicial, dva_data_inicio_cobranca_mora, dva_data_cancelamento, dva_motivo_cancelamento, dva_cancelada, dva_tipo_cancelamento)
VALUES ((SELECT psa_id FROM psa_pessoa WHERE psa_cli_id = (SELECT flo_id FROM flo_filiado WHERE flo_cpf = '10034664866')), (SELECT psa_id FROM psa_pessoa WHERE psa_cli_id = (SELECT flo_id FROM flo_filiado WHERE flo_cpf = '10034664866')), 201810, 2, 50, 50, 0, 0, 'Inscrição em evento: Encontro Mensal - Novembro 2018', 14, '2018-10-31', '2018-10-31', '2018-11-01', null, null, 0, null);
INSERT INTO cba_cobranca (cba_situacao, cba_valor, cba_data_cadastro, cba_data_vencimento, cba_tipo_remessa, psa_id, cba_data_limite_recebimento, cba_motivo_cancelamento, cba_data_cancelamento)
VALUES (3, 50, '2018-10-30 14:31', '2018-10-31', 99, (SELECT psa_id FROM psa_pessoa WHERE psa_cli_id = (SELECT flo_id FROM flo_filiado WHERE flo_cpf = '10034664866')), '2018-11-01', null, null);
INSERT INTO dvo_divida_cobranca (dva_id, cba_id) VALUES ((SELECT max(dva_id) FROM dva_divida), (SELECT max(cba_id) FROM cba_cobranca));
INSERT INTO cbn_cobranca_evento_sindicato (cbn_descricao, prve_id, eve_id, evo_id, dva_id) VALUES ('Inscrição em evento', 3, 7842, 4, (SELECT max(dva_id) FROM dva_divida));
INSERT INTO pgo_pagamento (cba_id, psa_id, pgo_valor, pgo_situacao, pgo_data_pagamento, pgo_data_credito) VALUES ((SELECT max(cba_id) FROM cba_cobranca), (SELECT psa_id FROM psa_pessoa WHERE psa_cli_id = (SELECT flo_id FROM flo_filiado WHERE flo_cpf = '10034664866')), 50, 1, '2018-10-30', '2018-10-30');
INSERT INTO pga_pagamento_divida (dva_id, pgo_id, pga_valor) VALUES ((SELECT max(dva_id) FROM dva_divida), (SELECT max(pgo_id) FROM pgo_pagamento), 50);

INSERT INTO eve_evento_sindicato_participante (eve_id, evo_id, flo_id, eve_nome, eve_participante_telefone, eve_participante_email, eve_cpf, flo_id_responsavel, eve_presenca_confirmada, eve_data_deletado, eve_deletado)
VALUES (7954, 4, (SELECT flo_id FROM flo_filiado WHERE flo_cpf = '00914716808'), 'Eliana Rodrigues Ferreira', '11981971715', 'erferreira@prodam.sp.gov.br', '00914716808', null, 2, null, 2);
INSERT INTO dva_divida (psa_id_pagador, psa_id_destinatario, cmi_id, dvu_id, dva_valor, dva_valor_pago, dva_valor_acrescimo, dva_valor_desconto, dva_descricao, dvp_id, dva_data_vencimento_atual, dva_data_vencimento_inicial, dva_data_inicio_cobranca_mora, dva_data_cancelamento, dva_motivo_cancelamento, dva_cancelada, dva_tipo_cancelamento)
VALUES ((SELECT psa_id FROM psa_pessoa WHERE psa_cli_id = (SELECT flo_id FROM flo_filiado WHERE flo_cpf = '00914716808')), (SELECT psa_id FROM psa_pessoa WHERE psa_cli_id = (SELECT flo_id FROM flo_filiado WHERE flo_cpf = '00914716808')), 201811, 1, 50, 0, 0, 0, 'Inscrição em evento: Encontro Mensal - Novembro 2018', 14, '2018-11-02', '2018-11-02', '2018-11-03', null, null, 0, null);
INSERT INTO cba_cobranca (cba_situacao, cba_valor, cba_data_cadastro, cba_data_vencimento, cba_tipo_remessa, psa_id, cba_data_limite_recebimento, cba_motivo_cancelamento, cba_data_cancelamento)
VALUES (1, 50, '2018-11-01 16:34', '2018-11-02', 99, (SELECT psa_id FROM psa_pessoa WHERE psa_cli_id = (SELECT flo_id FROM flo_filiado WHERE flo_cpf = '00914716808')), '2018-11-03', null, null);
INSERT INTO dvo_divida_cobranca (dva_id, cba_id) VALUES ((SELECT max(dva_id) FROM dva_divida), (SELECT max(cba_id) FROM cba_cobranca));
INSERT INTO cbn_cobranca_evento_sindicato (cbn_descricao, prve_id, eve_id, evo_id, dva_id) VALUES ('Inscrição em evento', 3, 7954, 4, (SELECT max(dva_id) FROM dva_divida));

INSERT INTO eve_evento_sindicato_participante (eve_id, evo_id, flo_id, eve_nome, eve_participante_telefone, eve_participante_email, eve_cpf, flo_id_responsavel, eve_presenca_confirmada, eve_data_deletado, eve_deletado)
VALUES (6925, 4, (SELECT flo_id FROM flo_filiado WHERE flo_cpf = '16258777813'), 'Eliani Miranda Soares', '11987494668', 'eliani@socialconsultoria.com.br', '16258777813', null, 2, null, 2);
INSERT INTO dva_divida (psa_id_pagador, psa_id_destinatario, cmi_id, dvu_id, dva_valor, dva_valor_pago, dva_valor_acrescimo, dva_valor_desconto, dva_descricao, dvp_id, dva_data_vencimento_atual, dva_data_vencimento_inicial, dva_data_inicio_cobranca_mora, dva_data_cancelamento, dva_motivo_cancelamento, dva_cancelada, dva_tipo_cancelamento)
VALUES ((SELECT psa_id FROM psa_pessoa WHERE psa_cli_id = (SELECT flo_id FROM flo_filiado WHERE flo_cpf = '16258777813')), (SELECT psa_id FROM psa_pessoa WHERE psa_cli_id = (SELECT flo_id FROM flo_filiado WHERE flo_cpf = '16258777813')), 201810, 1, 50, 0, 0, 0, 'Inscrição em evento: Encontro Mensal - Novembro 2018', 14, '2018-10-10', '2018-10-10', '2018-10-11', null, null, 0, null);
INSERT INTO cba_cobranca (cba_situacao, cba_valor, cba_data_cadastro, cba_data_vencimento, cba_tipo_remessa, psa_id, cba_data_limite_recebimento, cba_motivo_cancelamento, cba_data_cancelamento)
VALUES (1, 50, '2018-10-09 17:35', '2018-10-10', 99, (SELECT psa_id FROM psa_pessoa WHERE psa_cli_id = (SELECT flo_id FROM flo_filiado WHERE flo_cpf = '16258777813')), '2018-10-11', null, null);
INSERT INTO dvo_divida_cobranca (dva_id, cba_id) VALUES ((SELECT max(dva_id) FROM dva_divida), (SELECT max(cba_id) FROM cba_cobranca));
INSERT INTO cbn_cobranca_evento_sindicato (cbn_descricao, prve_id, eve_id, evo_id, dva_id) VALUES ('Inscrição em evento', 3, 6925, 4, (SELECT max(dva_id) FROM dva_divida));

INSERT INTO eve_evento_sindicato_participante (eve_id, evo_id, flo_id, eve_nome, eve_participante_telefone, eve_participante_email, eve_cpf, flo_id_responsavel, eve_presenca_confirmada, eve_data_deletado, eve_deletado)
VALUES (6832, 4, (SELECT flo_id FROM flo_filiado WHERE flo_cpf = '07601686876'), 'Ercy Aparecida Paschoal', '11969125600', 'ercy@pasqualy.com.br', '07601686876', null, 1, null, 2);
INSERT INTO dva_divida (psa_id_pagador, psa_id_destinatario, cmi_id, dvu_id, dva_valor, dva_valor_pago, dva_valor_acrescimo, dva_valor_desconto, dva_descricao, dvp_id, dva_data_vencimento_atual, dva_data_vencimento_inicial, dva_data_inicio_cobranca_mora, dva_data_cancelamento, dva_motivo_cancelamento, dva_cancelada, dva_tipo_cancelamento)
VALUES ((SELECT psa_id FROM psa_pessoa WHERE psa_cli_id = (SELECT flo_id FROM flo_filiado WHERE flo_cpf = '07601686876')), (SELECT psa_id FROM psa_pessoa WHERE psa_cli_id = (SELECT flo_id FROM flo_filiado WHERE flo_cpf = '07601686876')), 201810, 2, 50, 50, 0, 0, 'Inscrição em evento: Encontro Mensal - Novembro 2018', 14, '2018-10-07', '2018-10-07', '2018-10-08', null, null, 0, null);
INSERT INTO cba_cobranca (cba_situacao, cba_valor, cba_data_cadastro, cba_data_vencimento, cba_tipo_remessa, psa_id, cba_data_limite_recebimento, cba_motivo_cancelamento, cba_data_cancelamento)
VALUES (3, 50, '2018-10-06 19:57', '2018-10-07', 99, (SELECT psa_id FROM psa_pessoa WHERE psa_cli_id = (SELECT flo_id FROM flo_filiado WHERE flo_cpf = '07601686876')), '2018-10-08', null, null);
INSERT INTO dvo_divida_cobranca (dva_id, cba_id) VALUES ((SELECT max(dva_id) FROM dva_divida), (SELECT max(cba_id) FROM cba_cobranca));
INSERT INTO cbn_cobranca_evento_sindicato (cbn_descricao, prve_id, eve_id, evo_id, dva_id) VALUES ('Inscrição em evento', 3, 6832, 4, (SELECT max(dva_id) FROM dva_divida));
INSERT INTO pgo_pagamento (cba_id, psa_id, pgo_valor, pgo_situacao, pgo_data_pagamento, pgo_data_credito) VALUES ((SELECT max(cba_id) FROM cba_cobranca), (SELECT psa_id FROM psa_pessoa WHERE psa_cli_id = (SELECT flo_id FROM flo_filiado WHERE flo_cpf = '07601686876')), 50, 1, '2018-10-06', '2018-10-06');
INSERT INTO pga_pagamento_divida (dva_id, pgo_id, pga_valor) VALUES ((SELECT max(dva_id) FROM dva_divida), (SELECT max(pgo_id) FROM pgo_pagamento), 50);

INSERT INTO eve_evento_sindicato_participante (eve_id, evo_id, flo_id, eve_nome, eve_participante_telefone, eve_participante_email, eve_cpf, flo_id_responsavel, eve_presenca_confirmada, eve_data_deletado, eve_deletado)
VALUES (8020, 4, (SELECT flo_id FROM flo_filiado WHERE flo_cpf = '44548737200'), 'Fabiana Tragl', '11976897022', 'fabiana@cgpbrasil.com', '44548737200', null, 1, null, 2);
INSERT INTO dva_divida (psa_id_pagador, psa_id_destinatario, cmi_id, dvu_id, dva_valor, dva_valor_pago, dva_valor_acrescimo, dva_valor_desconto, dva_descricao, dvp_id, dva_data_vencimento_atual, dva_data_vencimento_inicial, dva_data_inicio_cobranca_mora, dva_data_cancelamento, dva_motivo_cancelamento, dva_cancelada, dva_tipo_cancelamento)
VALUES ((SELECT psa_id FROM psa_pessoa WHERE psa_cli_id = (SELECT flo_id FROM flo_filiado WHERE flo_cpf = '44548737200')), (SELECT psa_id FROM psa_pessoa WHERE psa_cli_id = (SELECT flo_id FROM flo_filiado WHERE flo_cpf = '44548737200')), 201811, 2, 50, 0, 0, 50, 'Inscrição em evento: Encontro Mensal - Novembro 2018', 14, '2018-11-06', '2018-11-06', '2018-11-07', null, null, 0, null);
INSERT INTO cba_cobranca (cba_situacao, cba_valor, cba_data_cadastro, cba_data_vencimento, cba_tipo_remessa, psa_id, cba_data_limite_recebimento, cba_motivo_cancelamento, cba_data_cancelamento)
VALUES (4, 50, '2018-11-05 14:58', '2018-11-06', 99, (SELECT psa_id FROM psa_pessoa WHERE psa_cli_id = (SELECT flo_id FROM flo_filiado WHERE flo_cpf = '44548737200')), '2018-11-07', 'Concessão de isenção', '2018-11-05 14:58');
INSERT INTO dvo_divida_cobranca (dva_id, cba_id) VALUES ((SELECT max(dva_id) FROM dva_divida), (SELECT max(cba_id) FROM cba_cobranca));
INSERT INTO dvt_divida_desconto (dva_id, dvt_valor, dvt_descricao, dvt_data_cadastro) VALUES ((SELECT max(dva_id) FROM dva_divida), 50, 'Concessão de isenção', '2018-11-05 14:58');
INSERT INTO cbn_cobranca_evento_sindicato (cbn_descricao, prve_id, eve_id, evo_id, dva_id) VALUES ('Inscrição em evento', 3, 8020, 4, (SELECT max(dva_id) FROM dva_divida));

INSERT INTO eve_evento_sindicato_participante (eve_id, evo_id, flo_id, eve_nome, eve_participante_telefone, eve_participante_email, eve_cpf, flo_id_responsavel, eve_presenca_confirmada, eve_data_deletado, eve_deletado)
VALUES (8002, 4, (SELECT flo_id FROM flo_filiado WHERE flo_cpf = '29278291870'), 'Giordana Dias de Oliveira', '11956040188', 'giordana.oliveira@ultragaz.com.br', '29278291870', null, 1, null, 2);
INSERT INTO dva_divida (psa_id_pagador, psa_id_destinatario, cmi_id, dvu_id, dva_valor, dva_valor_pago, dva_valor_acrescimo, dva_valor_desconto, dva_descricao, dvp_id, dva_data_vencimento_atual, dva_data_vencimento_inicial, dva_data_inicio_cobranca_mora, dva_data_cancelamento, dva_motivo_cancelamento, dva_cancelada, dva_tipo_cancelamento)
VALUES ((SELECT psa_id FROM psa_pessoa WHERE psa_cli_id = (SELECT flo_id FROM flo_filiado WHERE flo_cpf = '29278291870')), (SELECT psa_id FROM psa_pessoa WHERE psa_cli_id = (SELECT flo_id FROM flo_filiado WHERE flo_cpf = '29278291870')), 201811, 2, 50, 0, 0, 50, 'Inscrição em evento: Encontro Mensal - Novembro 2018', 14, '2018-11-06', '2018-11-06', '2018-11-07', null, null, 0, null);
INSERT INTO cba_cobranca (cba_situacao, cba_valor, cba_data_cadastro, cba_data_vencimento, cba_tipo_remessa, psa_id, cba_data_limite_recebimento, cba_motivo_cancelamento, cba_data_cancelamento)
VALUES (4, 50, '2018-11-05 09:46', '2018-11-06', 99, (SELECT psa_id FROM psa_pessoa WHERE psa_cli_id = (SELECT flo_id FROM flo_filiado WHERE flo_cpf = '29278291870')), '2018-11-07', 'Concessão de isenção', '2018-11-05 09:46');
INSERT INTO dvo_divida_cobranca (dva_id, cba_id) VALUES ((SELECT max(dva_id) FROM dva_divida), (SELECT max(cba_id) FROM cba_cobranca));
INSERT INTO dvt_divida_desconto (dva_id, dvt_valor, dvt_descricao, dvt_data_cadastro) VALUES ((SELECT max(dva_id) FROM dva_divida), 50, 'Concessão de isenção', '2018-11-05 09:46');
INSERT INTO cbn_cobranca_evento_sindicato (cbn_descricao, prve_id, eve_id, evo_id, dva_id) VALUES ('Inscrição em evento', 3, 8002, 4, (SELECT max(dva_id) FROM dva_divida));

INSERT INTO eve_evento_sindicato_participante (eve_id, evo_id, flo_id, eve_nome, eve_participante_telefone, eve_participante_email, eve_cpf, flo_id_responsavel, eve_presenca_confirmada, eve_data_deletado, eve_deletado)
VALUES (7304, 4, (SELECT flo_id FROM flo_filiado WHERE flo_cpf = '07407080828'), 'Glaucia Silva Bitencourt Funghi', '11989285253', 'glau_bit@hotmail.com', '07407080828', null, 1, null, 2);
INSERT INTO dva_divida (psa_id_pagador, psa_id_destinatario, cmi_id, dvu_id, dva_valor, dva_valor_pago, dva_valor_acrescimo, dva_valor_desconto, dva_descricao, dvp_id, dva_data_vencimento_atual, dva_data_vencimento_inicial, dva_data_inicio_cobranca_mora, dva_data_cancelamento, dva_motivo_cancelamento, dva_cancelada, dva_tipo_cancelamento)
VALUES ((SELECT psa_id FROM psa_pessoa WHERE psa_cli_id = (SELECT flo_id FROM flo_filiado WHERE flo_cpf = '07407080828')), (SELECT psa_id FROM psa_pessoa WHERE psa_cli_id = (SELECT flo_id FROM flo_filiado WHERE flo_cpf = '07407080828')), 201810, 2, 50, 50, 0, 0, 'Inscrição em evento: Encontro Mensal - Novembro 2018', 14, '2018-10-20', '2018-10-20', '2018-10-21', null, null, 0, null);
INSERT INTO cba_cobranca (cba_situacao, cba_valor, cba_data_cadastro, cba_data_vencimento, cba_tipo_remessa, psa_id, cba_data_limite_recebimento, cba_motivo_cancelamento, cba_data_cancelamento)
VALUES (3, 50, '2018-10-19 09:23', '2018-10-20', 99, (SELECT psa_id FROM psa_pessoa WHERE psa_cli_id = (SELECT flo_id FROM flo_filiado WHERE flo_cpf = '07407080828')), '2018-10-21', null, null);
INSERT INTO dvo_divida_cobranca (dva_id, cba_id) VALUES ((SELECT max(dva_id) FROM dva_divida), (SELECT max(cba_id) FROM cba_cobranca));
INSERT INTO cbn_cobranca_evento_sindicato (cbn_descricao, prve_id, eve_id, evo_id, dva_id) VALUES ('Inscrição em evento', 3, 7304, 4, (SELECT max(dva_id) FROM dva_divida));
INSERT INTO pgo_pagamento (cba_id, psa_id, pgo_valor, pgo_situacao, pgo_data_pagamento, pgo_data_credito) VALUES ((SELECT max(cba_id) FROM cba_cobranca), (SELECT psa_id FROM psa_pessoa WHERE psa_cli_id = (SELECT flo_id FROM flo_filiado WHERE flo_cpf = '07407080828')), 50, 1, '2018-10-19', '2018-10-19');
INSERT INTO pga_pagamento_divida (dva_id, pgo_id, pga_valor) VALUES ((SELECT max(dva_id) FROM dva_divida), (SELECT max(pgo_id) FROM pgo_pagamento), 50);

INSERT INTO eve_evento_sindicato_participante (eve_id, evo_id, flo_id, eve_nome, eve_participante_telefone, eve_participante_email, eve_cpf, flo_id_responsavel, eve_presenca_confirmada, eve_data_deletado, eve_deletado)
VALUES (6945, 4, (SELECT flo_id FROM flo_filiado WHERE flo_cpf = '16874848801'), 'Ivone Cristine Franciulli', '11985260166', 'ivone@unnimax.com.br', '16874848801', (SELECT flo_id FROM flo_filiado WHERE flo_nome = 'Unnimax Consultoria E Gestão de Benefícios S/s Ltda'), 1, null, 2);
INSERT INTO dva_divida (psa_id_pagador, psa_id_destinatario, cmi_id, dvu_id, dva_valor, dva_valor_pago, dva_valor_acrescimo, dva_valor_desconto, dva_descricao, dvp_id, dva_data_vencimento_atual, dva_data_vencimento_inicial, dva_data_inicio_cobranca_mora, dva_data_cancelamento, dva_motivo_cancelamento, dva_cancelada, dva_tipo_cancelamento)
VALUES ((SELECT psa_id FROM psa_pessoa WHERE psa_cli_id = (SELECT flo_id FROM flo_filiado WHERE flo_cpf = '16874848801')), (SELECT psa_id FROM psa_pessoa WHERE psa_cli_id = (SELECT flo_id FROM flo_filiado WHERE flo_cpf = '16874848801')), 201810, 2, 50, 50, 0, 0, 'Inscrição em evento: Encontro Mensal - Novembro 2018', 14, '2018-10-11', '2018-10-11', '2018-10-12', null, null, 0, null);
INSERT INTO cba_cobranca (cba_situacao, cba_valor, cba_data_cadastro, cba_data_vencimento, cba_tipo_remessa, psa_id, cba_data_limite_recebimento, cba_motivo_cancelamento, cba_data_cancelamento)
VALUES (3, 50, '2018-10-10 15:08', '2018-10-11', 99, (SELECT psa_id FROM psa_pessoa WHERE psa_cli_id = (SELECT flo_id FROM flo_filiado WHERE flo_cpf = '16874848801')), '2018-10-12', null, null);
INSERT INTO dvo_divida_cobranca (dva_id, cba_id) VALUES ((SELECT max(dva_id) FROM dva_divida), (SELECT max(cba_id) FROM cba_cobranca));
INSERT INTO cbn_cobranca_evento_sindicato (cbn_descricao, prve_id, eve_id, evo_id, dva_id) VALUES ('Inscrição em evento', 3, 6945, 4, (SELECT max(dva_id) FROM dva_divida));
INSERT INTO pgo_pagamento (cba_id, psa_id, pgo_valor, pgo_situacao, pgo_data_pagamento, pgo_data_credito) VALUES ((SELECT max(cba_id) FROM cba_cobranca), (SELECT psa_id FROM psa_pessoa WHERE psa_cli_id = (SELECT flo_id FROM flo_filiado WHERE flo_cpf = '16874848801')), 50, 1, '2018-10-10', '2018-10-10');
INSERT INTO pga_pagamento_divida (dva_id, pgo_id, pga_valor) VALUES ((SELECT max(dva_id) FROM dva_divida), (SELECT max(pgo_id) FROM pgo_pagamento), 50);

INSERT INTO eve_evento_sindicato_participante (eve_id, evo_id, flo_id, eve_nome, eve_participante_telefone, eve_participante_email, eve_cpf, flo_id_responsavel, eve_presenca_confirmada, eve_data_deletado, eve_deletado)
VALUES (7140, 4, (SELECT flo_id FROM flo_filiado WHERE flo_cpf = '38457378830'), 'Joyce Cristine Mattoso da Silva', '11930011800', 'joyce.mattoso94@gmail.com', '38457378830', null, 2, null, 2);
INSERT INTO dva_divida (psa_id_pagador, psa_id_destinatario, cmi_id, dvu_id, dva_valor, dva_valor_pago, dva_valor_acrescimo, dva_valor_desconto, dva_descricao, dvp_id, dva_data_vencimento_atual, dva_data_vencimento_inicial, dva_data_inicio_cobranca_mora, dva_data_cancelamento, dva_motivo_cancelamento, dva_cancelada, dva_tipo_cancelamento)
VALUES ((SELECT psa_id FROM psa_pessoa WHERE psa_cli_id = (SELECT flo_id FROM flo_filiado WHERE flo_cpf = '38457378830')), (SELECT psa_id FROM psa_pessoa WHERE psa_cli_id = (SELECT flo_id FROM flo_filiado WHERE flo_cpf = '38457378830')), 201810, 1, 50, 0, 0, 0, 'Inscrição em evento: Encontro Mensal - Novembro 2018', 14, '2018-10-17', '2018-10-17', '2018-10-18', null, null, 0, null);
INSERT INTO cba_cobranca (cba_situacao, cba_valor, cba_data_cadastro, cba_data_vencimento, cba_tipo_remessa, psa_id, cba_data_limite_recebimento, cba_motivo_cancelamento, cba_data_cancelamento)
VALUES (1, 50, '2018-10-16 11:53', '2018-10-17', 99, (SELECT psa_id FROM psa_pessoa WHERE psa_cli_id = (SELECT flo_id FROM flo_filiado WHERE flo_cpf = '38457378830')), '2018-10-18', null, null);
INSERT INTO dvo_divida_cobranca (dva_id, cba_id) VALUES ((SELECT max(dva_id) FROM dva_divida), (SELECT max(cba_id) FROM cba_cobranca));
INSERT INTO cbn_cobranca_evento_sindicato (cbn_descricao, prve_id, eve_id, evo_id, dva_id) VALUES ('Inscrição em evento', 3, 7140, 4, (SELECT max(dva_id) FROM dva_divida));

INSERT INTO eve_evento_sindicato_participante (eve_id, evo_id, flo_id, eve_nome, eve_participante_telefone, eve_participante_email, eve_cpf, flo_id_responsavel, eve_presenca_confirmada, eve_data_deletado, eve_deletado)
VALUES (7215, 4, (SELECT flo_id FROM flo_filiado WHERE flo_cpf = '29768021810'), 'Karen Fernanda Yamaguchi', '11996827919', 'kayamaguchi@google.com', '29768021810', null, 2, null, 2);
INSERT INTO dva_divida (psa_id_pagador, psa_id_destinatario, cmi_id, dvu_id, dva_valor, dva_valor_pago, dva_valor_acrescimo, dva_valor_desconto, dva_descricao, dvp_id, dva_data_vencimento_atual, dva_data_vencimento_inicial, dva_data_inicio_cobranca_mora, dva_data_cancelamento, dva_motivo_cancelamento, dva_cancelada, dva_tipo_cancelamento)
VALUES ((SELECT psa_id FROM psa_pessoa WHERE psa_cli_id = (SELECT flo_id FROM flo_filiado WHERE flo_cpf = '29768021810')), (SELECT psa_id FROM psa_pessoa WHERE psa_cli_id = (SELECT flo_id FROM flo_filiado WHERE flo_cpf = '29768021810')), 201810, 1, 50, 0, 0, 0, 'Inscrição em evento: Encontro Mensal - Novembro 2018', 14, '2018-10-18', '2018-10-18', '2018-10-19', null, null, 0, null);
INSERT INTO cba_cobranca (cba_situacao, cba_valor, cba_data_cadastro, cba_data_vencimento, cba_tipo_remessa, psa_id, cba_data_limite_recebimento, cba_motivo_cancelamento, cba_data_cancelamento)
VALUES (1, 50, '2018-10-17 10:49', '2018-10-18', 99, (SELECT psa_id FROM psa_pessoa WHERE psa_cli_id = (SELECT flo_id FROM flo_filiado WHERE flo_cpf = '29768021810')), '2018-10-19', null, null);
INSERT INTO dvo_divida_cobranca (dva_id, cba_id) VALUES ((SELECT max(dva_id) FROM dva_divida), (SELECT max(cba_id) FROM cba_cobranca));
INSERT INTO cbn_cobranca_evento_sindicato (cbn_descricao, prve_id, eve_id, evo_id, dva_id) VALUES ('Inscrição em evento', 3, 7215, 4, (SELECT max(dva_id) FROM dva_divida));

INSERT INTO eve_evento_sindicato_participante (eve_id, evo_id, flo_id, eve_nome, eve_participante_telefone, eve_participante_email, eve_cpf, flo_id_responsavel, eve_presenca_confirmada, eve_data_deletado, eve_deletado)
VALUES (7004, 4, (SELECT flo_id FROM flo_filiado WHERE flo_cpf = '93550340753'), 'Karla Costa Kurtz', '21999715341', 'karlakurtz4572@gmail.com', '93550340753', null, 1, null, 2);
INSERT INTO dva_divida (psa_id_pagador, psa_id_destinatario, cmi_id, dvu_id, dva_valor, dva_valor_pago, dva_valor_acrescimo, dva_valor_desconto, dva_descricao, dvp_id, dva_data_vencimento_atual, dva_data_vencimento_inicial, dva_data_inicio_cobranca_mora, dva_data_cancelamento, dva_motivo_cancelamento, dva_cancelada, dva_tipo_cancelamento)
VALUES ((SELECT psa_id FROM psa_pessoa WHERE psa_cli_id = (SELECT flo_id FROM flo_filiado WHERE flo_cpf = '93550340753')), (SELECT psa_id FROM psa_pessoa WHERE psa_cli_id = (SELECT flo_id FROM flo_filiado WHERE flo_cpf = '93550340753')), 201810, 2, 50, 0, 0, 50, 'Inscrição em evento: Encontro Mensal - Novembro 2018', 14, '2018-10-13', '2018-10-13', '2018-10-14', null, null, 0, null);
INSERT INTO cba_cobranca (cba_situacao, cba_valor, cba_data_cadastro, cba_data_vencimento, cba_tipo_remessa, psa_id, cba_data_limite_recebimento, cba_motivo_cancelamento, cba_data_cancelamento)
VALUES (4, 50, '2018-10-12 10:36', '2018-10-13', 99, (SELECT psa_id FROM psa_pessoa WHERE psa_cli_id = (SELECT flo_id FROM flo_filiado WHERE flo_cpf = '93550340753')), '2018-10-14', 'Concessão de isenção', '2018-10-12 10:36');
INSERT INTO dvo_divida_cobranca (dva_id, cba_id) VALUES ((SELECT max(dva_id) FROM dva_divida), (SELECT max(cba_id) FROM cba_cobranca));
INSERT INTO dvt_divida_desconto (dva_id, dvt_valor, dvt_descricao, dvt_data_cadastro) VALUES ((SELECT max(dva_id) FROM dva_divida), 50, 'Concessão de isenção', '2018-10-12 10:36');
INSERT INTO cbn_cobranca_evento_sindicato (cbn_descricao, prve_id, eve_id, evo_id, dva_id) VALUES ('Inscrição em evento', 3, 7004, 4, (SELECT max(dva_id) FROM dva_divida));

INSERT INTO eve_evento_sindicato_participante (eve_id, evo_id, flo_id, eve_nome, eve_participante_telefone, eve_participante_email, eve_cpf, flo_id_responsavel, eve_presenca_confirmada, eve_data_deletado, eve_deletado)
VALUES (7217, 4, (SELECT flo_id FROM flo_filiado WHERE flo_cpf = '32188917871'), 'Keila Silva de Andrade', '11980451839', 'keila.sv.andrade@gmail.com', '32188917871', 169621, 1, null, 2);
INSERT INTO dva_divida (psa_id_pagador, psa_id_destinatario, cmi_id, dvu_id, dva_valor, dva_valor_pago, dva_valor_acrescimo, dva_valor_desconto, dva_descricao, dvp_id, dva_data_vencimento_atual, dva_data_vencimento_inicial, dva_data_inicio_cobranca_mora, dva_data_cancelamento, dva_motivo_cancelamento, dva_cancelada, dva_tipo_cancelamento)
VALUES ((SELECT psa_id FROM psa_pessoa WHERE psa_cli_id = (SELECT flo_id FROM flo_filiado WHERE flo_cpf = '32188917871')), (SELECT psa_id FROM psa_pessoa WHERE psa_cli_id = (SELECT flo_id FROM flo_filiado WHERE flo_cpf = '32188917871')), 201810, 2, 50, 50, 0, 0, 'Inscrição em evento: Encontro Mensal - Novembro 2018', 14, '2018-10-18', '2018-10-18', '2018-10-19', null, null, 0, null);
INSERT INTO cba_cobranca (cba_situacao, cba_valor, cba_data_cadastro, cba_data_vencimento, cba_tipo_remessa, psa_id, cba_data_limite_recebimento, cba_motivo_cancelamento, cba_data_cancelamento)
VALUES (3, 50, '2018-10-17 11:46', '2018-10-18', 99, (SELECT psa_id FROM psa_pessoa WHERE psa_cli_id = (SELECT flo_id FROM flo_filiado WHERE flo_cpf = '32188917871')), '2018-10-19', null, null);
INSERT INTO dvo_divida_cobranca (dva_id, cba_id) VALUES ((SELECT max(dva_id) FROM dva_divida), (SELECT max(cba_id) FROM cba_cobranca));
INSERT INTO cbn_cobranca_evento_sindicato (cbn_descricao, prve_id, eve_id, evo_id, dva_id) VALUES ('Inscrição em evento', 3, 7217, 4, (SELECT max(dva_id) FROM dva_divida));
INSERT INTO pgo_pagamento (cba_id, psa_id, pgo_valor, pgo_situacao, pgo_data_pagamento, pgo_data_credito) VALUES ((SELECT max(cba_id) FROM cba_cobranca), (SELECT psa_id FROM psa_pessoa WHERE psa_cli_id = (SELECT flo_id FROM flo_filiado WHERE flo_cpf = '32188917871')), 50, 1, '2018-10-17', '2018-10-17');
INSERT INTO pga_pagamento_divida (dva_id, pgo_id, pga_valor) VALUES ((SELECT max(dva_id) FROM dva_divida), (SELECT max(pgo_id) FROM pgo_pagamento), 50);

INSERT INTO eve_evento_sindicato_participante (eve_id, evo_id, flo_id, eve_nome, eve_participante_telefone, eve_participante_email, eve_cpf, flo_id_responsavel, eve_presenca_confirmada, eve_data_deletado, eve_deletado)
VALUES (7469, 4, (SELECT flo_id FROM flo_filiado WHERE flo_cpf = '31633892875'), 'Leticia Gonçalves Mota Pereira', '11970311468', 'leticia.mota@portoseguro.com.br', '31633892875', null, 1, null, 2);
INSERT INTO dva_divida (psa_id_pagador, psa_id_destinatario, cmi_id, dvu_id, dva_valor, dva_valor_pago, dva_valor_acrescimo, dva_valor_desconto, dva_descricao, dvp_id, dva_data_vencimento_atual, dva_data_vencimento_inicial, dva_data_inicio_cobranca_mora, dva_data_cancelamento, dva_motivo_cancelamento, dva_cancelada, dva_tipo_cancelamento)
VALUES ((SELECT psa_id FROM psa_pessoa WHERE psa_cli_id = (SELECT flo_id FROM flo_filiado WHERE flo_cpf = '31633892875')), (SELECT psa_id FROM psa_pessoa WHERE psa_cli_id = (SELECT flo_id FROM flo_filiado WHERE flo_cpf = '31633892875')), 201810, 2, 50, 0, 0, 50, 'Inscrição em evento: Encontro Mensal - Novembro 2018', 14, '2018-10-24', '2018-10-24', '2018-10-25', null, null, 0, null);
INSERT INTO cba_cobranca (cba_situacao, cba_valor, cba_data_cadastro, cba_data_vencimento, cba_tipo_remessa, psa_id, cba_data_limite_recebimento, cba_motivo_cancelamento, cba_data_cancelamento)
VALUES (4, 50, '2018-10-23 12:50', '2018-10-24', 99, (SELECT psa_id FROM psa_pessoa WHERE psa_cli_id = (SELECT flo_id FROM flo_filiado WHERE flo_cpf = '31633892875')), '2018-10-25', 'Concessão de isenção', '2018-10-23 12:50');
INSERT INTO dvo_divida_cobranca (dva_id, cba_id) VALUES ((SELECT max(dva_id) FROM dva_divida), (SELECT max(cba_id) FROM cba_cobranca));
INSERT INTO dvt_divida_desconto (dva_id, dvt_valor, dvt_descricao, dvt_data_cadastro) VALUES ((SELECT max(dva_id) FROM dva_divida), 50, 'Concessão de isenção', '2018-10-23 12:50');
INSERT INTO cbn_cobranca_evento_sindicato (cbn_descricao, prve_id, eve_id, evo_id, dva_id) VALUES ('Inscrição em evento', 3, 7469, 4, (SELECT max(dva_id) FROM dva_divida));

INSERT INTO eve_evento_sindicato_participante (eve_id, evo_id, flo_id, eve_nome, eve_participante_telefone, eve_participante_email, eve_cpf, flo_id_responsavel, eve_presenca_confirmada, eve_data_deletado, eve_deletado)
VALUES (7234, 4, (SELECT flo_id FROM flo_filiado WHERE flo_cpf = '42409224881'), 'Leticia Ribeiro da Silva Lima', '11970232237', 'marketing@vsegura.com.br', '42409224881', (SELECT flo_id FROM flo_filiado WHERE flo_nome = 'Vida Segura'), 1, null, 2);
INSERT INTO dva_divida (psa_id_pagador, psa_id_destinatario, cmi_id, dvu_id, dva_valor, dva_valor_pago, dva_valor_acrescimo, dva_valor_desconto, dva_descricao, dvp_id, dva_data_vencimento_atual, dva_data_vencimento_inicial, dva_data_inicio_cobranca_mora, dva_data_cancelamento, dva_motivo_cancelamento, dva_cancelada, dva_tipo_cancelamento)
VALUES ((SELECT psa_id FROM psa_pessoa WHERE psa_cli_id = (SELECT flo_id FROM flo_filiado WHERE flo_cpf = '42409224881')), (SELECT psa_id FROM psa_pessoa WHERE psa_cli_id = (SELECT flo_id FROM flo_filiado WHERE flo_cpf = '42409224881')), 201810, 2, 50, 50, 0, 0, 'Inscrição em evento: Encontro Mensal - Novembro 2018', 14, '2018-10-18', '2018-10-18', '2018-10-19', null, null, 0, null);
INSERT INTO cba_cobranca (cba_situacao, cba_valor, cba_data_cadastro, cba_data_vencimento, cba_tipo_remessa, psa_id, cba_data_limite_recebimento, cba_motivo_cancelamento, cba_data_cancelamento)
VALUES (3, 50, '2018-10-17 15:45', '2018-10-18', 99, (SELECT psa_id FROM psa_pessoa WHERE psa_cli_id = (SELECT flo_id FROM flo_filiado WHERE flo_cpf = '42409224881')), '2018-10-19', null, null);
INSERT INTO dvo_divida_cobranca (dva_id, cba_id) VALUES ((SELECT max(dva_id) FROM dva_divida), (SELECT max(cba_id) FROM cba_cobranca));
INSERT INTO cbn_cobranca_evento_sindicato (cbn_descricao, prve_id, eve_id, evo_id, dva_id) VALUES ('Inscrição em evento', 3, 7234, 4, (SELECT max(dva_id) FROM dva_divida));
INSERT INTO pgo_pagamento (cba_id, psa_id, pgo_valor, pgo_situacao, pgo_data_pagamento, pgo_data_credito) VALUES ((SELECT max(cba_id) FROM cba_cobranca), (SELECT psa_id FROM psa_pessoa WHERE psa_cli_id = (SELECT flo_id FROM flo_filiado WHERE flo_cpf = '42409224881')), 50, 1, '2018-10-17', '2018-10-17');
INSERT INTO pga_pagamento_divida (dva_id, pgo_id, pga_valor) VALUES ((SELECT max(dva_id) FROM dva_divida), (SELECT max(pgo_id) FROM pgo_pagamento), 50);

INSERT INTO eve_evento_sindicato_participante (eve_id, evo_id, flo_id, eve_nome, eve_participante_telefone, eve_participante_email, eve_cpf, flo_id_responsavel, eve_presenca_confirmada, eve_data_deletado, eve_deletado)
VALUES (7397, 4, (SELECT flo_id FROM flo_filiado WHERE flo_cpf = '19122810668'), 'Lidia Izabel Macedo', '11997651612', 'lidiamacedo@outlook.com', '19122810668', null, 1, null, 2);
INSERT INTO dva_divida (psa_id_pagador, psa_id_destinatario, cmi_id, dvu_id, dva_valor, dva_valor_pago, dva_valor_acrescimo, dva_valor_desconto, dva_descricao, dvp_id, dva_data_vencimento_atual, dva_data_vencimento_inicial, dva_data_inicio_cobranca_mora, dva_data_cancelamento, dva_motivo_cancelamento, dva_cancelada, dva_tipo_cancelamento)
VALUES ((SELECT psa_id FROM psa_pessoa WHERE psa_cli_id = (SELECT flo_id FROM flo_filiado WHERE flo_cpf = '19122810668')), (SELECT psa_id FROM psa_pessoa WHERE psa_cli_id = (SELECT flo_id FROM flo_filiado WHERE flo_cpf = '19122810668')), 201810, 2, 50, 50, 0, 0, 'Inscrição em evento: Encontro Mensal - Novembro 2018', 14, '2018-10-23', '2018-10-23', '2018-10-24', null, null, 0, null);
INSERT INTO cba_cobranca (cba_situacao, cba_valor, cba_data_cadastro, cba_data_vencimento, cba_tipo_remessa, psa_id, cba_data_limite_recebimento, cba_motivo_cancelamento, cba_data_cancelamento)
VALUES (3, 50, '2018-10-22 12:00', '2018-10-23', 99, (SELECT psa_id FROM psa_pessoa WHERE psa_cli_id = (SELECT flo_id FROM flo_filiado WHERE flo_cpf = '19122810668')), '2018-10-24', null, null);
INSERT INTO dvo_divida_cobranca (dva_id, cba_id) VALUES ((SELECT max(dva_id) FROM dva_divida), (SELECT max(cba_id) FROM cba_cobranca));
INSERT INTO cbn_cobranca_evento_sindicato (cbn_descricao, prve_id, eve_id, evo_id, dva_id) VALUES ('Inscrição em evento', 3, 7397, 4, (SELECT max(dva_id) FROM dva_divida));
INSERT INTO pgo_pagamento (cba_id, psa_id, pgo_valor, pgo_situacao, pgo_data_pagamento, pgo_data_credito) VALUES ((SELECT max(cba_id) FROM cba_cobranca), (SELECT psa_id FROM psa_pessoa WHERE psa_cli_id = (SELECT flo_id FROM flo_filiado WHERE flo_cpf = '19122810668')), 50, 1, '2018-10-22', '2018-10-22');
INSERT INTO pga_pagamento_divida (dva_id, pgo_id, pga_valor) VALUES ((SELECT max(dva_id) FROM dva_divida), (SELECT max(pgo_id) FROM pgo_pagamento), 50);

INSERT INTO eve_evento_sindicato_participante (eve_id, evo_id, flo_id, eve_nome, eve_participante_telefone, eve_participante_email, eve_cpf, flo_id_responsavel, eve_presenca_confirmada, eve_data_deletado, eve_deletado)
VALUES (8051, 4, (SELECT flo_id FROM flo_filiado WHERE flo_cpf = '92144748853'), 'Ligia Antunes', '11942015661', 'ligiaapf@cgpbrasil.com', '92144748853', null, 2, '2018-11-06 07:58', 1);
INSERT INTO dva_divida (psa_id_pagador, psa_id_destinatario, cmi_id, dvu_id, dva_valor, dva_valor_pago, dva_valor_acrescimo, dva_valor_desconto, dva_descricao, dvp_id, dva_data_vencimento_atual, dva_data_vencimento_inicial, dva_data_inicio_cobranca_mora, dva_data_cancelamento, dva_motivo_cancelamento, dva_cancelada, dva_tipo_cancelamento)
VALUES ((SELECT psa_id FROM psa_pessoa WHERE psa_cli_id = (SELECT flo_id FROM flo_filiado WHERE flo_cpf = '92144748853')), (SELECT psa_id FROM psa_pessoa WHERE psa_cli_id = (SELECT flo_id FROM flo_filiado WHERE flo_cpf = '92144748853')), 201811, 1, 50, 0, 0, 0, 'Inscrição em evento: Encontro Mensal - Novembro 2018', 14, '2018-11-07', '2018-11-07', '2018-11-08', '2018-11-06 07:58', 'Inscrição Cancelada', 1, 1);
INSERT INTO cba_cobranca (cba_situacao, cba_valor, cba_data_cadastro, cba_data_vencimento, cba_tipo_remessa, psa_id, cba_data_limite_recebimento, cba_motivo_cancelamento, cba_data_cancelamento)
VALUES (4, 50, '2018-11-06 07:58', '2018-11-07', 99, (SELECT psa_id FROM psa_pessoa WHERE psa_cli_id = (SELECT flo_id FROM flo_filiado WHERE flo_cpf = '92144748853')), '2018-11-08', 'Inscrição Cancelada', '2018-11-06 07:58');
INSERT INTO dvo_divida_cobranca (dva_id, cba_id) VALUES ((SELECT max(dva_id) FROM dva_divida), (SELECT max(cba_id) FROM cba_cobranca));

INSERT INTO eve_evento_sindicato_participante (eve_id, evo_id, flo_id, eve_nome, eve_participante_telefone, eve_participante_email, eve_cpf, flo_id_responsavel, eve_presenca_confirmada, eve_data_deletado, eve_deletado)
VALUES (6820, 4, (SELECT flo_id FROM flo_filiado WHERE flo_cpf = '27814707838'), 'Lilian Tomita', '11988501731', 'contato@liliantomita.com.br', '27814707838', null, 2, null, 2);
INSERT INTO dva_divida (psa_id_pagador, psa_id_destinatario, cmi_id, dvu_id, dva_valor, dva_valor_pago, dva_valor_acrescimo, dva_valor_desconto, dva_descricao, dvp_id, dva_data_vencimento_atual, dva_data_vencimento_inicial, dva_data_inicio_cobranca_mora, dva_data_cancelamento, dva_motivo_cancelamento, dva_cancelada, dva_tipo_cancelamento)
VALUES ((SELECT psa_id FROM psa_pessoa WHERE psa_cli_id = (SELECT flo_id FROM flo_filiado WHERE flo_cpf = '27814707838')), (SELECT psa_id FROM psa_pessoa WHERE psa_cli_id = (SELECT flo_id FROM flo_filiado WHERE flo_cpf = '27814707838')), 201810, 1, 50, 0, 0, 0, 'Inscrição em evento: Encontro Mensal - Novembro 2018', 14, '2018-10-07', '2018-10-07', '2018-10-08', null, null, 0, null);
INSERT INTO cba_cobranca (cba_situacao, cba_valor, cba_data_cadastro, cba_data_vencimento, cba_tipo_remessa, psa_id, cba_data_limite_recebimento, cba_motivo_cancelamento, cba_data_cancelamento)
VALUES (1, 50, '2018-10-06 12:10', '2018-10-07', 99, (SELECT psa_id FROM psa_pessoa WHERE psa_cli_id = (SELECT flo_id FROM flo_filiado WHERE flo_cpf = '27814707838')), '2018-10-08', null, null);
INSERT INTO dvo_divida_cobranca (dva_id, cba_id) VALUES ((SELECT max(dva_id) FROM dva_divida), (SELECT max(cba_id) FROM cba_cobranca));
INSERT INTO cbn_cobranca_evento_sindicato (cbn_descricao, prve_id, eve_id, evo_id, dva_id) VALUES ('Inscrição em evento', 3, 6820, 4, (SELECT max(dva_id) FROM dva_divida));

INSERT INTO eve_evento_sindicato_participante (eve_id, evo_id, flo_id, eve_nome, eve_participante_telefone, eve_participante_email, eve_cpf, flo_id_responsavel, eve_presenca_confirmada, eve_data_deletado, eve_deletado)
VALUES (5771, 4, (SELECT flo_id FROM flo_filiado WHERE flo_cpf = '42346569844'), 'Luana Gama de Mouras', '11986246170', 'ppqv@vsegura.com.br', '42346569844', (SELECT flo_id FROM flo_filiado WHERE flo_nome = 'Vida Segura'), 1, null, 2);

INSERT INTO eve_evento_sindicato_participante (eve_id, evo_id, flo_id, eve_nome, eve_participante_telefone, eve_participante_email, eve_cpf, flo_id_responsavel, eve_presenca_confirmada, eve_data_deletado, eve_deletado)
VALUES (8034, 4, (SELECT flo_id FROM flo_filiado WHERE flo_cpf = '07181185888'), 'Lucia Tobase', '11995250471', 'luciatobase@gmail.com', '07181185888', null, 1, null, 2);
INSERT INTO dva_divida (psa_id_pagador, psa_id_destinatario, cmi_id, dvu_id, dva_valor, dva_valor_pago, dva_valor_acrescimo, dva_valor_desconto, dva_descricao, dvp_id, dva_data_vencimento_atual, dva_data_vencimento_inicial, dva_data_inicio_cobranca_mora, dva_data_cancelamento, dva_motivo_cancelamento, dva_cancelada, dva_tipo_cancelamento)
VALUES ((SELECT psa_id FROM psa_pessoa WHERE psa_cli_id = (SELECT flo_id FROM flo_filiado WHERE flo_cpf = '07181185888')), (SELECT psa_id FROM psa_pessoa WHERE psa_cli_id = (SELECT flo_id FROM flo_filiado WHERE flo_cpf = '07181185888')), 201811, 2, 50, 0, 0, 50, 'Inscrição em evento: Encontro Mensal - Novembro 2018', 14, '2018-11-06', '2018-11-06', '2018-11-07', null, null, 0, null);
INSERT INTO cba_cobranca (cba_situacao, cba_valor, cba_data_cadastro, cba_data_vencimento, cba_tipo_remessa, psa_id, cba_data_limite_recebimento, cba_motivo_cancelamento, cba_data_cancelamento)
VALUES (4, 50, '2018-11-05 19:30', '2018-11-06', 99, (SELECT psa_id FROM psa_pessoa WHERE psa_cli_id = (SELECT flo_id FROM flo_filiado WHERE flo_cpf = '07181185888')), '2018-11-07', 'Concessão de isenção', '2018-11-05 19:30');
INSERT INTO dvo_divida_cobranca (dva_id, cba_id) VALUES ((SELECT max(dva_id) FROM dva_divida), (SELECT max(cba_id) FROM cba_cobranca));
INSERT INTO dvt_divida_desconto (dva_id, dvt_valor, dvt_descricao, dvt_data_cadastro) VALUES ((SELECT max(dva_id) FROM dva_divida), 50, 'Concessão de isenção', '2018-11-05 19:30');
INSERT INTO cbn_cobranca_evento_sindicato (cbn_descricao, prve_id, eve_id, evo_id, dva_id) VALUES ('Inscrição em evento', 3, 8034, 4, (SELECT max(dva_id) FROM dva_divida));

INSERT INTO eve_evento_sindicato_participante (eve_id, evo_id, flo_id, eve_nome, eve_participante_telefone, eve_participante_email, eve_cpf, flo_id_responsavel, eve_presenca_confirmada, eve_data_deletado, eve_deletado)
VALUES (7185, 4, (SELECT flo_id FROM flo_filiado WHERE flo_cpf = '26679632889'), 'Luciane da Silva Xavier', '11966232626', 'lucianesantos@deloitte.com', '26679632889', null, 2, null, 2);
INSERT INTO dva_divida (psa_id_pagador, psa_id_destinatario, cmi_id, dvu_id, dva_valor, dva_valor_pago, dva_valor_acrescimo, dva_valor_desconto, dva_descricao, dvp_id, dva_data_vencimento_atual, dva_data_vencimento_inicial, dva_data_inicio_cobranca_mora, dva_data_cancelamento, dva_motivo_cancelamento, dva_cancelada, dva_tipo_cancelamento)
VALUES ((SELECT psa_id FROM psa_pessoa WHERE psa_cli_id = (SELECT flo_id FROM flo_filiado WHERE flo_cpf = '26679632889')), (SELECT psa_id FROM psa_pessoa WHERE psa_cli_id = (SELECT flo_id FROM flo_filiado WHERE flo_cpf = '26679632889')), 201810, 1, 50, 0, 0, 0, 'Inscrição em evento: Encontro Mensal - Novembro 2018', 14, '2018-10-17', '2018-10-17', '2018-10-18', null, null, 0, null);
INSERT INTO cba_cobranca (cba_situacao, cba_valor, cba_data_cadastro, cba_data_vencimento, cba_tipo_remessa, psa_id, cba_data_limite_recebimento, cba_motivo_cancelamento, cba_data_cancelamento)
VALUES (1, 50, '2018-10-16 19:49', '2018-10-17', 99, (SELECT psa_id FROM psa_pessoa WHERE psa_cli_id = (SELECT flo_id FROM flo_filiado WHERE flo_cpf = '26679632889')), '2018-10-18', null, null);
INSERT INTO dvo_divida_cobranca (dva_id, cba_id) VALUES ((SELECT max(dva_id) FROM dva_divida), (SELECT max(cba_id) FROM cba_cobranca));
INSERT INTO cbn_cobranca_evento_sindicato (cbn_descricao, prve_id, eve_id, evo_id, dva_id) VALUES ('Inscrição em evento', 3, 7185, 4, (SELECT max(dva_id) FROM dva_divida));

INSERT INTO eve_evento_sindicato_participante (eve_id, evo_id, flo_id, eve_nome, eve_participante_telefone, eve_participante_email, eve_cpf, flo_id_responsavel, eve_presenca_confirmada, eve_data_deletado, eve_deletado)
VALUES (7877, 4, (SELECT flo_id FROM flo_filiado WHERE flo_cpf = '04197554893'), 'Maria Das Graças Batista Florencio', '11999510922', 'GRACA@MEGATONSEGUROS.COM.BR', '04197554893', null, 2, null, 2);
INSERT INTO dva_divida (psa_id_pagador, psa_id_destinatario, cmi_id, dvu_id, dva_valor, dva_valor_pago, dva_valor_acrescimo, dva_valor_desconto, dva_descricao, dvp_id, dva_data_vencimento_atual, dva_data_vencimento_inicial, dva_data_inicio_cobranca_mora, dva_data_cancelamento, dva_motivo_cancelamento, dva_cancelada, dva_tipo_cancelamento)
VALUES ((SELECT psa_id FROM psa_pessoa WHERE psa_cli_id = (SELECT flo_id FROM flo_filiado WHERE flo_cpf = '04197554893')), (SELECT psa_id FROM psa_pessoa WHERE psa_cli_id = (SELECT flo_id FROM flo_filiado WHERE flo_cpf = '04197554893')), 201810, 1, 50, 0, 0, 0, 'Inscrição em evento: Encontro Mensal - Novembro 2018', 14, '2018-11-01', '2018-11-01', '2018-11-02', null, null, 0, null);
INSERT INTO cba_cobranca (cba_situacao, cba_valor, cba_data_cadastro, cba_data_vencimento, cba_tipo_remessa, psa_id, cba_data_limite_recebimento, cba_motivo_cancelamento, cba_data_cancelamento)
VALUES (1, 50, '2018-10-31 10:23', '2018-11-01', 99, (SELECT psa_id FROM psa_pessoa WHERE psa_cli_id = (SELECT flo_id FROM flo_filiado WHERE flo_cpf = '04197554893')), '2018-11-02', null, null);
INSERT INTO dvo_divida_cobranca (dva_id, cba_id) VALUES ((SELECT max(dva_id) FROM dva_divida), (SELECT max(cba_id) FROM cba_cobranca));
INSERT INTO cbn_cobranca_evento_sindicato (cbn_descricao, prve_id, eve_id, evo_id, dva_id) VALUES ('Inscrição em evento', 3, 7877, 4, (SELECT max(dva_id) FROM dva_divida));

INSERT INTO eve_evento_sindicato_participante (eve_id, evo_id, flo_id, eve_nome, eve_participante_telefone, eve_participante_email, eve_cpf, flo_id_responsavel, eve_presenca_confirmada, eve_data_deletado, eve_deletado)
VALUES (6888, 4, (SELECT flo_id FROM flo_filiado WHERE flo_cpf = '13142334831'), 'Marta Figueiredo Moreno', '11991965196', 'martamoreno@natura.net', '13142334831', null, 2, null, 2);
INSERT INTO dva_divida (psa_id_pagador, psa_id_destinatario, cmi_id, dvu_id, dva_valor, dva_valor_pago, dva_valor_acrescimo, dva_valor_desconto, dva_descricao, dvp_id, dva_data_vencimento_atual, dva_data_vencimento_inicial, dva_data_inicio_cobranca_mora, dva_data_cancelamento, dva_motivo_cancelamento, dva_cancelada, dva_tipo_cancelamento)
VALUES ((SELECT psa_id FROM psa_pessoa WHERE psa_cli_id = (SELECT flo_id FROM flo_filiado WHERE flo_cpf = '13142334831')), (SELECT psa_id FROM psa_pessoa WHERE psa_cli_id = (SELECT flo_id FROM flo_filiado WHERE flo_cpf = '13142334831')), 201810, 1, 50, 0, 0, 0, 'Inscrição em evento: Encontro Mensal - Novembro 2018', 14, '2018-10-10', '2018-10-10', '2018-10-11', null, null, 0, null);
INSERT INTO cba_cobranca (cba_situacao, cba_valor, cba_data_cadastro, cba_data_vencimento, cba_tipo_remessa, psa_id, cba_data_limite_recebimento, cba_motivo_cancelamento, cba_data_cancelamento)
VALUES (1, 50, '2018-10-09 09:12', '2018-10-10', 99, (SELECT psa_id FROM psa_pessoa WHERE psa_cli_id = (SELECT flo_id FROM flo_filiado WHERE flo_cpf = '13142334831')), '2018-10-11', null, null);
INSERT INTO dvo_divida_cobranca (dva_id, cba_id) VALUES ((SELECT max(dva_id) FROM dva_divida), (SELECT max(cba_id) FROM cba_cobranca));
INSERT INTO cbn_cobranca_evento_sindicato (cbn_descricao, prve_id, eve_id, evo_id, dva_id) VALUES ('Inscrição em evento', 3, 6888, 4, (SELECT max(dva_id) FROM dva_divida));

INSERT INTO eve_evento_sindicato_participante (eve_id, evo_id, flo_id, eve_nome, eve_participante_telefone, eve_participante_email, eve_cpf, flo_id_responsavel, eve_presenca_confirmada, eve_data_deletado, eve_deletado)
VALUES (6896, 4, (SELECT flo_id FROM flo_filiado WHERE flo_cpf = '26450113812'), 'Melina Cury Haddad', '11956088388', 'mhaddad@careplus.com.br', '26450113812', 169257, 1, null, 2);
INSERT INTO dva_divida (psa_id_pagador, psa_id_destinatario, cmi_id, dvu_id, dva_valor, dva_valor_pago, dva_valor_acrescimo, dva_valor_desconto, dva_descricao, dvp_id, dva_data_vencimento_atual, dva_data_vencimento_inicial, dva_data_inicio_cobranca_mora, dva_data_cancelamento, dva_motivo_cancelamento, dva_cancelada, dva_tipo_cancelamento)
VALUES ((SELECT psa_id FROM psa_pessoa WHERE psa_cli_id = (SELECT flo_id FROM flo_filiado WHERE flo_cpf = '26450113812')), (SELECT psa_id FROM psa_pessoa WHERE psa_cli_id = (SELECT flo_id FROM flo_filiado WHERE flo_cpf = '26450113812')), 201810, 2, 50, 50, 0, 0, 'Inscrição em evento: Encontro Mensal - Novembro 2018', 14, '2018-10-10', '2018-10-10', '2018-10-11', null, null, 0, null);
INSERT INTO cba_cobranca (cba_situacao, cba_valor, cba_data_cadastro, cba_data_vencimento, cba_tipo_remessa, psa_id, cba_data_limite_recebimento, cba_motivo_cancelamento, cba_data_cancelamento)
VALUES (3, 50, '2018-10-09 09:53', '2018-10-10', 99, (SELECT psa_id FROM psa_pessoa WHERE psa_cli_id = (SELECT flo_id FROM flo_filiado WHERE flo_cpf = '26450113812')), '2018-10-11', null, null);
INSERT INTO dvo_divida_cobranca (dva_id, cba_id) VALUES ((SELECT max(dva_id) FROM dva_divida), (SELECT max(cba_id) FROM cba_cobranca));
INSERT INTO cbn_cobranca_evento_sindicato (cbn_descricao, prve_id, eve_id, evo_id, dva_id) VALUES ('Inscrição em evento', 3, 6896, 4, (SELECT max(dva_id) FROM dva_divida));
INSERT INTO pgo_pagamento (cba_id, psa_id, pgo_valor, pgo_situacao, pgo_data_pagamento, pgo_data_credito) VALUES ((SELECT max(cba_id) FROM cba_cobranca), (SELECT psa_id FROM psa_pessoa WHERE psa_cli_id = (SELECT flo_id FROM flo_filiado WHERE flo_cpf = '26450113812')), 50, 1, '2018-10-09', '2018-10-09');
INSERT INTO pga_pagamento_divida (dva_id, pgo_id, pga_valor) VALUES ((SELECT max(dva_id) FROM dva_divida), (SELECT max(pgo_id) FROM pgo_pagamento), 50);

INSERT INTO eve_evento_sindicato_participante (eve_id, evo_id, flo_id, eve_nome, eve_participante_telefone, eve_participante_email, eve_cpf, flo_id_responsavel, eve_presenca_confirmada, eve_data_deletado, eve_deletado)
VALUES (7352, 4, (SELECT flo_id FROM flo_filiado WHERE flo_cpf = '69157596891'), 'Nelson Guedes', '11984013637', 'nelson@educathus.com.br', '69157596891', null, 1, null, 2);
INSERT INTO dva_divida (psa_id_pagador, psa_id_destinatario, cmi_id, dvu_id, dva_valor, dva_valor_pago, dva_valor_acrescimo, dva_valor_desconto, dva_descricao, dvp_id, dva_data_vencimento_atual, dva_data_vencimento_inicial, dva_data_inicio_cobranca_mora, dva_data_cancelamento, dva_motivo_cancelamento, dva_cancelada, dva_tipo_cancelamento)
VALUES ((SELECT psa_id FROM psa_pessoa WHERE psa_cli_id = (SELECT flo_id FROM flo_filiado WHERE flo_cpf = '69157596891')), (SELECT psa_id FROM psa_pessoa WHERE psa_cli_id = (SELECT flo_id FROM flo_filiado WHERE flo_cpf = '69157596891')), 201810, 2, 50, 0, 0, 50, 'Inscrição em evento: Encontro Mensal - Novembro 2018', 14, '2018-10-21', '2018-10-21', '2018-10-22', null, null, 0, null);
INSERT INTO cba_cobranca (cba_situacao, cba_valor, cba_data_cadastro, cba_data_vencimento, cba_tipo_remessa, psa_id, cba_data_limite_recebimento, cba_motivo_cancelamento, cba_data_cancelamento)
VALUES (4, 50, '2018-10-20 13:02', '2018-10-21', 99, (SELECT psa_id FROM psa_pessoa WHERE psa_cli_id = (SELECT flo_id FROM flo_filiado WHERE flo_cpf = '69157596891')), '2018-10-22', 'Concessão de isenção', '2018-10-20 13:02');
INSERT INTO dvo_divida_cobranca (dva_id, cba_id) VALUES ((SELECT max(dva_id) FROM dva_divida), (SELECT max(cba_id) FROM cba_cobranca));
INSERT INTO dvt_divida_desconto (dva_id, dvt_valor, dvt_descricao, dvt_data_cadastro) VALUES ((SELECT max(dva_id) FROM dva_divida), 50, 'Concessão de isenção', '2018-10-20 13:02');
INSERT INTO cbn_cobranca_evento_sindicato (cbn_descricao, prve_id, eve_id, evo_id, dva_id) VALUES ('Inscrição em evento', 3, 7352, 4, (SELECT max(dva_id) FROM dva_divida));

INSERT INTO eve_evento_sindicato_participante (eve_id, evo_id, flo_id, eve_nome, eve_participante_telefone, eve_participante_email, eve_cpf, flo_id_responsavel, eve_presenca_confirmada, eve_data_deletado, eve_deletado)
VALUES (7905, 4, (SELECT flo_id FROM flo_filiado WHERE flo_cpf = '32195131829'), 'Paloma B Costa', '11989766532', 'paloma.costa@jdecoffee.com', '32195131829', 169483, 1, null, 2);
INSERT INTO dva_divida (psa_id_pagador, psa_id_destinatario, cmi_id, dvu_id, dva_valor, dva_valor_pago, dva_valor_acrescimo, dva_valor_desconto, dva_descricao, dvp_id, dva_data_vencimento_atual, dva_data_vencimento_inicial, dva_data_inicio_cobranca_mora, dva_data_cancelamento, dva_motivo_cancelamento, dva_cancelada, dva_tipo_cancelamento)
VALUES ((SELECT psa_id FROM psa_pessoa WHERE psa_cli_id = (SELECT flo_id FROM flo_filiado WHERE flo_cpf = '32195131829')), (SELECT psa_id FROM psa_pessoa WHERE psa_cli_id = (SELECT flo_id FROM flo_filiado WHERE flo_cpf = '32195131829')), 201810, 2, 50, 50, 0, 0, 'Inscrição em evento: Encontro Mensal - Novembro 2018', 14, '2018-11-01', '2018-11-01', '2018-11-02', null, null, 0, null);
INSERT INTO cba_cobranca (cba_situacao, cba_valor, cba_data_cadastro, cba_data_vencimento, cba_tipo_remessa, psa_id, cba_data_limite_recebimento, cba_motivo_cancelamento, cba_data_cancelamento)
VALUES (3, 50, '2018-10-31 19:28', '2018-11-01', 99, (SELECT psa_id FROM psa_pessoa WHERE psa_cli_id = (SELECT flo_id FROM flo_filiado WHERE flo_cpf = '32195131829')), '2018-11-02', null, null);
INSERT INTO dvo_divida_cobranca (dva_id, cba_id) VALUES ((SELECT max(dva_id) FROM dva_divida), (SELECT max(cba_id) FROM cba_cobranca));
INSERT INTO cbn_cobranca_evento_sindicato (cbn_descricao, prve_id, eve_id, evo_id, dva_id) VALUES ('Inscrição em evento', 3, 7905, 4, (SELECT max(dva_id) FROM dva_divida));
INSERT INTO pgo_pagamento (cba_id, psa_id, pgo_valor, pgo_situacao, pgo_data_pagamento, pgo_data_credito) VALUES ((SELECT max(cba_id) FROM cba_cobranca), (SELECT psa_id FROM psa_pessoa WHERE psa_cli_id = (SELECT flo_id FROM flo_filiado WHERE flo_cpf = '32195131829')), 50, 1, '2018-10-31', '2018-10-31');
INSERT INTO pga_pagamento_divida (dva_id, pgo_id, pga_valor) VALUES ((SELECT max(dva_id) FROM dva_divida), (SELECT max(pgo_id) FROM pgo_pagamento), 50);

INSERT INTO eve_evento_sindicato_participante (eve_id, evo_id, flo_id, eve_nome, eve_participante_telefone, eve_participante_email, eve_cpf, flo_id_responsavel, eve_presenca_confirmada, eve_data_deletado, eve_deletado)
VALUES (7665, 4, (SELECT flo_id FROM flo_filiado WHERE flo_cpf = '41003635830'), 'Priscila dos Santos Clementino', '11958181780', 'priscila.sclementino@gmail.com', '41003635830', null, 1, null, 2);
INSERT INTO dva_divida (psa_id_pagador, psa_id_destinatario, cmi_id, dvu_id, dva_valor, dva_valor_pago, dva_valor_acrescimo, dva_valor_desconto, dva_descricao, dvp_id, dva_data_vencimento_atual, dva_data_vencimento_inicial, dva_data_inicio_cobranca_mora, dva_data_cancelamento, dva_motivo_cancelamento, dva_cancelada, dva_tipo_cancelamento)
VALUES ((SELECT psa_id FROM psa_pessoa WHERE psa_cli_id = (SELECT flo_id FROM flo_filiado WHERE flo_cpf = '41003635830')), (SELECT psa_id FROM psa_pessoa WHERE psa_cli_id = (SELECT flo_id FROM flo_filiado WHERE flo_cpf = '41003635830')), 201810, 2, 50, 50, 0, 0, 'Inscrição em evento: Encontro Mensal - Novembro 2018', 14, '2018-10-26', '2018-10-26', '2018-10-27', null, null, 0, null);
INSERT INTO cba_cobranca (cba_situacao, cba_valor, cba_data_cadastro, cba_data_vencimento, cba_tipo_remessa, psa_id, cba_data_limite_recebimento, cba_motivo_cancelamento, cba_data_cancelamento)
VALUES (3, 50, '2018-10-25 22:26', '2018-10-26', 99, (SELECT psa_id FROM psa_pessoa WHERE psa_cli_id = (SELECT flo_id FROM flo_filiado WHERE flo_cpf = '41003635830')), '2018-10-27', null, null);
INSERT INTO dvo_divida_cobranca (dva_id, cba_id) VALUES ((SELECT max(dva_id) FROM dva_divida), (SELECT max(cba_id) FROM cba_cobranca));
INSERT INTO cbn_cobranca_evento_sindicato (cbn_descricao, prve_id, eve_id, evo_id, dva_id) VALUES ('Inscrição em evento', 3, 7665, 4, (SELECT max(dva_id) FROM dva_divida));
INSERT INTO pgo_pagamento (cba_id, psa_id, pgo_valor, pgo_situacao, pgo_data_pagamento, pgo_data_credito) VALUES ((SELECT max(cba_id) FROM cba_cobranca), (SELECT psa_id FROM psa_pessoa WHERE psa_cli_id = (SELECT flo_id FROM flo_filiado WHERE flo_cpf = '41003635830')), 50, 1, '2018-10-25', '2018-10-25');
INSERT INTO pga_pagamento_divida (dva_id, pgo_id, pga_valor) VALUES ((SELECT max(dva_id) FROM dva_divida), (SELECT max(pgo_id) FROM pgo_pagamento), 50);

INSERT INTO eve_evento_sindicato_participante (eve_id, evo_id, flo_id, eve_nome, eve_participante_telefone, eve_participante_email, eve_cpf, flo_id_responsavel, eve_presenca_confirmada, eve_data_deletado, eve_deletado)
VALUES (7855, 4, (SELECT flo_id FROM flo_filiado WHERE flo_cpf = '31507811837'), 'Priscila Hasan', '11991259248', 'priscila.hasan@e-prosaude.com.br', '31507811837', 169879, 1, null, 2);
INSERT INTO dva_divida (psa_id_pagador, psa_id_destinatario, cmi_id, dvu_id, dva_valor, dva_valor_pago, dva_valor_acrescimo, dva_valor_desconto, dva_descricao, dvp_id, dva_data_vencimento_atual, dva_data_vencimento_inicial, dva_data_inicio_cobranca_mora, dva_data_cancelamento, dva_motivo_cancelamento, dva_cancelada, dva_tipo_cancelamento)
VALUES ((SELECT psa_id FROM psa_pessoa WHERE psa_cli_id = (SELECT flo_id FROM flo_filiado WHERE flo_cpf = '31507811837')), (SELECT psa_id FROM psa_pessoa WHERE psa_cli_id = (SELECT flo_id FROM flo_filiado WHERE flo_cpf = '31507811837')), 201810, 2, 50, 50, 0, 0, 'Inscrição em evento: Encontro Mensal - Novembro 2018', 14, '2018-10-31', '2018-10-31', '2018-11-01', null, null, 0, null);
INSERT INTO cba_cobranca (cba_situacao, cba_valor, cba_data_cadastro, cba_data_vencimento, cba_tipo_remessa, psa_id, cba_data_limite_recebimento, cba_motivo_cancelamento, cba_data_cancelamento)
VALUES (3, 50, '2018-10-30 17:04', '2018-10-31', 99, (SELECT psa_id FROM psa_pessoa WHERE psa_cli_id = (SELECT flo_id FROM flo_filiado WHERE flo_cpf = '31507811837')), '2018-11-01', null, null);
INSERT INTO dvo_divida_cobranca (dva_id, cba_id) VALUES ((SELECT max(dva_id) FROM dva_divida), (SELECT max(cba_id) FROM cba_cobranca));
INSERT INTO cbn_cobranca_evento_sindicato (cbn_descricao, prve_id, eve_id, evo_id, dva_id) VALUES ('Inscrição em evento', 3, 7855, 4, (SELECT max(dva_id) FROM dva_divida));
INSERT INTO pgo_pagamento (cba_id, psa_id, pgo_valor, pgo_situacao, pgo_data_pagamento, pgo_data_credito) VALUES ((SELECT max(cba_id) FROM cba_cobranca), (SELECT psa_id FROM psa_pessoa WHERE psa_cli_id = (SELECT flo_id FROM flo_filiado WHERE flo_cpf = '31507811837')), 50, 1, '2018-10-30', '2018-10-30');
INSERT INTO pga_pagamento_divida (dva_id, pgo_id, pga_valor) VALUES ((SELECT max(dva_id) FROM dva_divida), (SELECT max(pgo_id) FROM pgo_pagamento), 50);

INSERT INTO eve_evento_sindicato_participante (eve_id, evo_id, flo_id, eve_nome, eve_participante_telefone, eve_participante_email, eve_cpf, flo_id_responsavel, eve_presenca_confirmada, eve_data_deletado, eve_deletado)
VALUES (7782, 4, (SELECT flo_id FROM flo_filiado WHERE flo_cpf = '35214474806'), 'Rafaela Costa Neves', '11941774856', 'jaqueline.dantas@victorysaude.com.br', '35214474806', null, 1, null, 2);
INSERT INTO dva_divida (psa_id_pagador, psa_id_destinatario, cmi_id, dvu_id, dva_valor, dva_valor_pago, dva_valor_acrescimo, dva_valor_desconto, dva_descricao, dvp_id, dva_data_vencimento_atual, dva_data_vencimento_inicial, dva_data_inicio_cobranca_mora, dva_data_cancelamento, dva_motivo_cancelamento, dva_cancelada, dva_tipo_cancelamento)
VALUES ((SELECT psa_id FROM psa_pessoa WHERE psa_cli_id = (SELECT flo_id FROM flo_filiado WHERE flo_cpf = '35214474806')), (SELECT psa_id FROM psa_pessoa WHERE psa_cli_id = (SELECT flo_id FROM flo_filiado WHERE flo_cpf = '35214474806')), 201810, 2, 50, 0, 0, 50, 'Inscrição em evento: Encontro Mensal - Novembro 2018', 14, '2018-10-30', '2018-10-30', '2018-10-31', null, null, 0, null);
INSERT INTO cba_cobranca (cba_situacao, cba_valor, cba_data_cadastro, cba_data_vencimento, cba_tipo_remessa, psa_id, cba_data_limite_recebimento, cba_motivo_cancelamento, cba_data_cancelamento)
VALUES (4, 50, '2018-10-29 10:45', '2018-10-30', 99, (SELECT psa_id FROM psa_pessoa WHERE psa_cli_id = (SELECT flo_id FROM flo_filiado WHERE flo_cpf = '35214474806')), '2018-10-31', 'Concessão de isenção', '2018-10-29 10:45');
INSERT INTO dvo_divida_cobranca (dva_id, cba_id) VALUES ((SELECT max(dva_id) FROM dva_divida), (SELECT max(cba_id) FROM cba_cobranca));
INSERT INTO dvt_divida_desconto (dva_id, dvt_valor, dvt_descricao, dvt_data_cadastro) VALUES ((SELECT max(dva_id) FROM dva_divida), 50, 'Concessão de isenção', '2018-10-29 10:45');
INSERT INTO cbn_cobranca_evento_sindicato (cbn_descricao, prve_id, eve_id, evo_id, dva_id) VALUES ('Inscrição em evento', 3, 7782, 4, (SELECT max(dva_id) FROM dva_divida));

INSERT INTO eve_evento_sindicato_participante (eve_id, evo_id, flo_id, eve_nome, eve_participante_telefone, eve_participante_email, eve_cpf, flo_id_responsavel, eve_presenca_confirmada, eve_data_deletado, eve_deletado)
VALUES (7047, 4, (SELECT flo_id FROM flo_filiado WHERE flo_cpf = '39274238827'), 'Rafaela Mariano Rodrigues', '19981433708', 'rafaela.rodrigues@intermedici.com.br', '39274238827', (SELECT flo_id FROM flo_filiado WHERE flo_nome = 'Intermedici Piracicaba Assitência Médica S/c ltda'), 1, null, 2);
INSERT INTO dva_divida (psa_id_pagador, psa_id_destinatario, cmi_id, dvu_id, dva_valor, dva_valor_pago, dva_valor_acrescimo, dva_valor_desconto, dva_descricao, dvp_id, dva_data_vencimento_atual, dva_data_vencimento_inicial, dva_data_inicio_cobranca_mora, dva_data_cancelamento, dva_motivo_cancelamento, dva_cancelada, dva_tipo_cancelamento)
VALUES ((SELECT psa_id FROM psa_pessoa WHERE psa_cli_id = (SELECT flo_id FROM flo_filiado WHERE flo_cpf = '39274238827')), (SELECT psa_id FROM psa_pessoa WHERE psa_cli_id = (SELECT flo_id FROM flo_filiado WHERE flo_cpf = '39274238827')), 201810, 2, 50, 50, 0, 0, 'Inscrição em evento: Encontro Mensal - Novembro 2018', 14, '2018-10-16', '2018-10-16', '2018-10-17', null, null, 0, null);
INSERT INTO cba_cobranca (cba_situacao, cba_valor, cba_data_cadastro, cba_data_vencimento, cba_tipo_remessa, psa_id, cba_data_limite_recebimento, cba_motivo_cancelamento, cba_data_cancelamento)
VALUES (3, 50, '2018-10-15 14:13', '2018-10-16', 99, (SELECT psa_id FROM psa_pessoa WHERE psa_cli_id = (SELECT flo_id FROM flo_filiado WHERE flo_cpf = '39274238827')), '2018-10-17', null, null);
INSERT INTO dvo_divida_cobranca (dva_id, cba_id) VALUES ((SELECT max(dva_id) FROM dva_divida), (SELECT max(cba_id) FROM cba_cobranca));
INSERT INTO cbn_cobranca_evento_sindicato (cbn_descricao, prve_id, eve_id, evo_id, dva_id) VALUES ('Inscrição em evento', 3, 7047, 4, (SELECT max(dva_id) FROM dva_divida));
INSERT INTO pgo_pagamento (cba_id, psa_id, pgo_valor, pgo_situacao, pgo_data_pagamento, pgo_data_credito) VALUES ((SELECT max(cba_id) FROM cba_cobranca), (SELECT psa_id FROM psa_pessoa WHERE psa_cli_id = (SELECT flo_id FROM flo_filiado WHERE flo_cpf = '39274238827')), 50, 1, '2018-10-15', '2018-10-15');
INSERT INTO pga_pagamento_divida (dva_id, pgo_id, pga_valor) VALUES ((SELECT max(dva_id) FROM dva_divida), (SELECT max(pgo_id) FROM pgo_pagamento), 50);

INSERT INTO eve_evento_sindicato_participante (eve_id, evo_id, flo_id, eve_nome, eve_participante_telefone, eve_participante_email, eve_cpf, flo_id_responsavel, eve_presenca_confirmada, eve_data_deletado, eve_deletado)
VALUES (6897, 4, (SELECT flo_id FROM flo_filiado WHERE flo_cpf = '94181446034'), 'Renata Marques', '11942820099', 'drarenata@careplus.com.br', '94181446034', null, 2, null, 2);
INSERT INTO dva_divida (psa_id_pagador, psa_id_destinatario, cmi_id, dvu_id, dva_valor, dva_valor_pago, dva_valor_acrescimo, dva_valor_desconto, dva_descricao, dvp_id, dva_data_vencimento_atual, dva_data_vencimento_inicial, dva_data_inicio_cobranca_mora, dva_data_cancelamento, dva_motivo_cancelamento, dva_cancelada, dva_tipo_cancelamento)
VALUES ((SELECT psa_id FROM psa_pessoa WHERE psa_cli_id = (SELECT flo_id FROM flo_filiado WHERE flo_cpf = '94181446034')), (SELECT psa_id FROM psa_pessoa WHERE psa_cli_id = (SELECT flo_id FROM flo_filiado WHERE flo_cpf = '94181446034')), 201810, 1, 50, 0, 0, 0, 'Inscrição em evento: Encontro Mensal - Novembro 2018', 14, '2018-10-10', '2018-10-10', '2018-10-11', null, null, 0, null);
INSERT INTO cba_cobranca (cba_situacao, cba_valor, cba_data_cadastro, cba_data_vencimento, cba_tipo_remessa, psa_id, cba_data_limite_recebimento, cba_motivo_cancelamento, cba_data_cancelamento)
VALUES (1, 50, '2018-10-09 10:00', '2018-10-10', 99, (SELECT psa_id FROM psa_pessoa WHERE psa_cli_id = (SELECT flo_id FROM flo_filiado WHERE flo_cpf = '94181446034')), '2018-10-11', null, null);
INSERT INTO dvo_divida_cobranca (dva_id, cba_id) VALUES ((SELECT max(dva_id) FROM dva_divida), (SELECT max(cba_id) FROM cba_cobranca));
INSERT INTO cbn_cobranca_evento_sindicato (cbn_descricao, prve_id, eve_id, evo_id, dva_id) VALUES ('Inscrição em evento', 3, 6897, 4, (SELECT max(dva_id) FROM dva_divida));

INSERT INTO eve_evento_sindicato_participante (eve_id, evo_id, flo_id, eve_nome, eve_participante_telefone, eve_participante_email, eve_cpf, flo_id_responsavel, eve_presenca_confirmada, eve_data_deletado, eve_deletado)
VALUES (8021, 4, (SELECT flo_id FROM flo_filiado WHERE flo_cpf = '45469382842'), 'Ricardo Maluf Fischman', '11997020272', 'ricardo@cgpbrasil.com', '45469382842', null, 1, null, 2);
INSERT INTO dva_divida (psa_id_pagador, psa_id_destinatario, cmi_id, dvu_id, dva_valor, dva_valor_pago, dva_valor_acrescimo, dva_valor_desconto, dva_descricao, dvp_id, dva_data_vencimento_atual, dva_data_vencimento_inicial, dva_data_inicio_cobranca_mora, dva_data_cancelamento, dva_motivo_cancelamento, dva_cancelada, dva_tipo_cancelamento)
VALUES ((SELECT psa_id FROM psa_pessoa WHERE psa_cli_id = (SELECT flo_id FROM flo_filiado WHERE flo_cpf = '45469382842')), (SELECT psa_id FROM psa_pessoa WHERE psa_cli_id = (SELECT flo_id FROM flo_filiado WHERE flo_cpf = '45469382842')), 201811, 2, 50, 0, 0, 50, 'Inscrição em evento: Encontro Mensal - Novembro 2018', 14, '2018-11-06', '2018-11-06', '2018-11-07', null, null, 0, null);
INSERT INTO cba_cobranca (cba_situacao, cba_valor, cba_data_cadastro, cba_data_vencimento, cba_tipo_remessa, psa_id, cba_data_limite_recebimento, cba_motivo_cancelamento, cba_data_cancelamento)
VALUES (4, 50, '2018-11-05 14:59', '2018-11-06', 99, (SELECT psa_id FROM psa_pessoa WHERE psa_cli_id = (SELECT flo_id FROM flo_filiado WHERE flo_cpf = '45469382842')), '2018-11-07', 'Concessão de isenção', '2018-11-05 14:59');
INSERT INTO dvo_divida_cobranca (dva_id, cba_id) VALUES ((SELECT max(dva_id) FROM dva_divida), (SELECT max(cba_id) FROM cba_cobranca));
INSERT INTO dvt_divida_desconto (dva_id, dvt_valor, dvt_descricao, dvt_data_cadastro) VALUES ((SELECT max(dva_id) FROM dva_divida), 50, 'Concessão de isenção', '2018-11-05 14:59');
INSERT INTO cbn_cobranca_evento_sindicato (cbn_descricao, prve_id, eve_id, evo_id, dva_id) VALUES ('Inscrição em evento', 3, 8021, 4, (SELECT max(dva_id) FROM dva_divida));

INSERT INTO eve_evento_sindicato_participante (eve_id, evo_id, flo_id, eve_nome, eve_participante_telefone, eve_participante_email, eve_cpf, flo_id_responsavel, eve_presenca_confirmada, eve_data_deletado, eve_deletado)
VALUES (7014, 4, (SELECT flo_id FROM flo_filiado WHERE flo_cpf = '11142292886'), 'Rosangela Santos Miyaji', '11991374077', 'rosangela.miyaji@ipmmi.org.br', '11142292886', null, 2, null, 2);
INSERT INTO dva_divida (psa_id_pagador, psa_id_destinatario, cmi_id, dvu_id, dva_valor, dva_valor_pago, dva_valor_acrescimo, dva_valor_desconto, dva_descricao, dvp_id, dva_data_vencimento_atual, dva_data_vencimento_inicial, dva_data_inicio_cobranca_mora, dva_data_cancelamento, dva_motivo_cancelamento, dva_cancelada, dva_tipo_cancelamento)
VALUES ((SELECT psa_id FROM psa_pessoa WHERE psa_cli_id = (SELECT flo_id FROM flo_filiado WHERE flo_cpf = '11142292886')), (SELECT psa_id FROM psa_pessoa WHERE psa_cli_id = (SELECT flo_id FROM flo_filiado WHERE flo_cpf = '11142292886')), 201810, 1, 50, 0, 0, 0, 'Inscrição em evento: Encontro Mensal - Novembro 2018', 14, '2018-10-14', '2018-10-14', '2018-10-15', null, null, 0, null);
INSERT INTO cba_cobranca (cba_situacao, cba_valor, cba_data_cadastro, cba_data_vencimento, cba_tipo_remessa, psa_id, cba_data_limite_recebimento, cba_motivo_cancelamento, cba_data_cancelamento)
VALUES (1, 50, '2018-10-13 19:11', '2018-10-14', 99, (SELECT psa_id FROM psa_pessoa WHERE psa_cli_id = (SELECT flo_id FROM flo_filiado WHERE flo_cpf = '11142292886')), '2018-10-15', null, null);
INSERT INTO dvo_divida_cobranca (dva_id, cba_id) VALUES ((SELECT max(dva_id) FROM dva_divida), (SELECT max(cba_id) FROM cba_cobranca));
INSERT INTO cbn_cobranca_evento_sindicato (cbn_descricao, prve_id, eve_id, evo_id, dva_id) VALUES ('Inscrição em evento', 3, 7014, 4, (SELECT max(dva_id) FROM dva_divida));

INSERT INTO eve_evento_sindicato_participante (eve_id, evo_id, flo_id, eve_nome, eve_participante_telefone, eve_participante_email, eve_cpf, flo_id_responsavel, eve_presenca_confirmada, eve_data_deletado, eve_deletado)
VALUES (6899, 4, (SELECT flo_id FROM flo_filiado WHERE flo_cpf = '02994005905'), 'Shirley Lina M Kimura', '11972936761', 'smitsui@careplus.com.br', '02994005905', 169257, 1, null, 2);
INSERT INTO dva_divida (psa_id_pagador, psa_id_destinatario, cmi_id, dvu_id, dva_valor, dva_valor_pago, dva_valor_acrescimo, dva_valor_desconto, dva_descricao, dvp_id, dva_data_vencimento_atual, dva_data_vencimento_inicial, dva_data_inicio_cobranca_mora, dva_data_cancelamento, dva_motivo_cancelamento, dva_cancelada, dva_tipo_cancelamento)
VALUES ((SELECT psa_id FROM psa_pessoa WHERE psa_cli_id = (SELECT flo_id FROM flo_filiado WHERE flo_cpf = '02994005905')), (SELECT psa_id FROM psa_pessoa WHERE psa_cli_id = (SELECT flo_id FROM flo_filiado WHERE flo_cpf = '02994005905')), 201810, 2, 50, 50, 0, 0, 'Inscrição em evento: Encontro Mensal - Novembro 2018', 14, '2018-10-10', '2018-10-10', '2018-10-11', null, null, 0, null);
INSERT INTO cba_cobranca (cba_situacao, cba_valor, cba_data_cadastro, cba_data_vencimento, cba_tipo_remessa, psa_id, cba_data_limite_recebimento, cba_motivo_cancelamento, cba_data_cancelamento)
VALUES (3, 50, '2018-10-09 10:18', '2018-10-10', 99, (SELECT psa_id FROM psa_pessoa WHERE psa_cli_id = (SELECT flo_id FROM flo_filiado WHERE flo_cpf = '02994005905')), '2018-10-11', null, null);
INSERT INTO dvo_divida_cobranca (dva_id, cba_id) VALUES ((SELECT max(dva_id) FROM dva_divida), (SELECT max(cba_id) FROM cba_cobranca));
INSERT INTO cbn_cobranca_evento_sindicato (cbn_descricao, prve_id, eve_id, evo_id, dva_id) VALUES ('Inscrição em evento', 3, 6899, 4, (SELECT max(dva_id) FROM dva_divida));
INSERT INTO pgo_pagamento (cba_id, psa_id, pgo_valor, pgo_situacao, pgo_data_pagamento, pgo_data_credito) VALUES ((SELECT max(cba_id) FROM cba_cobranca), (SELECT psa_id FROM psa_pessoa WHERE psa_cli_id = (SELECT flo_id FROM flo_filiado WHERE flo_cpf = '02994005905')), 50, 1, '2018-10-09', '2018-10-09');
INSERT INTO pga_pagamento_divida (dva_id, pgo_id, pga_valor) VALUES ((SELECT max(dva_id) FROM dva_divida), (SELECT max(pgo_id) FROM pgo_pagamento), 50);

INSERT INTO eve_evento_sindicato_participante (eve_id, evo_id, flo_id, eve_nome, eve_participante_telefone, eve_participante_email, eve_cpf, flo_id_responsavel, eve_presenca_confirmada, eve_data_deletado, eve_deletado)
VALUES (6944, 4, (SELECT flo_id FROM flo_filiado WHERE flo_cpf = '42895087822'), 'Stephanie Hardt', '11957231670', 'stephaniehardt93@gmail.com', '42895087822', null, 1, null, 2);
INSERT INTO dva_divida (psa_id_pagador, psa_id_destinatario, cmi_id, dvu_id, dva_valor, dva_valor_pago, dva_valor_acrescimo, dva_valor_desconto, dva_descricao, dvp_id, dva_data_vencimento_atual, dva_data_vencimento_inicial, dva_data_inicio_cobranca_mora, dva_data_cancelamento, dva_motivo_cancelamento, dva_cancelada, dva_tipo_cancelamento)
VALUES ((SELECT psa_id FROM psa_pessoa WHERE psa_cli_id = (SELECT flo_id FROM flo_filiado WHERE flo_cpf = '42895087822')), (SELECT psa_id FROM psa_pessoa WHERE psa_cli_id = (SELECT flo_id FROM flo_filiado WHERE flo_cpf = '42895087822')), 201810, 2, 50, 0, 0, 50, 'Inscrição em evento: Encontro Mensal - Novembro 2018', 14, '2018-10-11', '2018-10-11', '2018-10-12', null, null, 0, null);
INSERT INTO cba_cobranca (cba_situacao, cba_valor, cba_data_cadastro, cba_data_vencimento, cba_tipo_remessa, psa_id, cba_data_limite_recebimento, cba_motivo_cancelamento, cba_data_cancelamento)
VALUES (4, 50, '2018-10-10 15:07', '2018-10-11', 99, (SELECT psa_id FROM psa_pessoa WHERE psa_cli_id = (SELECT flo_id FROM flo_filiado WHERE flo_cpf = '42895087822')), '2018-10-12', 'Concessão de isenção', '2018-10-10 15:07');
INSERT INTO dvo_divida_cobranca (dva_id, cba_id) VALUES ((SELECT max(dva_id) FROM dva_divida), (SELECT max(cba_id) FROM cba_cobranca));
INSERT INTO dvt_divida_desconto (dva_id, dvt_valor, dvt_descricao, dvt_data_cadastro) VALUES ((SELECT max(dva_id) FROM dva_divida), 50, 'Concessão de isenção', '2018-10-10 15:07');
INSERT INTO cbn_cobranca_evento_sindicato (cbn_descricao, prve_id, eve_id, evo_id, dva_id) VALUES ('Inscrição em evento', 3, 6944, 4, (SELECT max(dva_id) FROM dva_divida));

INSERT INTO eve_evento_sindicato_participante (eve_id, evo_id, flo_id, eve_nome, eve_participante_telefone, eve_participante_email, eve_cpf, flo_id_responsavel, eve_presenca_confirmada, eve_data_deletado, eve_deletado)
VALUES (7926, 4, (SELECT flo_id FROM flo_filiado WHERE flo_cpf = '38548040831'), 'Thales Rodrigues da Costa', '11995254430', 'thales@simplisweb.com.br', '38548040831', (SELECT flo_id FROM flo_filiado WHERE flo_nome = 'N/care Solutions'), 1, null, 2);
INSERT INTO dva_divida (psa_id_pagador, psa_id_destinatario, cmi_id, dvu_id, dva_valor, dva_valor_pago, dva_valor_acrescimo, dva_valor_desconto, dva_descricao, dvp_id, dva_data_vencimento_atual, dva_data_vencimento_inicial, dva_data_inicio_cobranca_mora, dva_data_cancelamento, dva_motivo_cancelamento, dva_cancelada, dva_tipo_cancelamento)
VALUES ((SELECT psa_id FROM psa_pessoa WHERE psa_cli_id = (SELECT flo_id FROM flo_filiado WHERE flo_cpf = '38548040831')), (SELECT psa_id FROM psa_pessoa WHERE psa_cli_id = (SELECT flo_id FROM flo_filiado WHERE flo_cpf = '38548040831')), 201811, 2, 50, 50, 0, 0, 'Inscrição em evento: Encontro Mensal - Novembro 2018', 14, '2018-11-02', '2018-11-02', '2018-11-03', null, null, 0, null);
INSERT INTO cba_cobranca (cba_situacao, cba_valor, cba_data_cadastro, cba_data_vencimento, cba_tipo_remessa, psa_id, cba_data_limite_recebimento, cba_motivo_cancelamento, cba_data_cancelamento)
VALUES (3, 50, '2018-11-01 11:23', '2018-11-02', 99, (SELECT psa_id FROM psa_pessoa WHERE psa_cli_id = (SELECT flo_id FROM flo_filiado WHERE flo_cpf = '38548040831')), '2018-11-03', null, null);
INSERT INTO dvo_divida_cobranca (dva_id, cba_id) VALUES ((SELECT max(dva_id) FROM dva_divida), (SELECT max(cba_id) FROM cba_cobranca));
INSERT INTO cbn_cobranca_evento_sindicato (cbn_descricao, prve_id, eve_id, evo_id, dva_id) VALUES ('Inscrição em evento', 3, 7926, 4, (SELECT max(dva_id) FROM dva_divida));
INSERT INTO pgo_pagamento (cba_id, psa_id, pgo_valor, pgo_situacao, pgo_data_pagamento, pgo_data_credito) VALUES ((SELECT max(cba_id) FROM cba_cobranca), (SELECT psa_id FROM psa_pessoa WHERE psa_cli_id = (SELECT flo_id FROM flo_filiado WHERE flo_cpf = '38548040831')), 50, 1, '2018-11-01', '2018-11-01');
INSERT INTO pga_pagamento_divida (dva_id, pgo_id, pga_valor) VALUES ((SELECT max(dva_id) FROM dva_divida), (SELECT max(pgo_id) FROM pgo_pagamento), 50);

INSERT INTO eve_evento_sindicato_participante (eve_id, evo_id, flo_id, eve_nome, eve_participante_telefone, eve_participante_email, eve_cpf, flo_id_responsavel, eve_presenca_confirmada, eve_data_deletado, eve_deletado)
VALUES (7264, 4, (SELECT flo_id FROM flo_filiado WHERE flo_cpf = '12319492879'), 'Valéria Matias da Silva', '1143133202', 'valeria.msilva@claro.com.br', '12319492879', null, 2, '2018-10-18 10:16', 1);
INSERT INTO dva_divida (psa_id_pagador, psa_id_destinatario, cmi_id, dvu_id, dva_valor, dva_valor_pago, dva_valor_acrescimo, dva_valor_desconto, dva_descricao, dvp_id, dva_data_vencimento_atual, dva_data_vencimento_inicial, dva_data_inicio_cobranca_mora, dva_data_cancelamento, dva_motivo_cancelamento, dva_cancelada, dva_tipo_cancelamento)
VALUES ((SELECT psa_id FROM psa_pessoa WHERE psa_cli_id = (SELECT flo_id FROM flo_filiado WHERE flo_cpf = '12319492879')), (SELECT psa_id FROM psa_pessoa WHERE psa_cli_id = (SELECT flo_id FROM flo_filiado WHERE flo_cpf = '12319492879')), 201810, 1, 50, 0, 0, 0, 'Inscrição em evento: Encontro Mensal - Novembro 2018', 14, '2018-10-19', '2018-10-19', '2018-10-20', '2018-10-18 10:16', 'Inscrição Cancelada', 1, 1);
INSERT INTO cba_cobranca (cba_situacao, cba_valor, cba_data_cadastro, cba_data_vencimento, cba_tipo_remessa, psa_id, cba_data_limite_recebimento, cba_motivo_cancelamento, cba_data_cancelamento)
VALUES (4, 50, '2018-10-18 10:16', '2018-10-19', 99, (SELECT psa_id FROM psa_pessoa WHERE psa_cli_id = (SELECT flo_id FROM flo_filiado WHERE flo_cpf = '12319492879')), '2018-10-20', 'Inscrição Cancelada', '2018-10-18 10:16');
INSERT INTO dvo_divida_cobranca (dva_id, cba_id) VALUES ((SELECT max(dva_id) FROM dva_divida), (SELECT max(cba_id) FROM cba_cobranca));

INSERT INTO eve_evento_sindicato_participante (eve_id, evo_id, flo_id, eve_nome, eve_participante_telefone, eve_participante_email, eve_cpf, flo_id_responsavel, eve_presenca_confirmada, eve_data_deletado, eve_deletado)
VALUES (6939, 4, (SELECT flo_id FROM flo_filiado WHERE flo_cpf = '12319492879'), 'Valéria Matias da Silva', '11993328821', 'valeria.msilva@claro.com.br', '12319492879', null, 2, '2018-10-10 10:13', 1);
INSERT INTO dva_divida (psa_id_pagador, psa_id_destinatario, cmi_id, dvu_id, dva_valor, dva_valor_pago, dva_valor_acrescimo, dva_valor_desconto, dva_descricao, dvp_id, dva_data_vencimento_atual, dva_data_vencimento_inicial, dva_data_inicio_cobranca_mora, dva_data_cancelamento, dva_motivo_cancelamento, dva_cancelada, dva_tipo_cancelamento)
VALUES ((SELECT psa_id FROM psa_pessoa WHERE psa_cli_id = (SELECT flo_id FROM flo_filiado WHERE flo_cpf = '12319492879')), (SELECT psa_id FROM psa_pessoa WHERE psa_cli_id = (SELECT flo_id FROM flo_filiado WHERE flo_cpf = '12319492879')), 201810, 1, 50, 0, 0, 0, 'Inscrição em evento: Encontro Mensal - Novembro 2018', 14, '2018-10-11', '2018-10-11', '2018-10-12', '2018-10-10 10:13', 'Inscrição Cancelada', 1, 1);
INSERT INTO cba_cobranca (cba_situacao, cba_valor, cba_data_cadastro, cba_data_vencimento, cba_tipo_remessa, psa_id, cba_data_limite_recebimento, cba_motivo_cancelamento, cba_data_cancelamento)
VALUES (4, 50, '2018-10-10 10:13', '2018-10-11', 99, (SELECT psa_id FROM psa_pessoa WHERE psa_cli_id = (SELECT flo_id FROM flo_filiado WHERE flo_cpf = '12319492879')), '2018-10-12', 'Inscrição Cancelada', '2018-10-10 10:13');
INSERT INTO dvo_divida_cobranca (dva_id, cba_id) VALUES ((SELECT max(dva_id) FROM dva_divida), (SELECT max(cba_id) FROM cba_cobranca));

INSERT INTO eve_evento_sindicato_participante (eve_id, evo_id, flo_id, eve_nome, eve_participante_telefone, eve_participante_email, eve_cpf, flo_id_responsavel, eve_presenca_confirmada, eve_data_deletado, eve_deletado)
VALUES (7440, 4, (SELECT flo_id FROM flo_filiado WHERE flo_cpf = '12319492879'), 'Valéria Matias da Silva', '11993328821', 'valeria.msilva@claro.com.br', '12319492879', null, 1, null, 2);
INSERT INTO dva_divida (psa_id_pagador, psa_id_destinatario, cmi_id, dvu_id, dva_valor, dva_valor_pago, dva_valor_acrescimo, dva_valor_desconto, dva_descricao, dvp_id, dva_data_vencimento_atual, dva_data_vencimento_inicial, dva_data_inicio_cobranca_mora, dva_data_cancelamento, dva_motivo_cancelamento, dva_cancelada, dva_tipo_cancelamento)
VALUES ((SELECT psa_id FROM psa_pessoa WHERE psa_cli_id = (SELECT flo_id FROM flo_filiado WHERE flo_cpf = '12319492879')), (SELECT psa_id FROM psa_pessoa WHERE psa_cli_id = (SELECT flo_id FROM flo_filiado WHERE flo_cpf = '12319492879')), 201810, 2, 50, 50, 0, 0, 'Inscrição em evento: Encontro Mensal - Novembro 2018', 14, '2018-10-24', '2018-10-24', '2018-10-25', null, null, 0, null);
INSERT INTO cba_cobranca (cba_situacao, cba_valor, cba_data_cadastro, cba_data_vencimento, cba_tipo_remessa, psa_id, cba_data_limite_recebimento, cba_motivo_cancelamento, cba_data_cancelamento)
VALUES (3, 50, '2018-10-23 09:46', '2018-10-24', 99, (SELECT psa_id FROM psa_pessoa WHERE psa_cli_id = (SELECT flo_id FROM flo_filiado WHERE flo_cpf = '12319492879')), '2018-10-25', null, null);
INSERT INTO dvo_divida_cobranca (dva_id, cba_id) VALUES ((SELECT max(dva_id) FROM dva_divida), (SELECT max(cba_id) FROM cba_cobranca));
INSERT INTO cbn_cobranca_evento_sindicato (cbn_descricao, prve_id, eve_id, evo_id, dva_id) VALUES ('Inscrição em evento', 3, 7440, 4, (SELECT max(dva_id) FROM dva_divida));
INSERT INTO pgo_pagamento (cba_id, psa_id, pgo_valor, pgo_situacao, pgo_data_pagamento, pgo_data_credito) VALUES ((SELECT max(cba_id) FROM cba_cobranca), (SELECT psa_id FROM psa_pessoa WHERE psa_cli_id = (SELECT flo_id FROM flo_filiado WHERE flo_cpf = '12319492879')), 50, 1, '2018-10-24', '2018-10-24');
INSERT INTO pga_pagamento_divida (dva_id, pgo_id, pga_valor) VALUES ((SELECT max(dva_id) FROM dva_divida), (SELECT max(pgo_id) FROM pgo_pagamento), 50);

INSERT INTO eve_evento_sindicato_participante (eve_id, evo_id, flo_id, eve_nome, eve_participante_telefone, eve_participante_email, eve_cpf, flo_id_responsavel, eve_presenca_confirmada, eve_data_deletado, eve_deletado)
VALUES (7779, 4, (SELECT flo_id FROM flo_filiado WHERE flo_cpf = '52515389872'), 'Vera Lucia Bejatto', '11984435858', 'vera.bejatto@victorysaude.com.br', '52515389872', null, 1, null, 2);
INSERT INTO dva_divida (psa_id_pagador, psa_id_destinatario, cmi_id, dvu_id, dva_valor, dva_valor_pago, dva_valor_acrescimo, dva_valor_desconto, dva_descricao, dvp_id, dva_data_vencimento_atual, dva_data_vencimento_inicial, dva_data_inicio_cobranca_mora, dva_data_cancelamento, dva_motivo_cancelamento, dva_cancelada, dva_tipo_cancelamento)
VALUES ((SELECT psa_id FROM psa_pessoa WHERE psa_cli_id = (SELECT flo_id FROM flo_filiado WHERE flo_cpf = '52515389872')), (SELECT psa_id FROM psa_pessoa WHERE psa_cli_id = (SELECT flo_id FROM flo_filiado WHERE flo_cpf = '52515389872')), 201810, 2, 50, 0, 0, 50, 'Inscrição em evento: Encontro Mensal - Novembro 2018', 14, '2018-10-30', '2018-10-30', '2018-10-31', null, null, 0, null);
INSERT INTO cba_cobranca (cba_situacao, cba_valor, cba_data_cadastro, cba_data_vencimento, cba_tipo_remessa, psa_id, cba_data_limite_recebimento, cba_motivo_cancelamento, cba_data_cancelamento)
VALUES (4, 50, '2018-10-29 09:35', '2018-10-30', 99, (SELECT psa_id FROM psa_pessoa WHERE psa_cli_id = (SELECT flo_id FROM flo_filiado WHERE flo_cpf = '52515389872')), '2018-10-31', 'Concessão de isenção', '2018-10-29 09:35');
INSERT INTO dvo_divida_cobranca (dva_id, cba_id) VALUES ((SELECT max(dva_id) FROM dva_divida), (SELECT max(cba_id) FROM cba_cobranca));
INSERT INTO dvt_divida_desconto (dva_id, dvt_valor, dvt_descricao, dvt_data_cadastro) VALUES ((SELECT max(dva_id) FROM dva_divida), 50, 'Concessão de isenção', '2018-10-29 09:35');
INSERT INTO cbn_cobranca_evento_sindicato (cbn_descricao, prve_id, eve_id, evo_id, dva_id) VALUES ('Inscrição em evento', 3, 7779, 4, (SELECT max(dva_id) FROM dva_divida));

INSERT INTO eve_evento_sindicato_participante (eve_id, evo_id, flo_id, eve_nome, eve_participante_telefone, eve_participante_email, eve_cpf, flo_id_responsavel, eve_presenca_confirmada, eve_data_deletado, eve_deletado)
VALUES (7252, 4, (SELECT flo_id FROM flo_filiado WHERE flo_cpf = '69246696891'), 'Virginia Aparecida Martins Gamero', '11942851907', 'virginiagamereo55@gmail.com', '69246696891', null, 2, null, 2);
INSERT INTO dva_divida (psa_id_pagador, psa_id_destinatario, cmi_id, dvu_id, dva_valor, dva_valor_pago, dva_valor_acrescimo, dva_valor_desconto, dva_descricao, dvp_id, dva_data_vencimento_atual, dva_data_vencimento_inicial, dva_data_inicio_cobranca_mora, dva_data_cancelamento, dva_motivo_cancelamento, dva_cancelada, dva_tipo_cancelamento)
VALUES ((SELECT psa_id FROM psa_pessoa WHERE psa_cli_id = (SELECT flo_id FROM flo_filiado WHERE flo_cpf = '69246696891')), (SELECT psa_id FROM psa_pessoa WHERE psa_cli_id = (SELECT flo_id FROM flo_filiado WHERE flo_cpf = '69246696891')), 201810, 1, 50, 0, 0, 0, 'Inscrição em evento: Encontro Mensal - Novembro 2018', 14, '2018-10-18', '2018-10-18', '2018-10-19', null, null, 0, null);
INSERT INTO cba_cobranca (cba_situacao, cba_valor, cba_data_cadastro, cba_data_vencimento, cba_tipo_remessa, psa_id, cba_data_limite_recebimento, cba_motivo_cancelamento, cba_data_cancelamento)
VALUES (1, 50, '2018-10-17 22:32', '2018-10-18', 99, (SELECT psa_id FROM psa_pessoa WHERE psa_cli_id = (SELECT flo_id FROM flo_filiado WHERE flo_cpf = '69246696891')), '2018-10-19', null, null);
INSERT INTO dvo_divida_cobranca (dva_id, cba_id) VALUES ((SELECT max(dva_id) FROM dva_divida), (SELECT max(cba_id) FROM cba_cobranca));
INSERT INTO cbn_cobranca_evento_sindicato (cbn_descricao, prve_id, eve_id, evo_id, dva_id) VALUES ('Inscrição em evento', 3, 7252, 4, (SELECT max(dva_id) FROM dva_divida));

INSERT INTO eve_evento_sindicato_participante (eve_id, evo_id, flo_id, eve_nome, eve_participante_telefone, eve_participante_email, eve_cpf, flo_id_responsavel, eve_presenca_confirmada, eve_data_deletado, eve_deletado)
VALUES (7549, 4, (SELECT flo_id FROM flo_filiado WHERE flo_cpf = '26956228807'), 'Viviane Oliveira de Araujo da Silva', '11986922843', 'viviane.araujo@segurosunimed.com.br', '26956228807', null, 2, null, 2);
INSERT INTO dva_divida (psa_id_pagador, psa_id_destinatario, cmi_id, dvu_id, dva_valor, dva_valor_pago, dva_valor_acrescimo, dva_valor_desconto, dva_descricao, dvp_id, dva_data_vencimento_atual, dva_data_vencimento_inicial, dva_data_inicio_cobranca_mora, dva_data_cancelamento, dva_motivo_cancelamento, dva_cancelada, dva_tipo_cancelamento)
VALUES ((SELECT psa_id FROM psa_pessoa WHERE psa_cli_id = (SELECT flo_id FROM flo_filiado WHERE flo_cpf = '26956228807')), (SELECT psa_id FROM psa_pessoa WHERE psa_cli_id = (SELECT flo_id FROM flo_filiado WHERE flo_cpf = '26956228807')), 201810, 1, 50, 0, 0, 0, 'Inscrição em evento: Encontro Mensal - Novembro 2018', 14, '2018-10-25', '2018-10-25', '2018-10-26', null, null, 0, null);
INSERT INTO cba_cobranca (cba_situacao, cba_valor, cba_data_cadastro, cba_data_vencimento, cba_tipo_remessa, psa_id, cba_data_limite_recebimento, cba_motivo_cancelamento, cba_data_cancelamento)
VALUES (1, 50, '2018-10-24 10:31', '2018-10-25', 99, (SELECT psa_id FROM psa_pessoa WHERE psa_cli_id = (SELECT flo_id FROM flo_filiado WHERE flo_cpf = '26956228807')), '2018-10-26', null, null);
INSERT INTO dvo_divida_cobranca (dva_id, cba_id) VALUES ((SELECT max(dva_id) FROM dva_divida), (SELECT max(cba_id) FROM cba_cobranca));
INSERT INTO cbn_cobranca_evento_sindicato (cbn_descricao, prve_id, eve_id, evo_id, dva_id) VALUES ('Inscrição em evento', 3, 7549, 4, (SELECT max(dva_id) FROM dva_divida));

INSERT INTO eva_evento_sindicato_presenca (eve_id) VALUE (7855);

COMMIT;