START TRANSACTION;

INSERT INTO eve_evento_sindicato_participante (eve_id, evo_id, flo_id, eve_nome, eve_participante_telefone, eve_participante_email, eve_cpf, flo_id_responsavel, eve_presenca_confirmada, eve_data_deletado, eve_deletado)
VALUES (23503, 10, (SELECT flo_id FROM flo_filiado WHERE flo_cpf = '06831286801'), 'Adriana A. B. Galltaroço', '11947915252', 'adriana@bradesco.com.br', '06831286801', null, 1, null, 2);
INSERT INTO dva_divida (psa_id_pagador, psa_id_destinatario, cmi_id, dvu_id, dva_valor, dva_valor_pago, dva_valor_acrescimo, dva_valor_desconto, dva_descricao, dvp_id, dva_data_vencimento_atual, dva_data_vencimento_inicial, dva_data_inicio_cobranca_mora, dva_data_cancelamento, dva_motivo_cancelamento, dva_cancelada, dva_tipo_cancelamento)
VALUES ((SELECT psa_id FROM psa_pessoa WHERE psa_cli_id = (SELECT flo_id FROM flo_filiado WHERE flo_cpf = '06831286801')), (SELECT psa_id FROM psa_pessoa WHERE psa_cli_id = (SELECT flo_id FROM flo_filiado WHERE flo_cpf = '06831286801')), 201905, 2, 75, 0, 0, 75, 'Inscrição em evento: Como prestar serviços no mercado de QV e estratégias de comunicação', 20, '2019-05-14', '2019-05-14', '2019-05-15', null, null, 0, null);
INSERT INTO cba_cobranca (cba_situacao, cba_valor, cba_data_cadastro, cba_data_vencimento, cba_tipo_remessa, psa_id, cba_data_limite_recebimento, cba_motivo_cancelamento, cba_data_cancelamento)
VALUES (4, 75, '2019-05-13 11:51', '2019-05-14', 99, (SELECT psa_id FROM psa_pessoa WHERE psa_cli_id = (SELECT flo_id FROM flo_filiado WHERE flo_cpf = '06831286801')), '2019-05-15', 'Concessão de isenção', '2019-05-13 11:51');
INSERT INTO dvo_divida_cobranca (dva_id, cba_id) VALUES ((SELECT max(dva_id) FROM dva_divida), (SELECT max(cba_id) FROM cba_cobranca));
INSERT INTO dvt_divida_desconto (dva_id, dvt_valor, dvt_descricao, dvt_data_cadastro) VALUES ((SELECT max(dva_id) FROM dva_divida), 75, 'Concessão de isenção', '2019-05-13 11:51');
INSERT INTO cbn_cobranca_evento_sindicato (cbn_descricao, prve_id, eve_id, evo_id, dva_id) VALUES ('Inscrição em evento', 5, 23503, 10, (SELECT max(dva_id) FROM dva_divida));

INSERT INTO eve_evento_sindicato_participante (eve_id, evo_id, flo_id, eve_nome, eve_participante_telefone, eve_participante_email, eve_cpf, flo_id_responsavel, eve_presenca_confirmada, eve_data_deletado, eve_deletado)
VALUES (21507, 10, (SELECT flo_id FROM flo_filiado WHERE flo_nome = 'Adriana C. Gomas Jurema'), 'Adriana C. Gomas Jurema', '11996127895', 'adm@socialconsultoria.com.br', '', (SELECT flo_id FROM flo_filiado WHERE flo_nome = 'Sintonia e Comunicação'), 1, null, 2);

INSERT INTO eve_evento_sindicato_participante (eve_id, evo_id, flo_id, eve_nome, eve_participante_telefone, eve_participante_email, eve_cpf, flo_id_responsavel, eve_presenca_confirmada, eve_data_deletado, eve_deletado)
VALUES (20571, 10, (SELECT flo_id FROM flo_filiado WHERE flo_cpf = '34414651808'), 'Adriana Coelho Camillo Zanella', '1150908794', 'adriana.zanella@eurofarma.com.br', '34414651808', 207713, 1, null, 2);
INSERT INTO dva_divida (psa_id_pagador, psa_id_destinatario, cmi_id, dvu_id, dva_valor, dva_valor_pago, dva_valor_acrescimo, dva_valor_desconto, dva_descricao, dvp_id, dva_data_vencimento_atual, dva_data_vencimento_inicial, dva_data_inicio_cobranca_mora, dva_data_cancelamento, dva_motivo_cancelamento, dva_cancelada, dva_tipo_cancelamento)
VALUES ((SELECT psa_id FROM psa_pessoa WHERE psa_cli_id = (SELECT flo_id FROM flo_filiado WHERE flo_cpf = '34414651808')), (SELECT psa_id FROM psa_pessoa WHERE psa_cli_id = (SELECT flo_id FROM flo_filiado WHERE flo_cpf = '34414651808')), 201904, 2, 75, 75, 0, 0, 'Inscrição em evento: Como prestar serviços no mercado de QV e estratégias de comunicação', 20, '2019-04-30', '2019-04-30', '2019-05-01', null, null, 0, null);
INSERT INTO cba_cobranca (cba_situacao, cba_valor, cba_data_cadastro, cba_data_vencimento, cba_tipo_remessa, psa_id, cba_data_limite_recebimento, cba_motivo_cancelamento, cba_data_cancelamento)
VALUES (3, 75, '2019-04-29 09:29', '2019-04-30', 99, (SELECT psa_id FROM psa_pessoa WHERE psa_cli_id = (SELECT flo_id FROM flo_filiado WHERE flo_cpf = '34414651808')), '2019-05-01', null, null);
INSERT INTO dvo_divida_cobranca (dva_id, cba_id) VALUES ((SELECT max(dva_id) FROM dva_divida), (SELECT max(cba_id) FROM cba_cobranca));
INSERT INTO cbn_cobranca_evento_sindicato (cbn_descricao, prve_id, eve_id, evo_id, dva_id) VALUES ('Inscrição em evento', 5, 20571, 10, (SELECT max(dva_id) FROM dva_divida));
INSERT INTO pgo_pagamento (cba_id, psa_id, pgo_valor, pgo_situacao, pgo_data_pagamento, pgo_data_credito) VALUES ((SELECT max(cba_id) FROM cba_cobranca), (SELECT psa_id FROM psa_pessoa WHERE psa_cli_id = (SELECT flo_id FROM flo_filiado WHERE flo_cpf = '34414651808')), 75, 1, '2019-04-29', '2019-04-29');
INSERT INTO pga_pagamento_divida (dva_id, pgo_id, pga_valor) VALUES ((SELECT max(dva_id) FROM dva_divida), (SELECT max(pgo_id) FROM pgo_pagamento), 75);

INSERT INTO eve_evento_sindicato_participante (eve_id, evo_id, flo_id, eve_nome, eve_participante_telefone, eve_participante_email, eve_cpf, flo_id_responsavel, eve_presenca_confirmada, eve_data_deletado, eve_deletado)
VALUES (22238, 10, (SELECT flo_id FROM flo_filiado WHERE flo_cpf = '22128960851'), 'Alberto Souza dos Santos', '11954421470', 'ASANTOS@PROPAY.COM.BR', '22128960851', null, 1, null, 2);
INSERT INTO dva_divida (psa_id_pagador, psa_id_destinatario, cmi_id, dvu_id, dva_valor, dva_valor_pago, dva_valor_acrescimo, dva_valor_desconto, dva_descricao, dvp_id, dva_data_vencimento_atual, dva_data_vencimento_inicial, dva_data_inicio_cobranca_mora, dva_data_cancelamento, dva_motivo_cancelamento, dva_cancelada, dva_tipo_cancelamento)
VALUES ((SELECT psa_id FROM psa_pessoa WHERE psa_cli_id = (SELECT flo_id FROM flo_filiado WHERE flo_cpf = '22128960851')), (SELECT psa_id FROM psa_pessoa WHERE psa_cli_id = (SELECT flo_id FROM flo_filiado WHERE flo_cpf = '22128960851')), 201905, 2, 75, 75, 0, 0, 'Inscrição em evento: Como prestar serviços no mercado de QV e estratégias de comunicação', 20, '2019-05-07', '2019-05-07', '2019-05-08', null, null, 0, null);
INSERT INTO cba_cobranca (cba_situacao, cba_valor, cba_data_cadastro, cba_data_vencimento, cba_tipo_remessa, psa_id, cba_data_limite_recebimento, cba_motivo_cancelamento, cba_data_cancelamento)
VALUES (3, 75, '2019-05-06 16:09', '2019-05-07', 99, (SELECT psa_id FROM psa_pessoa WHERE psa_cli_id = (SELECT flo_id FROM flo_filiado WHERE flo_cpf = '22128960851')), '2019-05-08', null, null);
INSERT INTO dvo_divida_cobranca (dva_id, cba_id) VALUES ((SELECT max(dva_id) FROM dva_divida), (SELECT max(cba_id) FROM cba_cobranca));
INSERT INTO cbn_cobranca_evento_sindicato (cbn_descricao, prve_id, eve_id, evo_id, dva_id) VALUES ('Inscrição em evento', 5, 22238, 10, (SELECT max(dva_id) FROM dva_divida));
INSERT INTO pgo_pagamento (cba_id, psa_id, pgo_valor, pgo_situacao, pgo_data_pagamento, pgo_data_credito) VALUES ((SELECT max(cba_id) FROM cba_cobranca), (SELECT psa_id FROM psa_pessoa WHERE psa_cli_id = (SELECT flo_id FROM flo_filiado WHERE flo_cpf = '22128960851')), 75, 1, '2019-05-06', '2019-05-06');
INSERT INTO pga_pagamento_divida (dva_id, pgo_id, pga_valor) VALUES ((SELECT max(dva_id) FROM dva_divida), (SELECT max(pgo_id) FROM pgo_pagamento), 75);

INSERT INTO eve_evento_sindicato_participante (eve_id, evo_id, flo_id, eve_nome, eve_participante_telefone, eve_participante_email, eve_cpf, flo_id_responsavel, eve_presenca_confirmada, eve_data_deletado, eve_deletado)
VALUES (23495, 10, (SELECT flo_id FROM flo_filiado WHERE flo_cpf = '36936770851'), 'Alessandra Belickas Carreiro', '11996378259', 'alenutricaoesaude@hotmail.com', '36936770851', null, 2, null, 2);
INSERT INTO dva_divida (psa_id_pagador, psa_id_destinatario, cmi_id, dvu_id, dva_valor, dva_valor_pago, dva_valor_acrescimo, dva_valor_desconto, dva_descricao, dvp_id, dva_data_vencimento_atual, dva_data_vencimento_inicial, dva_data_inicio_cobranca_mora, dva_data_cancelamento, dva_motivo_cancelamento, dva_cancelada, dva_tipo_cancelamento)
VALUES ((SELECT psa_id FROM psa_pessoa WHERE psa_cli_id = (SELECT flo_id FROM flo_filiado WHERE flo_cpf = '36936770851')), (SELECT psa_id FROM psa_pessoa WHERE psa_cli_id = (SELECT flo_id FROM flo_filiado WHERE flo_cpf = '36936770851')), 201905, 1, 75, 0, 0, 0, 'Inscrição em evento: Como prestar serviços no mercado de QV e estratégias de comunicação', 20, '2019-05-14', '2019-05-14', '2019-05-15', null, null, 0, null);
INSERT INTO cba_cobranca (cba_situacao, cba_valor, cba_data_cadastro, cba_data_vencimento, cba_tipo_remessa, psa_id, cba_data_limite_recebimento, cba_motivo_cancelamento, cba_data_cancelamento)
VALUES (1, 75, '2019-05-13 11:41', '2019-05-14', 99, (SELECT psa_id FROM psa_pessoa WHERE psa_cli_id = (SELECT flo_id FROM flo_filiado WHERE flo_cpf = '36936770851')), '2019-05-15', null, null);
INSERT INTO dvo_divida_cobranca (dva_id, cba_id) VALUES ((SELECT max(dva_id) FROM dva_divida), (SELECT max(cba_id) FROM cba_cobranca));
INSERT INTO cbn_cobranca_evento_sindicato (cbn_descricao, prve_id, eve_id, evo_id, dva_id) VALUES ('Inscrição em evento', 5, 23495, 10, (SELECT max(dva_id) FROM dva_divida));

INSERT INTO eve_evento_sindicato_participante (eve_id, evo_id, flo_id, eve_nome, eve_participante_telefone, eve_participante_email, eve_cpf, flo_id_responsavel, eve_presenca_confirmada, eve_data_deletado, eve_deletado)
VALUES (21454, 10, (SELECT flo_id FROM flo_filiado WHERE flo_cpf = '36936770851'), 'Alessandra Belickas Carreiro', '11996378259', 'alenutricaoesaude@hotmail.com', '36936770851', null, 2, '2019-05-02 12:24', 1);
INSERT INTO dva_divida (psa_id_pagador, psa_id_destinatario, cmi_id, dvu_id, dva_valor, dva_valor_pago, dva_valor_acrescimo, dva_valor_desconto, dva_descricao, dvp_id, dva_data_vencimento_atual, dva_data_vencimento_inicial, dva_data_inicio_cobranca_mora, dva_data_cancelamento, dva_motivo_cancelamento, dva_cancelada, dva_tipo_cancelamento)
VALUES ((SELECT psa_id FROM psa_pessoa WHERE psa_cli_id = (SELECT flo_id FROM flo_filiado WHERE flo_cpf = '36936770851')), (SELECT psa_id FROM psa_pessoa WHERE psa_cli_id = (SELECT flo_id FROM flo_filiado WHERE flo_cpf = '36936770851')), 201905, 1, 75, 0, 0, 0, 'Inscrição em evento: Como prestar serviços no mercado de QV e estratégias de comunicação', 20, '2019-05-03', '2019-05-03', '2019-05-04', '2019-05-02 12:24', 'Inscrição Cancelada', 1, 1);
INSERT INTO cba_cobranca (cba_situacao, cba_valor, cba_data_cadastro, cba_data_vencimento, cba_tipo_remessa, psa_id, cba_data_limite_recebimento, cba_motivo_cancelamento, cba_data_cancelamento)
VALUES (4, 75, '2019-05-02 12:24', '2019-05-03', 99, (SELECT psa_id FROM psa_pessoa WHERE psa_cli_id = (SELECT flo_id FROM flo_filiado WHERE flo_cpf = '36936770851')), '2019-05-04', 'Inscrição Cancelada', '2019-05-02 12:24');
INSERT INTO dvo_divida_cobranca (dva_id, cba_id) VALUES ((SELECT max(dva_id) FROM dva_divida), (SELECT max(cba_id) FROM cba_cobranca));

INSERT INTO eve_evento_sindicato_participante (eve_id, evo_id, flo_id, eve_nome, eve_participante_telefone, eve_participante_email, eve_cpf, flo_id_responsavel, eve_presenca_confirmada, eve_data_deletado, eve_deletado)
VALUES (23506, 10, (SELECT flo_id FROM flo_filiado WHERE flo_cpf = '12850045829'), 'Alexandre Rocha', '11999703655', 'alexandre.rocha@gympass.com', '12850045829', null, 1, null, 2);
INSERT INTO dva_divida (psa_id_pagador, psa_id_destinatario, cmi_id, dvu_id, dva_valor, dva_valor_pago, dva_valor_acrescimo, dva_valor_desconto, dva_descricao, dvp_id, dva_data_vencimento_atual, dva_data_vencimento_inicial, dva_data_inicio_cobranca_mora, dva_data_cancelamento, dva_motivo_cancelamento, dva_cancelada, dva_tipo_cancelamento)
VALUES ((SELECT psa_id FROM psa_pessoa WHERE psa_cli_id = (SELECT flo_id FROM flo_filiado WHERE flo_cpf = '12850045829')), (SELECT psa_id FROM psa_pessoa WHERE psa_cli_id = (SELECT flo_id FROM flo_filiado WHERE flo_cpf = '12850045829')), 201905, 2, 75, 0, 0, 75, 'Inscrição em evento: Como prestar serviços no mercado de QV e estratégias de comunicação', 20, '2019-05-14', '2019-05-14', '2019-05-15', null, null, 0, null);
INSERT INTO cba_cobranca (cba_situacao, cba_valor, cba_data_cadastro, cba_data_vencimento, cba_tipo_remessa, psa_id, cba_data_limite_recebimento, cba_motivo_cancelamento, cba_data_cancelamento)
VALUES (4, 75, '2019-05-13 11:52', '2019-05-14', 99, (SELECT psa_id FROM psa_pessoa WHERE psa_cli_id = (SELECT flo_id FROM flo_filiado WHERE flo_cpf = '12850045829')), '2019-05-15', 'Concessão de isenção', '2019-05-13 11:52');
INSERT INTO dvo_divida_cobranca (dva_id, cba_id) VALUES ((SELECT max(dva_id) FROM dva_divida), (SELECT max(cba_id) FROM cba_cobranca));
INSERT INTO dvt_divida_desconto (dva_id, dvt_valor, dvt_descricao, dvt_data_cadastro) VALUES ((SELECT max(dva_id) FROM dva_divida), 75, 'Concessão de isenção', '2019-05-13 11:52');
INSERT INTO cbn_cobranca_evento_sindicato (cbn_descricao, prve_id, eve_id, evo_id, dva_id) VALUES ('Inscrição em evento', 5, 23506, 10, (SELECT max(dva_id) FROM dva_divida));

INSERT INTO eve_evento_sindicato_participante (eve_id, evo_id, flo_id, eve_nome, eve_participante_telefone, eve_participante_email, eve_cpf, flo_id_responsavel, eve_presenca_confirmada, eve_data_deletado, eve_deletado)
VALUES (22120, 10, (SELECT flo_id FROM flo_filiado WHERE flo_cpf = '36246569889'), 'Amanda Nery Cardoso de Paula', '11945795597', 'amanda.melo@sharecare.com.br', '36246569889', null, 1, null, 2);
INSERT INTO dva_divida (psa_id_pagador, psa_id_destinatario, cmi_id, dvu_id, dva_valor, dva_valor_pago, dva_valor_acrescimo, dva_valor_desconto, dva_descricao, dvp_id, dva_data_vencimento_atual, dva_data_vencimento_inicial, dva_data_inicio_cobranca_mora, dva_data_cancelamento, dva_motivo_cancelamento, dva_cancelada, dva_tipo_cancelamento)
VALUES ((SELECT psa_id FROM psa_pessoa WHERE psa_cli_id = (SELECT flo_id FROM flo_filiado WHERE flo_cpf = '36246569889')), (SELECT psa_id FROM psa_pessoa WHERE psa_cli_id = (SELECT flo_id FROM flo_filiado WHERE flo_cpf = '36246569889')), 201905, 2, 75, 0, 0, 75, 'Inscrição em evento: Como prestar serviços no mercado de QV e estratégias de comunicação', 20, '2019-05-07', '2019-05-07', '2019-05-08', null, null, 0, null);
INSERT INTO cba_cobranca (cba_situacao, cba_valor, cba_data_cadastro, cba_data_vencimento, cba_tipo_remessa, psa_id, cba_data_limite_recebimento, cba_motivo_cancelamento, cba_data_cancelamento)
VALUES (4, 75, '2019-05-06 11:10', '2019-05-07', 99, (SELECT psa_id FROM psa_pessoa WHERE psa_cli_id = (SELECT flo_id FROM flo_filiado WHERE flo_cpf = '36246569889')), '2019-05-08', 'Concessão de isenção', '2019-05-06 11:10');
INSERT INTO dvo_divida_cobranca (dva_id, cba_id) VALUES ((SELECT max(dva_id) FROM dva_divida), (SELECT max(cba_id) FROM cba_cobranca));
INSERT INTO dvt_divida_desconto (dva_id, dvt_valor, dvt_descricao, dvt_data_cadastro) VALUES ((SELECT max(dva_id) FROM dva_divida), 75, 'Concessão de isenção', '2019-05-06 11:10');
INSERT INTO cbn_cobranca_evento_sindicato (cbn_descricao, prve_id, eve_id, evo_id, dva_id) VALUES ('Inscrição em evento', 5, 22120, 10, (SELECT max(dva_id) FROM dva_divida));

INSERT INTO eve_evento_sindicato_participante (eve_id, evo_id, flo_id, eve_nome, eve_participante_telefone, eve_participante_email, eve_cpf, flo_id_responsavel, eve_presenca_confirmada, eve_data_deletado, eve_deletado)
VALUES (21749, 10, (SELECT flo_id FROM flo_filiado WHERE flo_cpf = '26792957810'), 'Ana Alice dos Santos Mauriz', '11950609067', 'amauriz@rd.com.br', '26792957810', (SELECT flo_id FROM flo_filiado WHERE flo_nome = 'Euroamerica Corretora de Seguros Ltda'), 1, null, 2);
INSERT INTO dva_divida (psa_id_pagador, psa_id_destinatario, cmi_id, dvu_id, dva_valor, dva_valor_pago, dva_valor_acrescimo, dva_valor_desconto, dva_descricao, dvp_id, dva_data_vencimento_atual, dva_data_vencimento_inicial, dva_data_inicio_cobranca_mora, dva_data_cancelamento, dva_motivo_cancelamento, dva_cancelada, dva_tipo_cancelamento)
VALUES ((SELECT psa_id FROM psa_pessoa WHERE psa_cli_id = (SELECT flo_id FROM flo_filiado WHERE flo_cpf = '26792957810')), (SELECT psa_id FROM psa_pessoa WHERE psa_cli_id = (SELECT flo_id FROM flo_filiado WHERE flo_cpf = '26792957810')), 201905, 2, 75, 75, 0, 0, 'Inscrição em evento: Como prestar serviços no mercado de QV e estratégias de comunicação', 20, '2019-05-04', '2019-05-04', '2019-05-05', null, null, 0, null);
INSERT INTO cba_cobranca (cba_situacao, cba_valor, cba_data_cadastro, cba_data_vencimento, cba_tipo_remessa, psa_id, cba_data_limite_recebimento, cba_motivo_cancelamento, cba_data_cancelamento)
VALUES (3, 75, '2019-05-03 09:00', '2019-05-04', 99, (SELECT psa_id FROM psa_pessoa WHERE psa_cli_id = (SELECT flo_id FROM flo_filiado WHERE flo_cpf = '26792957810')), '2019-05-05', null, null);
INSERT INTO dvo_divida_cobranca (dva_id, cba_id) VALUES ((SELECT max(dva_id) FROM dva_divida), (SELECT max(cba_id) FROM cba_cobranca));
INSERT INTO cbn_cobranca_evento_sindicato (cbn_descricao, prve_id, eve_id, evo_id, dva_id) VALUES ('Inscrição em evento', 5, 21749, 10, (SELECT max(dva_id) FROM dva_divida));
INSERT INTO pgo_pagamento (cba_id, psa_id, pgo_valor, pgo_situacao, pgo_data_pagamento, pgo_data_credito) VALUES ((SELECT max(cba_id) FROM cba_cobranca), (SELECT psa_id FROM psa_pessoa WHERE psa_cli_id = (SELECT flo_id FROM flo_filiado WHERE flo_cpf = '26792957810')), 75, 1, '2019-05-03', '2019-05-03');
INSERT INTO pga_pagamento_divida (dva_id, pgo_id, pga_valor) VALUES ((SELECT max(dva_id) FROM dva_divida), (SELECT max(pgo_id) FROM pgo_pagamento), 75);

INSERT INTO eve_evento_sindicato_participante (eve_id, evo_id, flo_id, eve_nome, eve_participante_telefone, eve_participante_email, eve_cpf, flo_id_responsavel, eve_presenca_confirmada, eve_data_deletado, eve_deletado)
VALUES (20485, 10, (SELECT flo_id FROM flo_filiado WHERE flo_cpf = '11227464827'), 'Ana Paula Garcia', '1141443332', 'anapaula@libertyseguros.com.br', '11227464827', null, 2, null, 2);
INSERT INTO dva_divida (psa_id_pagador, psa_id_destinatario, cmi_id, dvu_id, dva_valor, dva_valor_pago, dva_valor_acrescimo, dva_valor_desconto, dva_descricao, dvp_id, dva_data_vencimento_atual, dva_data_vencimento_inicial, dva_data_inicio_cobranca_mora, dva_data_cancelamento, dva_motivo_cancelamento, dva_cancelada, dva_tipo_cancelamento)
VALUES ((SELECT psa_id FROM psa_pessoa WHERE psa_cli_id = (SELECT flo_id FROM flo_filiado WHERE flo_cpf = '11227464827')), (SELECT psa_id FROM psa_pessoa WHERE psa_cli_id = (SELECT flo_id FROM flo_filiado WHERE flo_cpf = '11227464827')), 201904, 1, 75, 0, 0, 0, 'Inscrição em evento: Como prestar serviços no mercado de QV e estratégias de comunicação', 20, '2019-04-28', '2019-04-28', '2019-04-29', null, null, 0, null);
INSERT INTO cba_cobranca (cba_situacao, cba_valor, cba_data_cadastro, cba_data_vencimento, cba_tipo_remessa, psa_id, cba_data_limite_recebimento, cba_motivo_cancelamento, cba_data_cancelamento)
VALUES (1, 75, '2019-04-27 09:01', '2019-04-28', 99, (SELECT psa_id FROM psa_pessoa WHERE psa_cli_id = (SELECT flo_id FROM flo_filiado WHERE flo_cpf = '11227464827')), '2019-04-29', null, null);
INSERT INTO dvo_divida_cobranca (dva_id, cba_id) VALUES ((SELECT max(dva_id) FROM dva_divida), (SELECT max(cba_id) FROM cba_cobranca));
INSERT INTO cbn_cobranca_evento_sindicato (cbn_descricao, prve_id, eve_id, evo_id, dva_id) VALUES ('Inscrição em evento', 5, 20485, 10, (SELECT max(dva_id) FROM dva_divida));

INSERT INTO eve_evento_sindicato_participante (eve_id, evo_id, flo_id, eve_nome, eve_participante_telefone, eve_participante_email, eve_cpf, flo_id_responsavel, eve_presenca_confirmada, eve_data_deletado, eve_deletado)
VALUES (21591, 10, (SELECT flo_id FROM flo_filiado WHERE flo_cpf = '28325947861'), 'Ana Paula Martins Vicentin', '11975004685', 'hanamar@gmail.com', '28325947861', null, 2, '2019-05-02 17:07', 1);
INSERT INTO dva_divida (psa_id_pagador, psa_id_destinatario, cmi_id, dvu_id, dva_valor, dva_valor_pago, dva_valor_acrescimo, dva_valor_desconto, dva_descricao, dvp_id, dva_data_vencimento_atual, dva_data_vencimento_inicial, dva_data_inicio_cobranca_mora, dva_data_cancelamento, dva_motivo_cancelamento, dva_cancelada, dva_tipo_cancelamento)
VALUES ((SELECT psa_id FROM psa_pessoa WHERE psa_cli_id = (SELECT flo_id FROM flo_filiado WHERE flo_cpf = '28325947861')), (SELECT psa_id FROM psa_pessoa WHERE psa_cli_id = (SELECT flo_id FROM flo_filiado WHERE flo_cpf = '28325947861')), 201905, 1, 75, 0, 0, 0, 'Inscrição em evento: Como prestar serviços no mercado de QV e estratégias de comunicação', 20, '2019-05-03', '2019-05-03', '2019-05-04', '2019-05-02 17:07', 'Inscrição Cancelada', 1, 1);
INSERT INTO cba_cobranca (cba_situacao, cba_valor, cba_data_cadastro, cba_data_vencimento, cba_tipo_remessa, psa_id, cba_data_limite_recebimento, cba_motivo_cancelamento, cba_data_cancelamento)
VALUES (4, 75, '2019-05-02 17:07', '2019-05-03', 99, (SELECT psa_id FROM psa_pessoa WHERE psa_cli_id = (SELECT flo_id FROM flo_filiado WHERE flo_cpf = '28325947861')), '2019-05-04', 'Inscrição Cancelada', '2019-05-02 17:07');
INSERT INTO dvo_divida_cobranca (dva_id, cba_id) VALUES ((SELECT max(dva_id) FROM dva_divida), (SELECT max(cba_id) FROM cba_cobranca));

INSERT INTO eve_evento_sindicato_participante (eve_id, evo_id, flo_id, eve_nome, eve_participante_telefone, eve_participante_email, eve_cpf, flo_id_responsavel, eve_presenca_confirmada, eve_data_deletado, eve_deletado)
VALUES (21810, 10, (SELECT flo_id FROM flo_filiado WHERE flo_cnpj = '57497539000115'), 'Bridgestone do Brasil', '11954519577', 'douglascerini@la-bridgestone.com', '57497539000115', null, 1, null, 2);
INSERT INTO dva_divida (psa_id_pagador, psa_id_destinatario, cmi_id, dvu_id, dva_valor, dva_valor_pago, dva_valor_acrescimo, dva_valor_desconto, dva_descricao, dvp_id, dva_data_vencimento_atual, dva_data_vencimento_inicial, dva_data_inicio_cobranca_mora, dva_data_cancelamento, dva_motivo_cancelamento, dva_cancelada, dva_tipo_cancelamento)
VALUES ((SELECT psa_id FROM psa_pessoa WHERE psa_cli_id = (SELECT flo_id FROM flo_filiado WHERE flo_cnpj = '57497539000115')), (SELECT psa_id FROM psa_pessoa WHERE psa_cli_id = (SELECT flo_id FROM flo_filiado WHERE flo_cnpj = '57497539000115')), 201905, 2, 75, 75, 0, 0, 'Inscrição em evento: Como prestar serviços no mercado de QV e estratégias de comunicação', 20, '2019-05-04', '2019-05-04', '2019-05-05', null, null, 0, null);
INSERT INTO cba_cobranca (cba_situacao, cba_valor, cba_data_cadastro, cba_data_vencimento, cba_tipo_remessa, psa_id, cba_data_limite_recebimento, cba_motivo_cancelamento, cba_data_cancelamento)
VALUES (3, 75, '2019-05-03 12:25', '2019-05-04', 99, (SELECT psa_id FROM psa_pessoa WHERE psa_cli_id = (SELECT flo_id FROM flo_filiado WHERE flo_cnpj = '57497539000115')), '2019-05-05', null, null);
INSERT INTO dvo_divida_cobranca (dva_id, cba_id) VALUES ((SELECT max(dva_id) FROM dva_divida), (SELECT max(cba_id) FROM cba_cobranca));
INSERT INTO cbn_cobranca_evento_sindicato (cbn_descricao, prve_id, eve_id, evo_id, dva_id) VALUES ('Inscrição em evento', 5, 21810, 10, (SELECT max(dva_id) FROM dva_divida));
INSERT INTO pgo_pagamento (cba_id, psa_id, pgo_valor, pgo_situacao, pgo_data_pagamento, pgo_data_credito) VALUES ((SELECT max(cba_id) FROM cba_cobranca), (SELECT psa_id FROM psa_pessoa WHERE psa_cli_id = (SELECT flo_id FROM flo_filiado WHERE flo_cnpj = '57497539000115')), 75, 1, '2019-05-03', '2019-05-03');
INSERT INTO pga_pagamento_divida (dva_id, pgo_id, pga_valor) VALUES ((SELECT max(dva_id) FROM dva_divida), (SELECT max(pgo_id) FROM pgo_pagamento), 75);

INSERT INTO eve_evento_sindicato_participante (eve_id, evo_id, flo_id, eve_nome, eve_participante_telefone, eve_participante_email, eve_cpf, flo_id_responsavel, eve_presenca_confirmada, eve_data_deletado, eve_deletado)
VALUES (22225, 10, (SELECT flo_id FROM flo_filiado WHERE flo_cpf = '22642159841'), 'Bruno Dario', '11988000660', 'brunodario1@hotmail.com', '22642159841', null, 1, null, 2);
INSERT INTO dva_divida (psa_id_pagador, psa_id_destinatario, cmi_id, dvu_id, dva_valor, dva_valor_pago, dva_valor_acrescimo, dva_valor_desconto, dva_descricao, dvp_id, dva_data_vencimento_atual, dva_data_vencimento_inicial, dva_data_inicio_cobranca_mora, dva_data_cancelamento, dva_motivo_cancelamento, dva_cancelada, dva_tipo_cancelamento)
VALUES ((SELECT psa_id FROM psa_pessoa WHERE psa_cli_id = (SELECT flo_id FROM flo_filiado WHERE flo_cpf = '22642159841')), (SELECT psa_id FROM psa_pessoa WHERE psa_cli_id = (SELECT flo_id FROM flo_filiado WHERE flo_cpf = '22642159841')), 201905, 2, 75, 75, 0, 0, 'Inscrição em evento: Como prestar serviços no mercado de QV e estratégias de comunicação', 20, '2019-05-07', '2019-05-07', '2019-05-08', null, null, 0, null);
INSERT INTO cba_cobranca (cba_situacao, cba_valor, cba_data_cadastro, cba_data_vencimento, cba_tipo_remessa, psa_id, cba_data_limite_recebimento, cba_motivo_cancelamento, cba_data_cancelamento)
VALUES (3, 75, '2019-05-06 15:18', '2019-05-07', 99, (SELECT psa_id FROM psa_pessoa WHERE psa_cli_id = (SELECT flo_id FROM flo_filiado WHERE flo_cpf = '22642159841')), '2019-05-08', null, null);
INSERT INTO dvo_divida_cobranca (dva_id, cba_id) VALUES ((SELECT max(dva_id) FROM dva_divida), (SELECT max(cba_id) FROM cba_cobranca));
INSERT INTO cbn_cobranca_evento_sindicato (cbn_descricao, prve_id, eve_id, evo_id, dva_id) VALUES ('Inscrição em evento', 5, 22225, 10, (SELECT max(dva_id) FROM dva_divida));
INSERT INTO pgo_pagamento (cba_id, psa_id, pgo_valor, pgo_situacao, pgo_data_pagamento, pgo_data_credito) VALUES ((SELECT max(cba_id) FROM cba_cobranca), (SELECT psa_id FROM psa_pessoa WHERE psa_cli_id = (SELECT flo_id FROM flo_filiado WHERE flo_cpf = '22642159841')), 75, 1, '2019-05-06', '2019-05-06');
INSERT INTO pga_pagamento_divida (dva_id, pgo_id, pga_valor) VALUES ((SELECT max(dva_id) FROM dva_divida), (SELECT max(pgo_id) FROM pgo_pagamento), 75);

INSERT INTO eve_evento_sindicato_participante (eve_id, evo_id, flo_id, eve_nome, eve_participante_telefone, eve_participante_email, eve_cpf, flo_id_responsavel, eve_presenca_confirmada, eve_data_deletado, eve_deletado)
VALUES (22170, 10, (SELECT flo_id FROM flo_filiado WHERE flo_cnpj = '20836154000125'), 'Bs Corporate Wellness Eventos Esportivos Ltda', '11985875000', 'fer.bs@terra.com.br', '20836154000125', null, 1, null, 2);
INSERT INTO dva_divida (psa_id_pagador, psa_id_destinatario, cmi_id, dvu_id, dva_valor, dva_valor_pago, dva_valor_acrescimo, dva_valor_desconto, dva_descricao, dvp_id, dva_data_vencimento_atual, dva_data_vencimento_inicial, dva_data_inicio_cobranca_mora, dva_data_cancelamento, dva_motivo_cancelamento, dva_cancelada, dva_tipo_cancelamento)
VALUES ((SELECT psa_id FROM psa_pessoa WHERE psa_cli_id = (SELECT flo_id FROM flo_filiado WHERE flo_cnpj = '20836154000125')), (SELECT psa_id FROM psa_pessoa WHERE psa_cli_id = (SELECT flo_id FROM flo_filiado WHERE flo_cnpj = '20836154000125')), 201905, 2, 75, 0, 0, 75, 'Inscrição em evento: Como prestar serviços no mercado de QV e estratégias de comunicação', 20, '2019-05-07', '2019-05-07', '2019-05-08', null, null, 0, null);
INSERT INTO cba_cobranca (cba_situacao, cba_valor, cba_data_cadastro, cba_data_vencimento, cba_tipo_remessa, psa_id, cba_data_limite_recebimento, cba_motivo_cancelamento, cba_data_cancelamento)
VALUES (4, 75, '2019-05-06 13:53', '2019-05-07', 99, (SELECT psa_id FROM psa_pessoa WHERE psa_cli_id = (SELECT flo_id FROM flo_filiado WHERE flo_cnpj = '20836154000125')), '2019-05-08', 'Concessão de isenção', '2019-05-06 13:53');
INSERT INTO dvo_divida_cobranca (dva_id, cba_id) VALUES ((SELECT max(dva_id) FROM dva_divida), (SELECT max(cba_id) FROM cba_cobranca));
INSERT INTO dvt_divida_desconto (dva_id, dvt_valor, dvt_descricao, dvt_data_cadastro) VALUES ((SELECT max(dva_id) FROM dva_divida), 75, 'Concessão de isenção', '2019-05-06 13:53');
INSERT INTO cbn_cobranca_evento_sindicato (cbn_descricao, prve_id, eve_id, evo_id, dva_id) VALUES ('Inscrição em evento', 5, 22170, 10, (SELECT max(dva_id) FROM dva_divida));

INSERT INTO eve_evento_sindicato_participante (eve_id, evo_id, flo_id, eve_nome, eve_participante_telefone, eve_participante_email, eve_cpf, flo_id_responsavel, eve_presenca_confirmada, eve_data_deletado, eve_deletado)
VALUES (23477, 10, (SELECT flo_id FROM flo_filiado WHERE flo_cpf = '33923803850'), 'Camila Avanzo', '11960762002', 'camila@catividade.com.br', '33923803850', null, 1, null, 2);
INSERT INTO dva_divida (psa_id_pagador, psa_id_destinatario, cmi_id, dvu_id, dva_valor, dva_valor_pago, dva_valor_acrescimo, dva_valor_desconto, dva_descricao, dvp_id, dva_data_vencimento_atual, dva_data_vencimento_inicial, dva_data_inicio_cobranca_mora, dva_data_cancelamento, dva_motivo_cancelamento, dva_cancelada, dva_tipo_cancelamento)
VALUES ((SELECT psa_id FROM psa_pessoa WHERE psa_cli_id = (SELECT flo_id FROM flo_filiado WHERE flo_cpf = '33923803850')), (SELECT psa_id FROM psa_pessoa WHERE psa_cli_id = (SELECT flo_id FROM flo_filiado WHERE flo_cpf = '33923803850')), 201905, 2, 75, 0, 0, 75, 'Inscrição em evento: Como prestar serviços no mercado de QV e estratégias de comunicação', 20, '2019-05-14', '2019-05-14', '2019-05-15', null, null, 0, null);
INSERT INTO cba_cobranca (cba_situacao, cba_valor, cba_data_cadastro, cba_data_vencimento, cba_tipo_remessa, psa_id, cba_data_limite_recebimento, cba_motivo_cancelamento, cba_data_cancelamento)
VALUES (4, 75, '2019-05-13 11:18', '2019-05-14', 99, (SELECT psa_id FROM psa_pessoa WHERE psa_cli_id = (SELECT flo_id FROM flo_filiado WHERE flo_cpf = '33923803850')), '2019-05-15', 'Concessão de isenção', '2019-05-13 11:18');
INSERT INTO dvo_divida_cobranca (dva_id, cba_id) VALUES ((SELECT max(dva_id) FROM dva_divida), (SELECT max(cba_id) FROM cba_cobranca));
INSERT INTO dvt_divida_desconto (dva_id, dvt_valor, dvt_descricao, dvt_data_cadastro) VALUES ((SELECT max(dva_id) FROM dva_divida), 75, 'Concessão de isenção', '2019-05-13 11:18');
INSERT INTO cbn_cobranca_evento_sindicato (cbn_descricao, prve_id, eve_id, evo_id, dva_id) VALUES ('Inscrição em evento', 5, 23477, 10, (SELECT max(dva_id) FROM dva_divida));

INSERT INTO eve_evento_sindicato_participante (eve_id, evo_id, flo_id, eve_nome, eve_participante_telefone, eve_participante_email, eve_cpf, flo_id_responsavel, eve_presenca_confirmada, eve_data_deletado, eve_deletado)
VALUES (23500, 10, (SELECT flo_id FROM flo_filiado WHERE flo_cpf = '43206356806'), 'Camila Dantas', '11999172022', 'camiladantas899@mail.com', '43206356806', null, 1, null, 2);
INSERT INTO dva_divida (psa_id_pagador, psa_id_destinatario, cmi_id, dvu_id, dva_valor, dva_valor_pago, dva_valor_acrescimo, dva_valor_desconto, dva_descricao, dvp_id, dva_data_vencimento_atual, dva_data_vencimento_inicial, dva_data_inicio_cobranca_mora, dva_data_cancelamento, dva_motivo_cancelamento, dva_cancelada, dva_tipo_cancelamento)
VALUES ((SELECT psa_id FROM psa_pessoa WHERE psa_cli_id = (SELECT flo_id FROM flo_filiado WHERE flo_cpf = '43206356806')), (SELECT psa_id FROM psa_pessoa WHERE psa_cli_id = (SELECT flo_id FROM flo_filiado WHERE flo_cpf = '43206356806')), 201905, 2, 75, 0, 0, 75, 'Inscrição em evento: Como prestar serviços no mercado de QV e estratégias de comunicação', 20, '2019-05-14', '2019-05-14', '2019-05-15', null, null, 0, null);
INSERT INTO cba_cobranca (cba_situacao, cba_valor, cba_data_cadastro, cba_data_vencimento, cba_tipo_remessa, psa_id, cba_data_limite_recebimento, cba_motivo_cancelamento, cba_data_cancelamento)
VALUES (4, 75, '2019-05-13 11:47', '2019-05-14', 99, (SELECT psa_id FROM psa_pessoa WHERE psa_cli_id = (SELECT flo_id FROM flo_filiado WHERE flo_cpf = '43206356806')), '2019-05-15', 'Concessão de isenção', '2019-05-13 11:47');
INSERT INTO dvo_divida_cobranca (dva_id, cba_id) VALUES ((SELECT max(dva_id) FROM dva_divida), (SELECT max(cba_id) FROM cba_cobranca));
INSERT INTO dvt_divida_desconto (dva_id, dvt_valor, dvt_descricao, dvt_data_cadastro) VALUES ((SELECT max(dva_id) FROM dva_divida), 75, 'Concessão de isenção', '2019-05-13 11:47');
INSERT INTO cbn_cobranca_evento_sindicato (cbn_descricao, prve_id, eve_id, evo_id, dva_id) VALUES ('Inscrição em evento', 5, 23500, 10, (SELECT max(dva_id) FROM dva_divida));

INSERT INTO eve_evento_sindicato_participante (eve_id, evo_id, flo_id, eve_nome, eve_participante_telefone, eve_participante_email, eve_cpf, flo_id_responsavel, eve_presenca_confirmada, eve_data_deletado, eve_deletado)
VALUES (22237, 10, (SELECT flo_id FROM flo_filiado WHERE flo_cpf = '43206356806'), 'Camila Rodrigues Dantas da Silva', '11999172022', 'camiladantas899@gmail.com', '43206356806', null, 2, '2019-05-06 16:07', 1);
INSERT INTO dva_divida (psa_id_pagador, psa_id_destinatario, cmi_id, dvu_id, dva_valor, dva_valor_pago, dva_valor_acrescimo, dva_valor_desconto, dva_descricao, dvp_id, dva_data_vencimento_atual, dva_data_vencimento_inicial, dva_data_inicio_cobranca_mora, dva_data_cancelamento, dva_motivo_cancelamento, dva_cancelada, dva_tipo_cancelamento)
VALUES ((SELECT psa_id FROM psa_pessoa WHERE psa_cli_id = (SELECT flo_id FROM flo_filiado WHERE flo_cpf = '43206356806')), (SELECT psa_id FROM psa_pessoa WHERE psa_cli_id = (SELECT flo_id FROM flo_filiado WHERE flo_cpf = '43206356806')), 201905, 1, 75, 0, 0, 0, 'Inscrição em evento: Como prestar serviços no mercado de QV e estratégias de comunicação', 20, '2019-05-07', '2019-05-07', '2019-05-08', '2019-05-06 16:07', 'Inscrição Cancelada', 1, 1);
INSERT INTO cba_cobranca (cba_situacao, cba_valor, cba_data_cadastro, cba_data_vencimento, cba_tipo_remessa, psa_id, cba_data_limite_recebimento, cba_motivo_cancelamento, cba_data_cancelamento)
VALUES (4, 75, '2019-05-06 16:07', '2019-05-07', 99, (SELECT psa_id FROM psa_pessoa WHERE psa_cli_id = (SELECT flo_id FROM flo_filiado WHERE flo_cpf = '43206356806')), '2019-05-08', 'Inscrição Cancelada', '2019-05-06 16:07');
INSERT INTO dvo_divida_cobranca (dva_id, cba_id) VALUES ((SELECT max(dva_id) FROM dva_divida), (SELECT max(cba_id) FROM cba_cobranca));

INSERT INTO eve_evento_sindicato_participante (eve_id, evo_id, flo_id, eve_nome, eve_participante_telefone, eve_participante_email, eve_cpf, flo_id_responsavel, eve_presenca_confirmada, eve_data_deletado, eve_deletado)
VALUES (22224, 10, (SELECT flo_id FROM flo_filiado WHERE flo_cnpj = '07843950000127'), 'Cgp Brasil', '11944946498', 'willian@cgpbrasil.com', '07843950000127', null, 1, null, 2);
INSERT INTO dva_divida (psa_id_pagador, psa_id_destinatario, cmi_id, dvu_id, dva_valor, dva_valor_pago, dva_valor_acrescimo, dva_valor_desconto, dva_descricao, dvp_id, dva_data_vencimento_atual, dva_data_vencimento_inicial, dva_data_inicio_cobranca_mora, dva_data_cancelamento, dva_motivo_cancelamento, dva_cancelada, dva_tipo_cancelamento)
VALUES ((SELECT psa_id FROM psa_pessoa WHERE psa_cli_id = (SELECT flo_id FROM flo_filiado WHERE flo_cnpj = '07843950000127')), (SELECT psa_id FROM psa_pessoa WHERE psa_cli_id = (SELECT flo_id FROM flo_filiado WHERE flo_cnpj = '07843950000127')), 201905, 2, 75, 0, 0, 75, 'Inscrição em evento: Como prestar serviços no mercado de QV e estratégias de comunicação', 20, '2019-05-07', '2019-05-07', '2019-05-08', null, null, 0, null);
INSERT INTO cba_cobranca (cba_situacao, cba_valor, cba_data_cadastro, cba_data_vencimento, cba_tipo_remessa, psa_id, cba_data_limite_recebimento, cba_motivo_cancelamento, cba_data_cancelamento)
VALUES (4, 75, '2019-05-06 15:17', '2019-05-07', 99, (SELECT psa_id FROM psa_pessoa WHERE psa_cli_id = (SELECT flo_id FROM flo_filiado WHERE flo_cnpj = '07843950000127')), '2019-05-08', 'Concessão de isenção', '2019-05-06 15:17');
INSERT INTO dvo_divida_cobranca (dva_id, cba_id) VALUES ((SELECT max(dva_id) FROM dva_divida), (SELECT max(cba_id) FROM cba_cobranca));
INSERT INTO dvt_divida_desconto (dva_id, dvt_valor, dvt_descricao, dvt_data_cadastro) VALUES ((SELECT max(dva_id) FROM dva_divida), 75, 'Concessão de isenção', '2019-05-06 15:17');
INSERT INTO cbn_cobranca_evento_sindicato (cbn_descricao, prve_id, eve_id, evo_id, dva_id) VALUES ('Inscrição em evento', 5, 22224, 10, (SELECT max(dva_id) FROM dva_divida));

INSERT INTO eve_evento_sindicato_participante (eve_id, evo_id, flo_id, eve_nome, eve_participante_telefone, eve_participante_email, eve_cpf, flo_id_responsavel, eve_presenca_confirmada, eve_data_deletado, eve_deletado)
VALUES (22082, 10, (SELECT flo_id FROM flo_filiado WHERE flo_cnpj = '01027058000191'), 'Cielo S.A.', '1135637095', 'teixeira.desouza@gmail.com', '01027058000191', null, 1, null, 2);
INSERT INTO dva_divida (psa_id_pagador, psa_id_destinatario, cmi_id, dvu_id, dva_valor, dva_valor_pago, dva_valor_acrescimo, dva_valor_desconto, dva_descricao, dvp_id, dva_data_vencimento_atual, dva_data_vencimento_inicial, dva_data_inicio_cobranca_mora, dva_data_cancelamento, dva_motivo_cancelamento, dva_cancelada, dva_tipo_cancelamento)
VALUES ((SELECT psa_id FROM psa_pessoa WHERE psa_cli_id = (SELECT flo_id FROM flo_filiado WHERE flo_cnpj = '01027058000191')), (SELECT psa_id FROM psa_pessoa WHERE psa_cli_id = (SELECT flo_id FROM flo_filiado WHERE flo_cnpj = '01027058000191')), 201905, 2, 75, 0, 0, 75, 'Inscrição em evento: Como prestar serviços no mercado de QV e estratégias de comunicação', 20, '2019-05-07', '2019-05-07', '2019-05-08', null, null, 0, null);
INSERT INTO cba_cobranca (cba_situacao, cba_valor, cba_data_cadastro, cba_data_vencimento, cba_tipo_remessa, psa_id, cba_data_limite_recebimento, cba_motivo_cancelamento, cba_data_cancelamento)
VALUES (4, 75, '2019-05-06 09:17', '2019-05-07', 99, (SELECT psa_id FROM psa_pessoa WHERE psa_cli_id = (SELECT flo_id FROM flo_filiado WHERE flo_cnpj = '01027058000191')), '2019-05-08', 'Concessão de isenção', '2019-05-06 09:17');
INSERT INTO dvo_divida_cobranca (dva_id, cba_id) VALUES ((SELECT max(dva_id) FROM dva_divida), (SELECT max(cba_id) FROM cba_cobranca));
INSERT INTO dvt_divida_desconto (dva_id, dvt_valor, dvt_descricao, dvt_data_cadastro) VALUES ((SELECT max(dva_id) FROM dva_divida), 75, 'Concessão de isenção', '2019-05-06 09:17');
INSERT INTO cbn_cobranca_evento_sindicato (cbn_descricao, prve_id, eve_id, evo_id, dva_id) VALUES ('Inscrição em evento', 5, 22082, 10, (SELECT max(dva_id) FROM dva_divida));

INSERT INTO eve_evento_sindicato_participante (eve_id, evo_id, flo_id, eve_nome, eve_participante_telefone, eve_participante_email, eve_cpf, flo_id_responsavel, eve_presenca_confirmada, eve_data_deletado, eve_deletado)
VALUES (21464, 10, (SELECT flo_id FROM flo_filiado WHERE flo_nome = 'Cptm'), 'Cptm', '1136137131', 'luciano.rosa@cptm.sp.gov.br', '', null, 1, null, 2);
INSERT INTO dva_divida (psa_id_pagador, psa_id_destinatario, cmi_id, dvu_id, dva_valor, dva_valor_pago, dva_valor_acrescimo, dva_valor_desconto, dva_descricao, dvp_id, dva_data_vencimento_atual, dva_data_vencimento_inicial, dva_data_inicio_cobranca_mora, dva_data_cancelamento, dva_motivo_cancelamento, dva_cancelada, dva_tipo_cancelamento)
VALUES ((SELECT psa_id FROM psa_pessoa WHERE psa_cli_id = (SELECT flo_id FROM flo_filiado WHERE flo_nome = 'Cptm')), (SELECT psa_id FROM psa_pessoa WHERE psa_cli_id = (SELECT flo_id FROM flo_filiado WHERE flo_nome = 'Cptm')), 201905, 2, 75, 75, 0, 0, 'Inscrição em evento: Como prestar serviços no mercado de QV e estratégias de comunicação', 20, '2019-05-03', '2019-05-03', '2019-05-04', null, null, 0, null);
INSERT INTO cba_cobranca (cba_situacao, cba_valor, cba_data_cadastro, cba_data_vencimento, cba_tipo_remessa, psa_id, cba_data_limite_recebimento, cba_motivo_cancelamento, cba_data_cancelamento)
VALUES (3, 75, '2019-05-02 12:45', '2019-05-03', 99, (SELECT psa_id FROM psa_pessoa WHERE psa_cli_id = (SELECT flo_id FROM flo_filiado WHERE flo_nome = 'Cptm')), '2019-05-04', null, null);
INSERT INTO dvo_divida_cobranca (dva_id, cba_id) VALUES ((SELECT max(dva_id) FROM dva_divida), (SELECT max(cba_id) FROM cba_cobranca));
INSERT INTO cbn_cobranca_evento_sindicato (cbn_descricao, prve_id, eve_id, evo_id, dva_id) VALUES ('Inscrição em evento', 5, 21464, 10, (SELECT max(dva_id) FROM dva_divida));
INSERT INTO pgo_pagamento (cba_id, psa_id, pgo_valor, pgo_situacao, pgo_data_pagamento, pgo_data_credito) VALUES ((SELECT max(cba_id) FROM cba_cobranca), (SELECT psa_id FROM psa_pessoa WHERE psa_cli_id = (SELECT flo_id FROM flo_filiado WHERE flo_nome = 'Cptm')), 75, 1, '2019-05-02', '2019-05-02');
INSERT INTO pga_pagamento_divida (dva_id, pgo_id, pga_valor) VALUES ((SELECT max(dva_id) FROM dva_divida), (SELECT max(pgo_id) FROM pgo_pagamento), 75);

INSERT INTO eve_evento_sindicato_participante (eve_id, evo_id, flo_id, eve_nome, eve_participante_telefone, eve_participante_email, eve_cpf, flo_id_responsavel, eve_presenca_confirmada, eve_data_deletado, eve_deletado)
VALUES (20573, 10, (SELECT flo_id FROM flo_filiado WHERE flo_cpf = '19778686653'), 'Dr. Anezio Juliao', '11943258477', 'anezio.juliao@eurofarma.com.br', '19778686653', 207713, 1, null, 2);
INSERT INTO dva_divida (psa_id_pagador, psa_id_destinatario, cmi_id, dvu_id, dva_valor, dva_valor_pago, dva_valor_acrescimo, dva_valor_desconto, dva_descricao, dvp_id, dva_data_vencimento_atual, dva_data_vencimento_inicial, dva_data_inicio_cobranca_mora, dva_data_cancelamento, dva_motivo_cancelamento, dva_cancelada, dva_tipo_cancelamento)
VALUES ((SELECT psa_id FROM psa_pessoa WHERE psa_cli_id = (SELECT flo_id FROM flo_filiado WHERE flo_cpf = '19778686653')), (SELECT psa_id FROM psa_pessoa WHERE psa_cli_id = (SELECT flo_id FROM flo_filiado WHERE flo_cpf = '19778686653')), 201904, 2, 75, 75, 0, 0, 'Inscrição em evento: Como prestar serviços no mercado de QV e estratégias de comunicação', 20, '2019-04-30', '2019-04-30', '2019-05-01', null, null, 0, null);
INSERT INTO cba_cobranca (cba_situacao, cba_valor, cba_data_cadastro, cba_data_vencimento, cba_tipo_remessa, psa_id, cba_data_limite_recebimento, cba_motivo_cancelamento, cba_data_cancelamento)
VALUES (3, 75, '2019-04-29 09:32', '2019-04-30', 99, (SELECT psa_id FROM psa_pessoa WHERE psa_cli_id = (SELECT flo_id FROM flo_filiado WHERE flo_cpf = '19778686653')), '2019-05-01', null, null);
INSERT INTO dvo_divida_cobranca (dva_id, cba_id) VALUES ((SELECT max(dva_id) FROM dva_divida), (SELECT max(cba_id) FROM cba_cobranca));
INSERT INTO cbn_cobranca_evento_sindicato (cbn_descricao, prve_id, eve_id, evo_id, dva_id) VALUES ('Inscrição em evento', 5, 20573, 10, (SELECT max(dva_id) FROM dva_divida));
INSERT INTO pgo_pagamento (cba_id, psa_id, pgo_valor, pgo_situacao, pgo_data_pagamento, pgo_data_credito) VALUES ((SELECT max(cba_id) FROM cba_cobranca), (SELECT psa_id FROM psa_pessoa WHERE psa_cli_id = (SELECT flo_id FROM flo_filiado WHERE flo_cpf = '19778686653')), 75, 1, '2019-04-29', '2019-04-29');
INSERT INTO pga_pagamento_divida (dva_id, pgo_id, pga_valor) VALUES ((SELECT max(dva_id) FROM dva_divida), (SELECT max(pgo_id) FROM pgo_pagamento), 75);

INSERT INTO eve_evento_sindicato_participante (eve_id, evo_id, flo_id, eve_nome, eve_participante_telefone, eve_participante_email, eve_cpf, flo_id_responsavel, eve_presenca_confirmada, eve_data_deletado, eve_deletado)
VALUES (21752, 10, (SELECT flo_id FROM flo_filiado WHERE flo_cpf = '18241933860'), 'Elaine Reis Barbosa Brito', '11953114141', 'elainebrito@gmail.com', '18241933860', (SELECT flo_id FROM flo_filiado WHERE flo_nome = 'Euroamerica Corretora de Seguros Ltda'), 1, null, 2);
INSERT INTO dva_divida (psa_id_pagador, psa_id_destinatario, cmi_id, dvu_id, dva_valor, dva_valor_pago, dva_valor_acrescimo, dva_valor_desconto, dva_descricao, dvp_id, dva_data_vencimento_atual, dva_data_vencimento_inicial, dva_data_inicio_cobranca_mora, dva_data_cancelamento, dva_motivo_cancelamento, dva_cancelada, dva_tipo_cancelamento)
VALUES ((SELECT psa_id FROM psa_pessoa WHERE psa_cli_id = (SELECT flo_id FROM flo_filiado WHERE flo_cpf = '18241933860')), (SELECT psa_id FROM psa_pessoa WHERE psa_cli_id = (SELECT flo_id FROM flo_filiado WHERE flo_cpf = '18241933860')), 201905, 2, 75, 75, 0, 0, 'Inscrição em evento: Como prestar serviços no mercado de QV e estratégias de comunicação', 20, '2019-05-04', '2019-05-04', '2019-05-05', null, null, 0, null);
INSERT INTO cba_cobranca (cba_situacao, cba_valor, cba_data_cadastro, cba_data_vencimento, cba_tipo_remessa, psa_id, cba_data_limite_recebimento, cba_motivo_cancelamento, cba_data_cancelamento)
VALUES (3, 75, '2019-05-03 09:08', '2019-05-04', 99, (SELECT psa_id FROM psa_pessoa WHERE psa_cli_id = (SELECT flo_id FROM flo_filiado WHERE flo_cpf = '18241933860')), '2019-05-05', null, null);
INSERT INTO dvo_divida_cobranca (dva_id, cba_id) VALUES ((SELECT max(dva_id) FROM dva_divida), (SELECT max(cba_id) FROM cba_cobranca));
INSERT INTO cbn_cobranca_evento_sindicato (cbn_descricao, prve_id, eve_id, evo_id, dva_id) VALUES ('Inscrição em evento', 5, 21752, 10, (SELECT max(dva_id) FROM dva_divida));
INSERT INTO pgo_pagamento (cba_id, psa_id, pgo_valor, pgo_situacao, pgo_data_pagamento, pgo_data_credito) VALUES ((SELECT max(cba_id) FROM cba_cobranca), (SELECT psa_id FROM psa_pessoa WHERE psa_cli_id = (SELECT flo_id FROM flo_filiado WHERE flo_cpf = '18241933860')), 75, 1, '2019-05-03', '2019-05-03');
INSERT INTO pga_pagamento_divida (dva_id, pgo_id, pga_valor) VALUES ((SELECT max(dva_id) FROM dva_divida), (SELECT max(pgo_id) FROM pgo_pagamento), 75);

INSERT INTO eve_evento_sindicato_participante (eve_id, evo_id, flo_id, eve_nome, eve_participante_telefone, eve_participante_email, eve_cpf, flo_id_responsavel, eve_presenca_confirmada, eve_data_deletado, eve_deletado)
VALUES (22239, 10, (SELECT flo_id FROM flo_filiado WHERE flo_cpf = '35013758831'), 'Erika Gonçalves', '11942397407', 'erika.goncalves@sharecare.com', '35013758831', null, 1, null, 2);
INSERT INTO dva_divida (psa_id_pagador, psa_id_destinatario, cmi_id, dvu_id, dva_valor, dva_valor_pago, dva_valor_acrescimo, dva_valor_desconto, dva_descricao, dvp_id, dva_data_vencimento_atual, dva_data_vencimento_inicial, dva_data_inicio_cobranca_mora, dva_data_cancelamento, dva_motivo_cancelamento, dva_cancelada, dva_tipo_cancelamento)
VALUES ((SELECT psa_id FROM psa_pessoa WHERE psa_cli_id = (SELECT flo_id FROM flo_filiado WHERE flo_cpf = '35013758831')), (SELECT psa_id FROM psa_pessoa WHERE psa_cli_id = (SELECT flo_id FROM flo_filiado WHERE flo_cpf = '35013758831')), 201905, 2, 75, 0, 0, 75, 'Inscrição em evento: Como prestar serviços no mercado de QV e estratégias de comunicação', 20, '2019-05-07', '2019-05-07', '2019-05-08', null, null, 0, null);
INSERT INTO cba_cobranca (cba_situacao, cba_valor, cba_data_cadastro, cba_data_vencimento, cba_tipo_remessa, psa_id, cba_data_limite_recebimento, cba_motivo_cancelamento, cba_data_cancelamento)
VALUES (4, 75, '2019-05-06 16:10', '2019-05-07', 99, (SELECT psa_id FROM psa_pessoa WHERE psa_cli_id = (SELECT flo_id FROM flo_filiado WHERE flo_cpf = '35013758831')), '2019-05-08', 'Concessão de isenção', '2019-05-06 16:10');
INSERT INTO dvo_divida_cobranca (dva_id, cba_id) VALUES ((SELECT max(dva_id) FROM dva_divida), (SELECT max(cba_id) FROM cba_cobranca));
INSERT INTO dvt_divida_desconto (dva_id, dvt_valor, dvt_descricao, dvt_data_cadastro) VALUES ((SELECT max(dva_id) FROM dva_divida), 75, 'Concessão de isenção', '2019-05-06 16:10');
INSERT INTO cbn_cobranca_evento_sindicato (cbn_descricao, prve_id, eve_id, evo_id, dva_id) VALUES ('Inscrição em evento', 5, 22239, 10, (SELECT max(dva_id) FROM dva_divida));

INSERT INTO eve_evento_sindicato_participante (eve_id, evo_id, flo_id, eve_nome, eve_participante_telefone, eve_participante_email, eve_cpf, flo_id_responsavel, eve_presenca_confirmada, eve_data_deletado, eve_deletado)
VALUES (21742, 10, (SELECT flo_id FROM flo_filiado WHERE flo_nome = 'Euroamerica Corretora de Seguros Ltda'), 'Euroamerica Corretora de Seguros Ltda', '1131654811', 'amso@euroseg.com.br', '', null, 1, null, 2);
INSERT INTO dva_divida (psa_id_pagador, psa_id_destinatario, cmi_id, dvu_id, dva_valor, dva_valor_pago, dva_valor_acrescimo, dva_valor_desconto, dva_descricao, dvp_id, dva_data_vencimento_atual, dva_data_vencimento_inicial, dva_data_inicio_cobranca_mora, dva_data_cancelamento, dva_motivo_cancelamento, dva_cancelada, dva_tipo_cancelamento)
VALUES ((SELECT psa_id FROM psa_pessoa WHERE psa_cli_id = (SELECT flo_id FROM flo_filiado WHERE flo_nome = 'Euroamerica Corretora de Seguros Ltda')), (SELECT psa_id FROM psa_pessoa WHERE psa_cli_id = (SELECT flo_id FROM flo_filiado WHERE flo_nome = 'Euroamerica Corretora de Seguros Ltda')), 201905, 2, 75, 75, 0, 0, 'Inscrição em evento: Como prestar serviços no mercado de QV e estratégias de comunicação', 20, '2019-05-04', '2019-05-04', '2019-05-05', null, null, 0, null);
INSERT INTO cba_cobranca (cba_situacao, cba_valor, cba_data_cadastro, cba_data_vencimento, cba_tipo_remessa, psa_id, cba_data_limite_recebimento, cba_motivo_cancelamento, cba_data_cancelamento)
VALUES (3, 75, '2019-05-03 08:43', '2019-05-04', 99, (SELECT psa_id FROM psa_pessoa WHERE psa_cli_id = (SELECT flo_id FROM flo_filiado WHERE flo_nome = 'Euroamerica Corretora de Seguros Ltda')), '2019-05-05', null, null);
INSERT INTO dvo_divida_cobranca (dva_id, cba_id) VALUES ((SELECT max(dva_id) FROM dva_divida), (SELECT max(cba_id) FROM cba_cobranca));
INSERT INTO cbn_cobranca_evento_sindicato (cbn_descricao, prve_id, eve_id, evo_id, dva_id) VALUES ('Inscrição em evento', 5, 21742, 10, (SELECT max(dva_id) FROM dva_divida));
INSERT INTO pgo_pagamento (cba_id, psa_id, pgo_valor, pgo_situacao, pgo_data_pagamento, pgo_data_credito) VALUES ((SELECT max(cba_id) FROM cba_cobranca), (SELECT psa_id FROM psa_pessoa WHERE psa_cli_id = (SELECT flo_id FROM flo_filiado WHERE flo_nome = 'Euroamerica Corretora de Seguros Ltda')), 75, 1, '2019-05-03', '2019-05-03');
INSERT INTO pga_pagamento_divida (dva_id, pgo_id, pga_valor) VALUES ((SELECT max(dva_id) FROM dva_divida), (SELECT max(pgo_id) FROM pgo_pagamento), 75);

INSERT INTO eve_evento_sindicato_participante (eve_id, evo_id, flo_id, eve_nome, eve_participante_telefone, eve_participante_email, eve_cpf, flo_id_responsavel, eve_presenca_confirmada, eve_data_deletado, eve_deletado)
VALUES (22094, 10, (SELECT flo_id FROM flo_filiado WHERE flo_cpf = '22865991814'), 'Fernanda Campos Kuroda', '11975478694', 'fernanda.kuroda@br.nestle.com', '22865991814', null, 1, null, 2);
INSERT INTO dva_divida (psa_id_pagador, psa_id_destinatario, cmi_id, dvu_id, dva_valor, dva_valor_pago, dva_valor_acrescimo, dva_valor_desconto, dva_descricao, dvp_id, dva_data_vencimento_atual, dva_data_vencimento_inicial, dva_data_inicio_cobranca_mora, dva_data_cancelamento, dva_motivo_cancelamento, dva_cancelada, dva_tipo_cancelamento)
VALUES ((SELECT psa_id FROM psa_pessoa WHERE psa_cli_id = (SELECT flo_id FROM flo_filiado WHERE flo_cpf = '22865991814')), (SELECT psa_id FROM psa_pessoa WHERE psa_cli_id = (SELECT flo_id FROM flo_filiado WHERE flo_cpf = '22865991814')), 201905, 2, 75, 0, 0, 75, 'Inscrição em evento: Como prestar serviços no mercado de QV e estratégias de comunicação', 20, '2019-05-07', '2019-05-07', '2019-05-08', null, null, 0, null);
INSERT INTO cba_cobranca (cba_situacao, cba_valor, cba_data_cadastro, cba_data_vencimento, cba_tipo_remessa, psa_id, cba_data_limite_recebimento, cba_motivo_cancelamento, cba_data_cancelamento)
VALUES (4, 75, '2019-05-06 09:38', '2019-05-07', 99, (SELECT psa_id FROM psa_pessoa WHERE psa_cli_id = (SELECT flo_id FROM flo_filiado WHERE flo_cpf = '22865991814')), '2019-05-08', 'Concessão de isenção', '2019-05-06 09:38');
INSERT INTO dvo_divida_cobranca (dva_id, cba_id) VALUES ((SELECT max(dva_id) FROM dva_divida), (SELECT max(cba_id) FROM cba_cobranca));
INSERT INTO dvt_divida_desconto (dva_id, dvt_valor, dvt_descricao, dvt_data_cadastro) VALUES ((SELECT max(dva_id) FROM dva_divida), 75, 'Concessão de isenção', '2019-05-06 09:38');
INSERT INTO cbn_cobranca_evento_sindicato (cbn_descricao, prve_id, eve_id, evo_id, dva_id) VALUES ('Inscrição em evento', 5, 22094, 10, (SELECT max(dva_id) FROM dva_divida));

INSERT INTO eve_evento_sindicato_participante (eve_id, evo_id, flo_id, eve_nome, eve_participante_telefone, eve_participante_email, eve_cpf, flo_id_responsavel, eve_presenca_confirmada, eve_data_deletado, eve_deletado)
VALUES (23484, 10, (SELECT flo_id FROM flo_filiado WHERE flo_cpf = '73395374734'), 'Giselda Maria de Carvalho', '12996006688', 'cialaboral@uol.com.br', '73395374734', null, 1, null, 2);
INSERT INTO dva_divida (psa_id_pagador, psa_id_destinatario, cmi_id, dvu_id, dva_valor, dva_valor_pago, dva_valor_acrescimo, dva_valor_desconto, dva_descricao, dvp_id, dva_data_vencimento_atual, dva_data_vencimento_inicial, dva_data_inicio_cobranca_mora, dva_data_cancelamento, dva_motivo_cancelamento, dva_cancelada, dva_tipo_cancelamento)
VALUES ((SELECT psa_id FROM psa_pessoa WHERE psa_cli_id = (SELECT flo_id FROM flo_filiado WHERE flo_cpf = '73395374734')), (SELECT psa_id FROM psa_pessoa WHERE psa_cli_id = (SELECT flo_id FROM flo_filiado WHERE flo_cpf = '73395374734')), 201905, 2, 75, 0, 0, 75, 'Inscrição em evento: Como prestar serviços no mercado de QV e estratégias de comunicação', 20, '2019-05-14', '2019-05-14', '2019-05-15', null, null, 0, null);
INSERT INTO cba_cobranca (cba_situacao, cba_valor, cba_data_cadastro, cba_data_vencimento, cba_tipo_remessa, psa_id, cba_data_limite_recebimento, cba_motivo_cancelamento, cba_data_cancelamento)
VALUES (4, 75, '2019-05-13 11:32', '2019-05-14', 99, (SELECT psa_id FROM psa_pessoa WHERE psa_cli_id = (SELECT flo_id FROM flo_filiado WHERE flo_cpf = '73395374734')), '2019-05-15', 'Concessão de isenção', '2019-05-13 11:32');
INSERT INTO dvo_divida_cobranca (dva_id, cba_id) VALUES ((SELECT max(dva_id) FROM dva_divida), (SELECT max(cba_id) FROM cba_cobranca));
INSERT INTO dvt_divida_desconto (dva_id, dvt_valor, dvt_descricao, dvt_data_cadastro) VALUES ((SELECT max(dva_id) FROM dva_divida), 75, 'Concessão de isenção', '2019-05-13 11:32');
INSERT INTO cbn_cobranca_evento_sindicato (cbn_descricao, prve_id, eve_id, evo_id, dva_id) VALUES ('Inscrição em evento', 5, 23484, 10, (SELECT max(dva_id) FROM dva_divida));

INSERT INTO eve_evento_sindicato_participante (eve_id, evo_id, flo_id, eve_nome, eve_participante_telefone, eve_participante_email, eve_cpf, flo_id_responsavel, eve_presenca_confirmada, eve_data_deletado, eve_deletado)
VALUES (22106, 10, (SELECT flo_id FROM flo_filiado WHERE flo_cpf = '12845268793'), 'Graciliano Alves da Costa Filho', '6133179799', 'graciliano.filho@sesisenaisp.org.br', '12845268793', null, 1, null, 2);
INSERT INTO dva_divida (psa_id_pagador, psa_id_destinatario, cmi_id, dvu_id, dva_valor, dva_valor_pago, dva_valor_acrescimo, dva_valor_desconto, dva_descricao, dvp_id, dva_data_vencimento_atual, dva_data_vencimento_inicial, dva_data_inicio_cobranca_mora, dva_data_cancelamento, dva_motivo_cancelamento, dva_cancelada, dva_tipo_cancelamento)
VALUES ((SELECT psa_id FROM psa_pessoa WHERE psa_cli_id = (SELECT flo_id FROM flo_filiado WHERE flo_cpf = '12845268793')), (SELECT psa_id FROM psa_pessoa WHERE psa_cli_id = (SELECT flo_id FROM flo_filiado WHERE flo_cpf = '12845268793')), 201905, 2, 75, 0, 0, 75, 'Inscrição em evento: Como prestar serviços no mercado de QV e estratégias de comunicação', 20, '2019-05-07', '2019-05-07', '2019-05-08', null, null, 0, null);
INSERT INTO cba_cobranca (cba_situacao, cba_valor, cba_data_cadastro, cba_data_vencimento, cba_tipo_remessa, psa_id, cba_data_limite_recebimento, cba_motivo_cancelamento, cba_data_cancelamento)
VALUES (4, 75, '2019-05-06 10:47', '2019-05-07', 99, (SELECT psa_id FROM psa_pessoa WHERE psa_cli_id = (SELECT flo_id FROM flo_filiado WHERE flo_cpf = '12845268793')), '2019-05-08', 'Concessão de isenção', '2019-05-06 10:47');
INSERT INTO dvo_divida_cobranca (dva_id, cba_id) VALUES ((SELECT max(dva_id) FROM dva_divida), (SELECT max(cba_id) FROM cba_cobranca));
INSERT INTO dvt_divida_desconto (dva_id, dvt_valor, dvt_descricao, dvt_data_cadastro) VALUES ((SELECT max(dva_id) FROM dva_divida), 75, 'Concessão de isenção', '2019-05-06 10:47');
INSERT INTO cbn_cobranca_evento_sindicato (cbn_descricao, prve_id, eve_id, evo_id, dva_id) VALUES ('Inscrição em evento', 5, 22106, 10, (SELECT max(dva_id) FROM dva_divida));

INSERT INTO eve_evento_sindicato_participante (eve_id, evo_id, flo_id, eve_nome, eve_participante_telefone, eve_participante_email, eve_cpf, flo_id_responsavel, eve_presenca_confirmada, eve_data_deletado, eve_deletado)
VALUES (22139, 10, (SELECT flo_id FROM flo_filiado WHERE flo_nome = 'Grupo Posture Saúde Corporativa'), 'Grupo Posture Saúde Corporativa', '11996333694', 'felipe@grupoposture.com.br', '', null, 1, null, 2);
INSERT INTO dva_divida (psa_id_pagador, psa_id_destinatario, cmi_id, dvu_id, dva_valor, dva_valor_pago, dva_valor_acrescimo, dva_valor_desconto, dva_descricao, dvp_id, dva_data_vencimento_atual, dva_data_vencimento_inicial, dva_data_inicio_cobranca_mora, dva_data_cancelamento, dva_motivo_cancelamento, dva_cancelada, dva_tipo_cancelamento)
VALUES ((SELECT psa_id FROM psa_pessoa WHERE psa_cli_id = (SELECT flo_id FROM flo_filiado WHERE flo_nome = 'Grupo Posture Saúde Corporativa')), (SELECT psa_id FROM psa_pessoa WHERE psa_cli_id = (SELECT flo_id FROM flo_filiado WHERE flo_nome = 'Grupo Posture Saúde Corporativa')), 201905, 2, 75, 75, 0, 0, 'Inscrição em evento: Como prestar serviços no mercado de QV e estratégias de comunicação', 20, '2019-05-07', '2019-05-07', '2019-05-08', null, null, 0, null);
INSERT INTO cba_cobranca (cba_situacao, cba_valor, cba_data_cadastro, cba_data_vencimento, cba_tipo_remessa, psa_id, cba_data_limite_recebimento, cba_motivo_cancelamento, cba_data_cancelamento)
VALUES (3, 75, '2019-05-06 12:17', '2019-05-07', 99, (SELECT psa_id FROM psa_pessoa WHERE psa_cli_id = (SELECT flo_id FROM flo_filiado WHERE flo_nome = 'Grupo Posture Saúde Corporativa')), '2019-05-08', null, null);
INSERT INTO dvo_divida_cobranca (dva_id, cba_id) VALUES ((SELECT max(dva_id) FROM dva_divida), (SELECT max(cba_id) FROM cba_cobranca));
INSERT INTO cbn_cobranca_evento_sindicato (cbn_descricao, prve_id, eve_id, evo_id, dva_id) VALUES ('Inscrição em evento', 5, 22139, 10, (SELECT max(dva_id) FROM dva_divida));
INSERT INTO pgo_pagamento (cba_id, psa_id, pgo_valor, pgo_situacao, pgo_data_pagamento, pgo_data_credito) VALUES ((SELECT max(cba_id) FROM cba_cobranca), (SELECT psa_id FROM psa_pessoa WHERE psa_cli_id = (SELECT flo_id FROM flo_filiado WHERE flo_nome = 'Grupo Posture Saúde Corporativa')), 75, 1, '2019-05-06', '2019-05-06');
INSERT INTO pga_pagamento_divida (dva_id, pgo_id, pga_valor) VALUES ((SELECT max(dva_id) FROM dva_divida), (SELECT max(pgo_id) FROM pgo_pagamento), 75);

INSERT INTO eve_evento_sindicato_participante (eve_id, evo_id, flo_id, eve_nome, eve_participante_telefone, eve_participante_email, eve_cpf, flo_id_responsavel, eve_presenca_confirmada, eve_data_deletado, eve_deletado)
VALUES (22207, 10, (SELECT flo_id FROM flo_filiado WHERE flo_nome = 'Hospital Alemão Oswaldo Cruz'), 'Hospital Alemão Oswaldo Cruz', '11953434325', 'coordenacao@catividade.com.br', '', null, 1, null, 2);
INSERT INTO dva_divida (psa_id_pagador, psa_id_destinatario, cmi_id, dvu_id, dva_valor, dva_valor_pago, dva_valor_acrescimo, dva_valor_desconto, dva_descricao, dvp_id, dva_data_vencimento_atual, dva_data_vencimento_inicial, dva_data_inicio_cobranca_mora, dva_data_cancelamento, dva_motivo_cancelamento, dva_cancelada, dva_tipo_cancelamento)
VALUES ((SELECT psa_id FROM psa_pessoa WHERE psa_cli_id = (SELECT flo_id FROM flo_filiado WHERE flo_nome = 'Hospital Alemão Oswaldo Cruz')), (SELECT psa_id FROM psa_pessoa WHERE psa_cli_id = (SELECT flo_id FROM flo_filiado WHERE flo_nome = 'Hospital Alemão Oswaldo Cruz')), 201905, 2, 75, 0, 0, 75, 'Inscrição em evento: Como prestar serviços no mercado de QV e estratégias de comunicação', 20, '2019-05-07', '2019-05-07', '2019-05-08', null, null, 0, null);
INSERT INTO cba_cobranca (cba_situacao, cba_valor, cba_data_cadastro, cba_data_vencimento, cba_tipo_remessa, psa_id, cba_data_limite_recebimento, cba_motivo_cancelamento, cba_data_cancelamento)
VALUES (4, 75, '2019-05-06 14:56', '2019-05-07', 99, (SELECT psa_id FROM psa_pessoa WHERE psa_cli_id = (SELECT flo_id FROM flo_filiado WHERE flo_nome = 'Hospital Alemão Oswaldo Cruz')), '2019-05-08', 'Concessão de isenção', '2019-05-06 14:56');
INSERT INTO dvo_divida_cobranca (dva_id, cba_id) VALUES ((SELECT max(dva_id) FROM dva_divida), (SELECT max(cba_id) FROM cba_cobranca));
INSERT INTO dvt_divida_desconto (dva_id, dvt_valor, dvt_descricao, dvt_data_cadastro) VALUES ((SELECT max(dva_id) FROM dva_divida), 75, 'Concessão de isenção', '2019-05-06 14:56');
INSERT INTO cbn_cobranca_evento_sindicato (cbn_descricao, prve_id, eve_id, evo_id, dva_id) VALUES ('Inscrição em evento', 5, 22207, 10, (SELECT max(dva_id) FROM dva_divida));

INSERT INTO eve_evento_sindicato_participante (eve_id, evo_id, flo_id, eve_nome, eve_participante_telefone, eve_participante_email, eve_cpf, flo_id_responsavel, eve_presenca_confirmada, eve_data_deletado, eve_deletado)
VALUES (22215, 10, (SELECT flo_id FROM flo_filiado WHERE flo_nome = 'Hospital Alemao Oswaldo Cruz'), 'Hospital Alemao Oswaldo Cruz', '11971617663', 'matheusckazinta@gmail.com', '', null, 1, null, 2);
INSERT INTO dva_divida (psa_id_pagador, psa_id_destinatario, cmi_id, dvu_id, dva_valor, dva_valor_pago, dva_valor_acrescimo, dva_valor_desconto, dva_descricao, dvp_id, dva_data_vencimento_atual, dva_data_vencimento_inicial, dva_data_inicio_cobranca_mora, dva_data_cancelamento, dva_motivo_cancelamento, dva_cancelada, dva_tipo_cancelamento)
VALUES ((SELECT psa_id FROM psa_pessoa WHERE psa_cli_id = (SELECT flo_id FROM flo_filiado WHERE flo_nome = 'Hospital Alemao Oswaldo Cruz')), (SELECT psa_id FROM psa_pessoa WHERE psa_cli_id = (SELECT flo_id FROM flo_filiado WHERE flo_nome = 'Hospital Alemao Oswaldo Cruz')), 201905, 2, 75, 0, 0, 75, 'Inscrição em evento: Como prestar serviços no mercado de QV e estratégias de comunicação', 20, '2019-05-07', '2019-05-07', '2019-05-08', null, null, 0, null);
INSERT INTO cba_cobranca (cba_situacao, cba_valor, cba_data_cadastro, cba_data_vencimento, cba_tipo_remessa, psa_id, cba_data_limite_recebimento, cba_motivo_cancelamento, cba_data_cancelamento)
VALUES (4, 75, '2019-05-06 15:03', '2019-05-07', 99, (SELECT psa_id FROM psa_pessoa WHERE psa_cli_id = (SELECT flo_id FROM flo_filiado WHERE flo_nome = 'Hospital Alemao Oswaldo Cruz')), '2019-05-08', 'Concessão de isenção', '2019-05-06 15:03');
INSERT INTO dvo_divida_cobranca (dva_id, cba_id) VALUES ((SELECT max(dva_id) FROM dva_divida), (SELECT max(cba_id) FROM cba_cobranca));
INSERT INTO dvt_divida_desconto (dva_id, dvt_valor, dvt_descricao, dvt_data_cadastro) VALUES ((SELECT max(dva_id) FROM dva_divida), 75, 'Concessão de isenção', '2019-05-06 15:03');
INSERT INTO cbn_cobranca_evento_sindicato (cbn_descricao, prve_id, eve_id, evo_id, dva_id) VALUES ('Inscrição em evento', 5, 22215, 10, (SELECT max(dva_id) FROM dva_divida));

INSERT INTO eve_evento_sindicato_participante (eve_id, evo_id, flo_id, eve_nome, eve_participante_telefone, eve_participante_email, eve_cpf, flo_id_responsavel, eve_presenca_confirmada, eve_data_deletado, eve_deletado)
VALUES (21837, 10, (SELECT flo_id FROM flo_filiado WHERE flo_nome = 'Intercement'), 'Intercement', '11981804994', 'saudebemestar@intercement.com', '', null, 1, null, 2);
INSERT INTO dva_divida (psa_id_pagador, psa_id_destinatario, cmi_id, dvu_id, dva_valor, dva_valor_pago, dva_valor_acrescimo, dva_valor_desconto, dva_descricao, dvp_id, dva_data_vencimento_atual, dva_data_vencimento_inicial, dva_data_inicio_cobranca_mora, dva_data_cancelamento, dva_motivo_cancelamento, dva_cancelada, dva_tipo_cancelamento)
VALUES ((SELECT psa_id FROM psa_pessoa WHERE psa_cli_id = (SELECT flo_id FROM flo_filiado WHERE flo_nome = 'Intercement')), (SELECT psa_id FROM psa_pessoa WHERE psa_cli_id = (SELECT flo_id FROM flo_filiado WHERE flo_nome = 'Intercement')), 201905, 2, 75, 75, 0, 0, 'Inscrição em evento: Como prestar serviços no mercado de QV e estratégias de comunicação', 20, '2019-05-04', '2019-05-04', '2019-05-05', null, null, 0, null);
INSERT INTO cba_cobranca (cba_situacao, cba_valor, cba_data_cadastro, cba_data_vencimento, cba_tipo_remessa, psa_id, cba_data_limite_recebimento, cba_motivo_cancelamento, cba_data_cancelamento)
VALUES (3, 75, '2019-05-03 14:35', '2019-05-04', 99, (SELECT psa_id FROM psa_pessoa WHERE psa_cli_id = (SELECT flo_id FROM flo_filiado WHERE flo_nome = 'Intercement')), '2019-05-05', null, null);
INSERT INTO dvo_divida_cobranca (dva_id, cba_id) VALUES ((SELECT max(dva_id) FROM dva_divida), (SELECT max(cba_id) FROM cba_cobranca));
INSERT INTO cbn_cobranca_evento_sindicato (cbn_descricao, prve_id, eve_id, evo_id, dva_id) VALUES ('Inscrição em evento', 5, 21837, 10, (SELECT max(dva_id) FROM dva_divida));
INSERT INTO pgo_pagamento (cba_id, psa_id, pgo_valor, pgo_situacao, pgo_data_pagamento, pgo_data_credito) VALUES ((SELECT max(cba_id) FROM cba_cobranca), (SELECT psa_id FROM psa_pessoa WHERE psa_cli_id = (SELECT flo_id FROM flo_filiado WHERE flo_nome = 'Intercement')), 75, 1, '2019-05-03', '2019-05-03');
INSERT INTO pga_pagamento_divida (dva_id, pgo_id, pga_valor) VALUES ((SELECT max(dva_id) FROM dva_divida), (SELECT max(pgo_id) FROM pgo_pagamento), 75);

INSERT INTO eve_evento_sindicato_participante (eve_id, evo_id, flo_id, eve_nome, eve_participante_telefone, eve_participante_email, eve_cpf, flo_id_responsavel, eve_presenca_confirmada, eve_data_deletado, eve_deletado)
VALUES (22128, 10, (SELECT flo_id FROM flo_filiado WHERE flo_cpf = '01165194872'), 'Intermedici Piracicaba Assist. Médica S/c Ltda', '1934373783', 'lourenco@intermedici.com.br', '01165194872', (SELECT flo_id FROM flo_filiado WHERE flo_nome = 'Intermedici Piracicaba Assitência Médica S/c ltda'), 1, null, 2);
INSERT INTO dva_divida (psa_id_pagador, psa_id_destinatario, cmi_id, dvu_id, dva_valor, dva_valor_pago, dva_valor_acrescimo, dva_valor_desconto, dva_descricao, dvp_id, dva_data_vencimento_atual, dva_data_vencimento_inicial, dva_data_inicio_cobranca_mora, dva_data_cancelamento, dva_motivo_cancelamento, dva_cancelada, dva_tipo_cancelamento)
VALUES ((SELECT psa_id FROM psa_pessoa WHERE psa_cli_id = (SELECT flo_id FROM flo_filiado WHERE flo_cpf = '01165194872')), (SELECT psa_id FROM psa_pessoa WHERE psa_cli_id = (SELECT flo_id FROM flo_filiado WHERE flo_cpf = '01165194872')), 201905, 2, 75, 75, 0, 0, 'Inscrição em evento: Como prestar serviços no mercado de QV e estratégias de comunicação', 20, '2019-05-07', '2019-05-07', '2019-05-08', null, null, 0, null);
INSERT INTO cba_cobranca (cba_situacao, cba_valor, cba_data_cadastro, cba_data_vencimento, cba_tipo_remessa, psa_id, cba_data_limite_recebimento, cba_motivo_cancelamento, cba_data_cancelamento)
VALUES (3, 75, '2019-05-06 11:35', '2019-05-07', 99, (SELECT psa_id FROM psa_pessoa WHERE psa_cli_id = (SELECT flo_id FROM flo_filiado WHERE flo_cpf = '01165194872')), '2019-05-08', null, null);
INSERT INTO dvo_divida_cobranca (dva_id, cba_id) VALUES ((SELECT max(dva_id) FROM dva_divida), (SELECT max(cba_id) FROM cba_cobranca));
INSERT INTO cbn_cobranca_evento_sindicato (cbn_descricao, prve_id, eve_id, evo_id, dva_id) VALUES ('Inscrição em evento', 5, 22128, 10, (SELECT max(dva_id) FROM dva_divida));
INSERT INTO pgo_pagamento (cba_id, psa_id, pgo_valor, pgo_situacao, pgo_data_pagamento, pgo_data_credito) VALUES ((SELECT max(cba_id) FROM cba_cobranca), (SELECT psa_id FROM psa_pessoa WHERE psa_cli_id = (SELECT flo_id FROM flo_filiado WHERE flo_cpf = '01165194872')), 75, 1, '2019-05-06', '2019-05-06');
INSERT INTO pga_pagamento_divida (dva_id, pgo_id, pga_valor) VALUES ((SELECT max(dva_id) FROM dva_divida), (SELECT max(pgo_id) FROM pgo_pagamento), 75);

INSERT INTO eve_evento_sindicato_participante (eve_id, evo_id, flo_id, eve_nome, eve_participante_telefone, eve_participante_email, eve_cpf, flo_id_responsavel, eve_presenca_confirmada, eve_data_deletado, eve_deletado)
VALUES (23486, 10, (SELECT flo_id FROM flo_filiado WHERE flo_cpf = '17959754829'), 'Jacques José Gomes de Souza', '11981231943', 'jjgsouza@live.com', '17959754829', null, 1, null, 2);
INSERT INTO dva_divida (psa_id_pagador, psa_id_destinatario, cmi_id, dvu_id, dva_valor, dva_valor_pago, dva_valor_acrescimo, dva_valor_desconto, dva_descricao, dvp_id, dva_data_vencimento_atual, dva_data_vencimento_inicial, dva_data_inicio_cobranca_mora, dva_data_cancelamento, dva_motivo_cancelamento, dva_cancelada, dva_tipo_cancelamento)
VALUES ((SELECT psa_id FROM psa_pessoa WHERE psa_cli_id = (SELECT flo_id FROM flo_filiado WHERE flo_cpf = '17959754829')), (SELECT psa_id FROM psa_pessoa WHERE psa_cli_id = (SELECT flo_id FROM flo_filiado WHERE flo_cpf = '17959754829')), 201905, 2, 75, 0, 0, 75, 'Inscrição em evento: Como prestar serviços no mercado de QV e estratégias de comunicação', 20, '2019-05-14', '2019-05-14', '2019-05-15', null, null, 0, null);
INSERT INTO cba_cobranca (cba_situacao, cba_valor, cba_data_cadastro, cba_data_vencimento, cba_tipo_remessa, psa_id, cba_data_limite_recebimento, cba_motivo_cancelamento, cba_data_cancelamento)
VALUES (4, 75, '2019-05-13 11:35', '2019-05-14', 99, (SELECT psa_id FROM psa_pessoa WHERE psa_cli_id = (SELECT flo_id FROM flo_filiado WHERE flo_cpf = '17959754829')), '2019-05-15', 'Concessão de isenção', '2019-05-13 11:35');
INSERT INTO dvo_divida_cobranca (dva_id, cba_id) VALUES ((SELECT max(dva_id) FROM dva_divida), (SELECT max(cba_id) FROM cba_cobranca));
INSERT INTO dvt_divida_desconto (dva_id, dvt_valor, dvt_descricao, dvt_data_cadastro) VALUES ((SELECT max(dva_id) FROM dva_divida), 75, 'Concessão de isenção', '2019-05-13 11:35');
INSERT INTO cbn_cobranca_evento_sindicato (cbn_descricao, prve_id, eve_id, evo_id, dva_id) VALUES ('Inscrição em evento', 5, 23486, 10, (SELECT max(dva_id) FROM dva_divida));

INSERT INTO eve_evento_sindicato_participante (eve_id, evo_id, flo_id, eve_nome, eve_participante_telefone, eve_participante_email, eve_cpf, flo_id_responsavel, eve_presenca_confirmada, eve_data_deletado, eve_deletado)
VALUES (23538, 10, (SELECT flo_id FROM flo_filiado WHERE flo_cpf = '40733690831'), 'Jocimara Gomes de Assis', '1132666497', 'comunicacao@abqv.org.br', '40733690831', null, 1, null, 2);
INSERT INTO dva_divida (psa_id_pagador, psa_id_destinatario, cmi_id, dvu_id, dva_valor, dva_valor_pago, dva_valor_acrescimo, dva_valor_desconto, dva_descricao, dvp_id, dva_data_vencimento_atual, dva_data_vencimento_inicial, dva_data_inicio_cobranca_mora, dva_data_cancelamento, dva_motivo_cancelamento, dva_cancelada, dva_tipo_cancelamento)
VALUES ((SELECT psa_id FROM psa_pessoa WHERE psa_cli_id = (SELECT flo_id FROM flo_filiado WHERE flo_cpf = '40733690831')), (SELECT psa_id FROM psa_pessoa WHERE psa_cli_id = (SELECT flo_id FROM flo_filiado WHERE flo_cpf = '40733690831')), 201905, 2, 75, 0, 0, 75, 'Inscrição em evento: Como prestar serviços no mercado de QV e estratégias de comunicação', 20, '2019-05-14', '2019-05-14', '2019-05-15', null, null, 0, null);
INSERT INTO cba_cobranca (cba_situacao, cba_valor, cba_data_cadastro, cba_data_vencimento, cba_tipo_remessa, psa_id, cba_data_limite_recebimento, cba_motivo_cancelamento, cba_data_cancelamento)
VALUES (4, 75, '2019-05-13 14:16', '2019-05-14', 99, (SELECT psa_id FROM psa_pessoa WHERE psa_cli_id = (SELECT flo_id FROM flo_filiado WHERE flo_cpf = '40733690831')), '2019-05-15', 'Concessão de isenção', '2019-05-13 14:16');
INSERT INTO dvo_divida_cobranca (dva_id, cba_id) VALUES ((SELECT max(dva_id) FROM dva_divida), (SELECT max(cba_id) FROM cba_cobranca));
INSERT INTO dvt_divida_desconto (dva_id, dvt_valor, dvt_descricao, dvt_data_cadastro) VALUES ((SELECT max(dva_id) FROM dva_divida), 75, 'Concessão de isenção', '2019-05-13 14:16');
INSERT INTO cbn_cobranca_evento_sindicato (cbn_descricao, prve_id, eve_id, evo_id, dva_id) VALUES ('Inscrição em evento', 5, 23538, 10, (SELECT max(dva_id) FROM dva_divida));

INSERT INTO eve_evento_sindicato_participante (eve_id, evo_id, flo_id, eve_nome, eve_participante_telefone, eve_participante_email, eve_cpf, flo_id_responsavel, eve_presenca_confirmada, eve_data_deletado, eve_deletado)
VALUES (21448, 10, (SELECT flo_id FROM flo_filiado WHERE flo_cpf = '16829667801'), 'Juarez Cintra Junior', '19992374612', 'juarez.cintra@ativevida.com.br', '16829667801', null, 1, null, 2);
INSERT INTO dva_divida (psa_id_pagador, psa_id_destinatario, cmi_id, dvu_id, dva_valor, dva_valor_pago, dva_valor_acrescimo, dva_valor_desconto, dva_descricao, dvp_id, dva_data_vencimento_atual, dva_data_vencimento_inicial, dva_data_inicio_cobranca_mora, dva_data_cancelamento, dva_motivo_cancelamento, dva_cancelada, dva_tipo_cancelamento)
VALUES ((SELECT psa_id FROM psa_pessoa WHERE psa_cli_id = (SELECT flo_id FROM flo_filiado WHERE flo_cpf = '16829667801')), (SELECT psa_id FROM psa_pessoa WHERE psa_cli_id = (SELECT flo_id FROM flo_filiado WHERE flo_cpf = '16829667801')), 201905, 2, 75, 75, 0, 0, 'Inscrição em evento: Como prestar serviços no mercado de QV e estratégias de comunicação', 20, '2019-05-03', '2019-05-03', '2019-05-04', null, null, 0, null);
INSERT INTO cba_cobranca (cba_situacao, cba_valor, cba_data_cadastro, cba_data_vencimento, cba_tipo_remessa, psa_id, cba_data_limite_recebimento, cba_motivo_cancelamento, cba_data_cancelamento)
VALUES (3, 75, '2019-05-02 12:04', '2019-05-03', 99, (SELECT psa_id FROM psa_pessoa WHERE psa_cli_id = (SELECT flo_id FROM flo_filiado WHERE flo_cpf = '16829667801')), '2019-05-04', null, null);
INSERT INTO dvo_divida_cobranca (dva_id, cba_id) VALUES ((SELECT max(dva_id) FROM dva_divida), (SELECT max(cba_id) FROM cba_cobranca));
INSERT INTO cbn_cobranca_evento_sindicato (cbn_descricao, prve_id, eve_id, evo_id, dva_id) VALUES ('Inscrição em evento', 5, 21448, 10, (SELECT max(dva_id) FROM dva_divida));
INSERT INTO pgo_pagamento (cba_id, psa_id, pgo_valor, pgo_situacao, pgo_data_pagamento, pgo_data_credito) VALUES ((SELECT max(cba_id) FROM cba_cobranca), (SELECT psa_id FROM psa_pessoa WHERE psa_cli_id = (SELECT flo_id FROM flo_filiado WHERE flo_cpf = '16829667801')), 75, 1, '2019-05-02', '2019-05-02');
INSERT INTO pga_pagamento_divida (dva_id, pgo_id, pga_valor) VALUES ((SELECT max(dva_id) FROM dva_divida), (SELECT max(pgo_id) FROM pgo_pagamento), 75);

INSERT INTO eve_evento_sindicato_participante (eve_id, evo_id, flo_id, eve_nome, eve_participante_telefone, eve_participante_email, eve_cpf, flo_id_responsavel, eve_presenca_confirmada, eve_data_deletado, eve_deletado)
VALUES (21992, 10, (SELECT flo_id FROM flo_filiado WHERE flo_cpf = '93550340753'), 'Karla Costa Kurtz', '21999715341', 'karlakurtz4572@gmail.com', '93550340753', null, 1, null, 2);
INSERT INTO dva_divida (psa_id_pagador, psa_id_destinatario, cmi_id, dvu_id, dva_valor, dva_valor_pago, dva_valor_acrescimo, dva_valor_desconto, dva_descricao, dvp_id, dva_data_vencimento_atual, dva_data_vencimento_inicial, dva_data_inicio_cobranca_mora, dva_data_cancelamento, dva_motivo_cancelamento, dva_cancelada, dva_tipo_cancelamento)
VALUES ((SELECT psa_id FROM psa_pessoa WHERE psa_cli_id = (SELECT flo_id FROM flo_filiado WHERE flo_cpf = '93550340753')), (SELECT psa_id FROM psa_pessoa WHERE psa_cli_id = (SELECT flo_id FROM flo_filiado WHERE flo_cpf = '93550340753')), 201905, 2, 75, 75, 0, 0, 'Inscrição em evento: Como prestar serviços no mercado de QV e estratégias de comunicação', 20, '2019-05-05', '2019-05-05', '2019-05-06', null, null, 0, null);
INSERT INTO cba_cobranca (cba_situacao, cba_valor, cba_data_cadastro, cba_data_vencimento, cba_tipo_remessa, psa_id, cba_data_limite_recebimento, cba_motivo_cancelamento, cba_data_cancelamento)
VALUES (3, 75, '2019-05-04 06:59', '2019-05-05', 99, (SELECT psa_id FROM psa_pessoa WHERE psa_cli_id = (SELECT flo_id FROM flo_filiado WHERE flo_cpf = '93550340753')), '2019-05-06', null, null);
INSERT INTO dvo_divida_cobranca (dva_id, cba_id) VALUES ((SELECT max(dva_id) FROM dva_divida), (SELECT max(cba_id) FROM cba_cobranca));
INSERT INTO cbn_cobranca_evento_sindicato (cbn_descricao, prve_id, eve_id, evo_id, dva_id) VALUES ('Inscrição em evento', 5, 21992, 10, (SELECT max(dva_id) FROM dva_divida));
INSERT INTO pgo_pagamento (cba_id, psa_id, pgo_valor, pgo_situacao, pgo_data_pagamento, pgo_data_credito) VALUES ((SELECT max(cba_id) FROM cba_cobranca), (SELECT psa_id FROM psa_pessoa WHERE psa_cli_id = (SELECT flo_id FROM flo_filiado WHERE flo_cpf = '93550340753')), 75, 1, '2019-05-04', '2019-05-04');
INSERT INTO pga_pagamento_divida (dva_id, pgo_id, pga_valor) VALUES ((SELECT max(dva_id) FROM dva_divida), (SELECT max(pgo_id) FROM pgo_pagamento), 75);

INSERT INTO eve_evento_sindicato_participante (eve_id, evo_id, flo_id, eve_nome, eve_participante_telefone, eve_participante_email, eve_cpf, flo_id_responsavel, eve_presenca_confirmada, eve_data_deletado, eve_deletado)
VALUES (22116, 10, (SELECT flo_id FROM flo_filiado WHERE flo_cpf = '15638744827'), 'Kênia Cristina Paternes', '11944740183', 'kenia.paternes@hc.fm.usp.br', '15638744827', null, 1, null, 2);
INSERT INTO dva_divida (psa_id_pagador, psa_id_destinatario, cmi_id, dvu_id, dva_valor, dva_valor_pago, dva_valor_acrescimo, dva_valor_desconto, dva_descricao, dvp_id, dva_data_vencimento_atual, dva_data_vencimento_inicial, dva_data_inicio_cobranca_mora, dva_data_cancelamento, dva_motivo_cancelamento, dva_cancelada, dva_tipo_cancelamento)
VALUES ((SELECT psa_id FROM psa_pessoa WHERE psa_cli_id = (SELECT flo_id FROM flo_filiado WHERE flo_cpf = '15638744827')), (SELECT psa_id FROM psa_pessoa WHERE psa_cli_id = (SELECT flo_id FROM flo_filiado WHERE flo_cpf = '15638744827')), 201905, 2, 75, 75, 0, 0, 'Inscrição em evento: Como prestar serviços no mercado de QV e estratégias de comunicação', 20, '2019-05-07', '2019-05-07', '2019-05-08', null, null, 0, null);
INSERT INTO cba_cobranca (cba_situacao, cba_valor, cba_data_cadastro, cba_data_vencimento, cba_tipo_remessa, psa_id, cba_data_limite_recebimento, cba_motivo_cancelamento, cba_data_cancelamento)
VALUES (3, 75, '2019-05-06 10:59', '2019-05-07', 99, (SELECT psa_id FROM psa_pessoa WHERE psa_cli_id = (SELECT flo_id FROM flo_filiado WHERE flo_cpf = '15638744827')), '2019-05-08', null, null);
INSERT INTO dvo_divida_cobranca (dva_id, cba_id) VALUES ((SELECT max(dva_id) FROM dva_divida), (SELECT max(cba_id) FROM cba_cobranca));
INSERT INTO cbn_cobranca_evento_sindicato (cbn_descricao, prve_id, eve_id, evo_id, dva_id) VALUES ('Inscrição em evento', 5, 22116, 10, (SELECT max(dva_id) FROM dva_divida));
INSERT INTO pgo_pagamento (cba_id, psa_id, pgo_valor, pgo_situacao, pgo_data_pagamento, pgo_data_credito) VALUES ((SELECT max(cba_id) FROM cba_cobranca), (SELECT psa_id FROM psa_pessoa WHERE psa_cli_id = (SELECT flo_id FROM flo_filiado WHERE flo_cpf = '15638744827')), 75, 1, '2019-05-06', '2019-05-06');
INSERT INTO pga_pagamento_divida (dva_id, pgo_id, pga_valor) VALUES ((SELECT max(dva_id) FROM dva_divida), (SELECT max(pgo_id) FROM pgo_pagamento), 75);

INSERT INTO eve_evento_sindicato_participante (eve_id, evo_id, flo_id, eve_nome, eve_participante_telefone, eve_participante_email, eve_cpf, flo_id_responsavel, eve_presenca_confirmada, eve_data_deletado, eve_deletado)
VALUES (23479, 10, (SELECT flo_id FROM flo_filiado WHERE flo_cpf = '11890145807'), 'Leandro Buso', '11983811360', 'leo@spacoquality.com.br', '11890145807', null, 1, null, 2);
INSERT INTO dva_divida (psa_id_pagador, psa_id_destinatario, cmi_id, dvu_id, dva_valor, dva_valor_pago, dva_valor_acrescimo, dva_valor_desconto, dva_descricao, dvp_id, dva_data_vencimento_atual, dva_data_vencimento_inicial, dva_data_inicio_cobranca_mora, dva_data_cancelamento, dva_motivo_cancelamento, dva_cancelada, dva_tipo_cancelamento)
VALUES ((SELECT psa_id FROM psa_pessoa WHERE psa_cli_id = (SELECT flo_id FROM flo_filiado WHERE flo_cpf = '11890145807')), (SELECT psa_id FROM psa_pessoa WHERE psa_cli_id = (SELECT flo_id FROM flo_filiado WHERE flo_cpf = '11890145807')), 201905, 2, 75, 0, 0, 75, 'Inscrição em evento: Como prestar serviços no mercado de QV e estratégias de comunicação', 20, '2019-05-14', '2019-05-14', '2019-05-15', null, null, 0, null);
INSERT INTO cba_cobranca (cba_situacao, cba_valor, cba_data_cadastro, cba_data_vencimento, cba_tipo_remessa, psa_id, cba_data_limite_recebimento, cba_motivo_cancelamento, cba_data_cancelamento)
VALUES (4, 75, '2019-05-13 11:20', '2019-05-14', 99, (SELECT psa_id FROM psa_pessoa WHERE psa_cli_id = (SELECT flo_id FROM flo_filiado WHERE flo_cpf = '11890145807')), '2019-05-15', 'Concessão de isenção', '2019-05-13 11:20');
INSERT INTO dvo_divida_cobranca (dva_id, cba_id) VALUES ((SELECT max(dva_id) FROM dva_divida), (SELECT max(cba_id) FROM cba_cobranca));
INSERT INTO dvt_divida_desconto (dva_id, dvt_valor, dvt_descricao, dvt_data_cadastro) VALUES ((SELECT max(dva_id) FROM dva_divida), 75, 'Concessão de isenção', '2019-05-13 11:20');
INSERT INTO cbn_cobranca_evento_sindicato (cbn_descricao, prve_id, eve_id, evo_id, dva_id) VALUES ('Inscrição em evento', 5, 23479, 10, (SELECT max(dva_id) FROM dva_divida));

INSERT INTO eve_evento_sindicato_participante (eve_id, evo_id, flo_id, eve_nome, eve_participante_telefone, eve_participante_email, eve_cpf, flo_id_responsavel, eve_presenca_confirmada, eve_data_deletado, eve_deletado)
VALUES (21579, 10, (SELECT flo_id FROM flo_filiado WHERE flo_cpf = '34994120803'), 'Leonardo Calix Soares', '11999321712', 'leonardo.calix@sescsp.org.br', '34994120803', null, 1, null, 2);
INSERT INTO dva_divida (psa_id_pagador, psa_id_destinatario, cmi_id, dvu_id, dva_valor, dva_valor_pago, dva_valor_acrescimo, dva_valor_desconto, dva_descricao, dvp_id, dva_data_vencimento_atual, dva_data_vencimento_inicial, dva_data_inicio_cobranca_mora, dva_data_cancelamento, dva_motivo_cancelamento, dva_cancelada, dva_tipo_cancelamento)
VALUES ((SELECT psa_id FROM psa_pessoa WHERE psa_cli_id = (SELECT flo_id FROM flo_filiado WHERE flo_cpf = '34994120803')), (SELECT psa_id FROM psa_pessoa WHERE psa_cli_id = (SELECT flo_id FROM flo_filiado WHERE flo_cpf = '34994120803')), 201905, 2, 75, 0, 0, 75, 'Inscrição em evento: Como prestar serviços no mercado de QV e estratégias de comunicação', 20, '2019-05-03', '2019-05-03', '2019-05-04', null, null, 0, null);
INSERT INTO cba_cobranca (cba_situacao, cba_valor, cba_data_cadastro, cba_data_vencimento, cba_tipo_remessa, psa_id, cba_data_limite_recebimento, cba_motivo_cancelamento, cba_data_cancelamento)
VALUES (4, 75, '2019-05-02 16:50', '2019-05-03', 99, (SELECT psa_id FROM psa_pessoa WHERE psa_cli_id = (SELECT flo_id FROM flo_filiado WHERE flo_cpf = '34994120803')), '2019-05-04', 'Concessão de isenção', '2019-05-02 16:50');
INSERT INTO dvo_divida_cobranca (dva_id, cba_id) VALUES ((SELECT max(dva_id) FROM dva_divida), (SELECT max(cba_id) FROM cba_cobranca));
INSERT INTO dvt_divida_desconto (dva_id, dvt_valor, dvt_descricao, dvt_data_cadastro) VALUES ((SELECT max(dva_id) FROM dva_divida), 75, 'Concessão de isenção', '2019-05-02 16:50');
INSERT INTO cbn_cobranca_evento_sindicato (cbn_descricao, prve_id, eve_id, evo_id, dva_id) VALUES ('Inscrição em evento', 5, 21579, 10, (SELECT max(dva_id) FROM dva_divida));

INSERT INTO eve_evento_sindicato_participante (eve_id, evo_id, flo_id, eve_nome, eve_participante_telefone, eve_participante_email, eve_cpf, flo_id_responsavel, eve_presenca_confirmada, eve_data_deletado, eve_deletado)
VALUES (23492, 10, (SELECT flo_id FROM flo_filiado WHERE flo_cpf = '87537559872'), 'Liliana Wakim', '11994344482', 'liliana.wakim@gmail.com', '87537559872', null, 1, null, 2);
INSERT INTO dva_divida (psa_id_pagador, psa_id_destinatario, cmi_id, dvu_id, dva_valor, dva_valor_pago, dva_valor_acrescimo, dva_valor_desconto, dva_descricao, dvp_id, dva_data_vencimento_atual, dva_data_vencimento_inicial, dva_data_inicio_cobranca_mora, dva_data_cancelamento, dva_motivo_cancelamento, dva_cancelada, dva_tipo_cancelamento)
VALUES ((SELECT psa_id FROM psa_pessoa WHERE psa_cli_id = (SELECT flo_id FROM flo_filiado WHERE flo_cpf = '87537559872')), (SELECT psa_id FROM psa_pessoa WHERE psa_cli_id = (SELECT flo_id FROM flo_filiado WHERE flo_cpf = '87537559872')), 201905, 2, 75, 0, 0, 75, 'Inscrição em evento: Como prestar serviços no mercado de QV e estratégias de comunicação', 20, '2019-05-14', '2019-05-14', '2019-05-15', null, null, 0, null);
INSERT INTO cba_cobranca (cba_situacao, cba_valor, cba_data_cadastro, cba_data_vencimento, cba_tipo_remessa, psa_id, cba_data_limite_recebimento, cba_motivo_cancelamento, cba_data_cancelamento)
VALUES (4, 75, '2019-05-13 11:38', '2019-05-14', 99, (SELECT psa_id FROM psa_pessoa WHERE psa_cli_id = (SELECT flo_id FROM flo_filiado WHERE flo_cpf = '87537559872')), '2019-05-15', 'Concessão de isenção', '2019-05-13 11:38');
INSERT INTO dvo_divida_cobranca (dva_id, cba_id) VALUES ((SELECT max(dva_id) FROM dva_divida), (SELECT max(cba_id) FROM cba_cobranca));
INSERT INTO dvt_divida_desconto (dva_id, dvt_valor, dvt_descricao, dvt_data_cadastro) VALUES ((SELECT max(dva_id) FROM dva_divida), 75, 'Concessão de isenção', '2019-05-13 11:38');
INSERT INTO cbn_cobranca_evento_sindicato (cbn_descricao, prve_id, eve_id, evo_id, dva_id) VALUES ('Inscrição em evento', 5, 23492, 10, (SELECT max(dva_id) FROM dva_divida));

INSERT INTO eve_evento_sindicato_participante (eve_id, evo_id, flo_id, eve_nome, eve_participante_telefone, eve_participante_email, eve_cpf, flo_id_responsavel, eve_presenca_confirmada, eve_data_deletado, eve_deletado)
VALUES (22135, 10, (SELECT flo_id FROM flo_filiado WHERE flo_cpf = '10595555730'), 'Lorena Cruz Bucher', '27988277551', 'lorenabucher@hotmail.com', '10595555730', null, 1, null, 2);
INSERT INTO dva_divida (psa_id_pagador, psa_id_destinatario, cmi_id, dvu_id, dva_valor, dva_valor_pago, dva_valor_acrescimo, dva_valor_desconto, dva_descricao, dvp_id, dva_data_vencimento_atual, dva_data_vencimento_inicial, dva_data_inicio_cobranca_mora, dva_data_cancelamento, dva_motivo_cancelamento, dva_cancelada, dva_tipo_cancelamento)
VALUES ((SELECT psa_id FROM psa_pessoa WHERE psa_cli_id = (SELECT flo_id FROM flo_filiado WHERE flo_cpf = '10595555730')), (SELECT psa_id FROM psa_pessoa WHERE psa_cli_id = (SELECT flo_id FROM flo_filiado WHERE flo_cpf = '10595555730')), 201905, 2, 75, 75, 0, 0, 'Inscrição em evento: Como prestar serviços no mercado de QV e estratégias de comunicação', 20, '2019-05-07', '2019-05-07', '2019-05-08', null, null, 0, null);
INSERT INTO cba_cobranca (cba_situacao, cba_valor, cba_data_cadastro, cba_data_vencimento, cba_tipo_remessa, psa_id, cba_data_limite_recebimento, cba_motivo_cancelamento, cba_data_cancelamento)
VALUES (3, 75, '2019-05-06 12:00', '2019-05-07', 99, (SELECT psa_id FROM psa_pessoa WHERE psa_cli_id = (SELECT flo_id FROM flo_filiado WHERE flo_cpf = '10595555730')), '2019-05-08', null, null);
INSERT INTO dvo_divida_cobranca (dva_id, cba_id) VALUES ((SELECT max(dva_id) FROM dva_divida), (SELECT max(cba_id) FROM cba_cobranca));
INSERT INTO cbn_cobranca_evento_sindicato (cbn_descricao, prve_id, eve_id, evo_id, dva_id) VALUES ('Inscrição em evento', 5, 22135, 10, (SELECT max(dva_id) FROM dva_divida));
INSERT INTO pgo_pagamento (cba_id, psa_id, pgo_valor, pgo_situacao, pgo_data_pagamento, pgo_data_credito) VALUES ((SELECT max(cba_id) FROM cba_cobranca), (SELECT psa_id FROM psa_pessoa WHERE psa_cli_id = (SELECT flo_id FROM flo_filiado WHERE flo_cpf = '10595555730')), 75, 1, '2019-05-06', '2019-05-06');
INSERT INTO pga_pagamento_divida (dva_id, pgo_id, pga_valor) VALUES ((SELECT max(dva_id) FROM dva_divida), (SELECT max(pgo_id) FROM pgo_pagamento), 75);

INSERT INTO eve_evento_sindicato_participante (eve_id, evo_id, flo_id, eve_nome, eve_participante_telefone, eve_participante_email, eve_cpf, flo_id_responsavel, eve_presenca_confirmada, eve_data_deletado, eve_deletado)
VALUES (22277, 10, (SELECT flo_id FROM flo_filiado WHERE flo_cpf = '34190641871'), 'Luana Monteiro Chiatti', '11983293775', 'lchiatti@bencorp.com.br', '34190641871', null, 1, null, 2);
INSERT INTO dva_divida (psa_id_pagador, psa_id_destinatario, cmi_id, dvu_id, dva_valor, dva_valor_pago, dva_valor_acrescimo, dva_valor_desconto, dva_descricao, dvp_id, dva_data_vencimento_atual, dva_data_vencimento_inicial, dva_data_inicio_cobranca_mora, dva_data_cancelamento, dva_motivo_cancelamento, dva_cancelada, dva_tipo_cancelamento)
VALUES ((SELECT psa_id FROM psa_pessoa WHERE psa_cli_id = (SELECT flo_id FROM flo_filiado WHERE flo_cpf = '34190641871')), (SELECT psa_id FROM psa_pessoa WHERE psa_cli_id = (SELECT flo_id FROM flo_filiado WHERE flo_cpf = '34190641871')), 201905, 2, 75, 0, 0, 75, 'Inscrição em evento: Como prestar serviços no mercado de QV e estratégias de comunicação', 20, '2019-05-07', '2019-05-07', '2019-05-08', null, null, 0, null);
INSERT INTO cba_cobranca (cba_situacao, cba_valor, cba_data_cadastro, cba_data_vencimento, cba_tipo_remessa, psa_id, cba_data_limite_recebimento, cba_motivo_cancelamento, cba_data_cancelamento)
VALUES (4, 75, '2019-05-06 17:44', '2019-05-07', 99, (SELECT psa_id FROM psa_pessoa WHERE psa_cli_id = (SELECT flo_id FROM flo_filiado WHERE flo_cpf = '34190641871')), '2019-05-08', 'Concessão de isenção', '2019-05-06 17:44');
INSERT INTO dvo_divida_cobranca (dva_id, cba_id) VALUES ((SELECT max(dva_id) FROM dva_divida), (SELECT max(cba_id) FROM cba_cobranca));
INSERT INTO dvt_divida_desconto (dva_id, dvt_valor, dvt_descricao, dvt_data_cadastro) VALUES ((SELECT max(dva_id) FROM dva_divida), 75, 'Concessão de isenção', '2019-05-06 17:44');
INSERT INTO cbn_cobranca_evento_sindicato (cbn_descricao, prve_id, eve_id, evo_id, dva_id) VALUES ('Inscrição em evento', 5, 22277, 10, (SELECT max(dva_id) FROM dva_divida));

INSERT INTO eve_evento_sindicato_participante (eve_id, evo_id, flo_id, eve_nome, eve_participante_telefone, eve_participante_email, eve_cpf, flo_id_responsavel, eve_presenca_confirmada, eve_data_deletado, eve_deletado)
VALUES (21916, 10, (SELECT flo_id FROM flo_filiado WHERE flo_cpf = '26679632889'), 'Luciane da Silva Xavier', '11966232626', 'lucianesantos@deloitte.com', '26679632889', null, 2, null, 2);
INSERT INTO dva_divida (psa_id_pagador, psa_id_destinatario, cmi_id, dvu_id, dva_valor, dva_valor_pago, dva_valor_acrescimo, dva_valor_desconto, dva_descricao, dvp_id, dva_data_vencimento_atual, dva_data_vencimento_inicial, dva_data_inicio_cobranca_mora, dva_data_cancelamento, dva_motivo_cancelamento, dva_cancelada, dva_tipo_cancelamento)
VALUES ((SELECT psa_id FROM psa_pessoa WHERE psa_cli_id = (SELECT flo_id FROM flo_filiado WHERE flo_cpf = '26679632889')), (SELECT psa_id FROM psa_pessoa WHERE psa_cli_id = (SELECT flo_id FROM flo_filiado WHERE flo_cpf = '26679632889')), 201905, 1, 75, 0, 0, 0, 'Inscrição em evento: Como prestar serviços no mercado de QV e estratégias de comunicação', 20, '2019-05-04', '2019-05-04', '2019-05-05', null, null, 0, null);
INSERT INTO cba_cobranca (cba_situacao, cba_valor, cba_data_cadastro, cba_data_vencimento, cba_tipo_remessa, psa_id, cba_data_limite_recebimento, cba_motivo_cancelamento, cba_data_cancelamento)
VALUES (1, 75, '2019-05-03 16:37', '2019-05-04', 99, (SELECT psa_id FROM psa_pessoa WHERE psa_cli_id = (SELECT flo_id FROM flo_filiado WHERE flo_cpf = '26679632889')), '2019-05-05', null, null);
INSERT INTO dvo_divida_cobranca (dva_id, cba_id) VALUES ((SELECT max(dva_id) FROM dva_divida), (SELECT max(cba_id) FROM cba_cobranca));
INSERT INTO cbn_cobranca_evento_sindicato (cbn_descricao, prve_id, eve_id, evo_id, dva_id) VALUES ('Inscrição em evento', 5, 21916, 10, (SELECT max(dva_id) FROM dva_divida));

INSERT INTO eve_evento_sindicato_participante (eve_id, evo_id, flo_id, eve_nome, eve_participante_telefone, eve_participante_email, eve_cpf, flo_id_responsavel, eve_presenca_confirmada, eve_data_deletado, eve_deletado)
VALUES (22079, 10, (SELECT flo_id FROM flo_filiado WHERE flo_cnpj = '05581123000187'), 'Maratona Qualidade de Vida', '11996664778', 'maratona@maratonaqv.com', '', null, 1, null, 2);
INSERT INTO dva_divida (psa_id_pagador, psa_id_destinatario, cmi_id, dvu_id, dva_valor, dva_valor_pago, dva_valor_acrescimo, dva_valor_desconto, dva_descricao, dvp_id, dva_data_vencimento_atual, dva_data_vencimento_inicial, dva_data_inicio_cobranca_mora, dva_data_cancelamento, dva_motivo_cancelamento, dva_cancelada, dva_tipo_cancelamento)
VALUES ((SELECT psa_id FROM psa_pessoa WHERE psa_cli_id = (SELECT flo_id FROM flo_filiado WHERE flo_cnpj = '05581123000187')), (SELECT psa_id FROM psa_pessoa WHERE psa_cli_id = (SELECT flo_id FROM flo_filiado WHERE flo_cnpj = '05581123000187')), 201905, 2, 75, 75, 0, 0, 'Inscrição em evento: Como prestar serviços no mercado de QV e estratégias de comunicação', 20, '2019-05-07', '2019-05-07', '2019-05-08', null, null, 0, null);
INSERT INTO cba_cobranca (cba_situacao, cba_valor, cba_data_cadastro, cba_data_vencimento, cba_tipo_remessa, psa_id, cba_data_limite_recebimento, cba_motivo_cancelamento, cba_data_cancelamento)
VALUES (3, 75, '2019-05-06 09:11', '2019-05-07', 99, (SELECT psa_id FROM psa_pessoa WHERE psa_cli_id = (SELECT flo_id FROM flo_filiado WHERE flo_cnpj = '05581123000187')), '2019-05-08', null, null);
INSERT INTO dvo_divida_cobranca (dva_id, cba_id) VALUES ((SELECT max(dva_id) FROM dva_divida), (SELECT max(cba_id) FROM cba_cobranca));
INSERT INTO cbn_cobranca_evento_sindicato (cbn_descricao, prve_id, eve_id, evo_id, dva_id) VALUES ('Inscrição em evento', 5, 22079, 10, (SELECT max(dva_id) FROM dva_divida));
INSERT INTO pgo_pagamento (cba_id, psa_id, pgo_valor, pgo_situacao, pgo_data_pagamento, pgo_data_credito) VALUES ((SELECT max(cba_id) FROM cba_cobranca), (SELECT psa_id FROM psa_pessoa WHERE psa_cli_id = (SELECT flo_id FROM flo_filiado WHERE flo_cnpj = '05581123000187')), 75, 1, '2019-05-06', '2019-05-06');
INSERT INTO pga_pagamento_divida (dva_id, pgo_id, pga_valor) VALUES ((SELECT max(dva_id) FROM dva_divida), (SELECT max(pgo_id) FROM pgo_pagamento), 75);

INSERT INTO eve_evento_sindicato_participante (eve_id, evo_id, flo_id, eve_nome, eve_participante_telefone, eve_participante_email, eve_cpf, flo_id_responsavel, eve_presenca_confirmada, eve_data_deletado, eve_deletado)
VALUES (22086, 10, (SELECT flo_id FROM flo_filiado WHERE flo_cpf = '08936780824'), 'Marcos Antonio Franco', '11972153756', 'MAFRANCO@intercement.com', '08936780824', (SELECT flo_id FROM flo_filiado WHERE flo_nome = 'Intercement'), 1, null, 2);
INSERT INTO dva_divida (psa_id_pagador, psa_id_destinatario, cmi_id, dvu_id, dva_valor, dva_valor_pago, dva_valor_acrescimo, dva_valor_desconto, dva_descricao, dvp_id, dva_data_vencimento_atual, dva_data_vencimento_inicial, dva_data_inicio_cobranca_mora, dva_data_cancelamento, dva_motivo_cancelamento, dva_cancelada, dva_tipo_cancelamento)
VALUES ((SELECT psa_id FROM psa_pessoa WHERE psa_cli_id = (SELECT flo_id FROM flo_filiado WHERE flo_cpf = '08936780824')), (SELECT psa_id FROM psa_pessoa WHERE psa_cli_id = (SELECT flo_id FROM flo_filiado WHERE flo_cpf = '08936780824')), 201905, 2, 75, 75, 0, 0, 'Inscrição em evento: Como prestar serviços no mercado de QV e estratégias de comunicação', 20, '2019-05-07', '2019-05-07', '2019-05-08', null, null, 0, null);
INSERT INTO cba_cobranca (cba_situacao, cba_valor, cba_data_cadastro, cba_data_vencimento, cba_tipo_remessa, psa_id, cba_data_limite_recebimento, cba_motivo_cancelamento, cba_data_cancelamento)
VALUES (3, 75, '2019-05-06 09:25', '2019-05-07', 99, (SELECT psa_id FROM psa_pessoa WHERE psa_cli_id = (SELECT flo_id FROM flo_filiado WHERE flo_cpf = '08936780824')), '2019-05-08', null, null);
INSERT INTO dvo_divida_cobranca (dva_id, cba_id) VALUES ((SELECT max(dva_id) FROM dva_divida), (SELECT max(cba_id) FROM cba_cobranca));
INSERT INTO cbn_cobranca_evento_sindicato (cbn_descricao, prve_id, eve_id, evo_id, dva_id) VALUES ('Inscrição em evento', 5, 22086, 10, (SELECT max(dva_id) FROM dva_divida));
INSERT INTO pgo_pagamento (cba_id, psa_id, pgo_valor, pgo_situacao, pgo_data_pagamento, pgo_data_credito) VALUES ((SELECT max(cba_id) FROM cba_cobranca), (SELECT psa_id FROM psa_pessoa WHERE psa_cli_id = (SELECT flo_id FROM flo_filiado WHERE flo_cpf = '08936780824')), 75, 1, '2019-05-06', '2019-05-06');
INSERT INTO pga_pagamento_divida (dva_id, pgo_id, pga_valor) VALUES ((SELECT max(dva_id) FROM dva_divida), (SELECT max(pgo_id) FROM pgo_pagamento), 75);

INSERT INTO eve_evento_sindicato_participante (eve_id, evo_id, flo_id, eve_nome, eve_participante_telefone, eve_participante_email, eve_cpf, flo_id_responsavel, eve_presenca_confirmada, eve_data_deletado, eve_deletado)
VALUES (21744, 10, (SELECT flo_id FROM flo_filiado WHERE flo_cpf = '36885400858'), 'Mariana Bregion Lourenço', '11992380878', 'mblourenco@rd.com.br', '36885400858', (SELECT flo_id FROM flo_filiado WHERE flo_nome = 'Euroamerica Corretora de Seguros Ltda'), 1, null, 2);
INSERT INTO dva_divida (psa_id_pagador, psa_id_destinatario, cmi_id, dvu_id, dva_valor, dva_valor_pago, dva_valor_acrescimo, dva_valor_desconto, dva_descricao, dvp_id, dva_data_vencimento_atual, dva_data_vencimento_inicial, dva_data_inicio_cobranca_mora, dva_data_cancelamento, dva_motivo_cancelamento, dva_cancelada, dva_tipo_cancelamento)
VALUES ((SELECT psa_id FROM psa_pessoa WHERE psa_cli_id = (SELECT flo_id FROM flo_filiado WHERE flo_cpf = '36885400858')), (SELECT psa_id FROM psa_pessoa WHERE psa_cli_id = (SELECT flo_id FROM flo_filiado WHERE flo_cpf = '36885400858')), 201905, 2, 75, 75, 0, 0, 'Inscrição em evento: Como prestar serviços no mercado de QV e estratégias de comunicação', 20, '2019-05-04', '2019-05-04', '2019-05-05', null, null, 0, null);
INSERT INTO cba_cobranca (cba_situacao, cba_valor, cba_data_cadastro, cba_data_vencimento, cba_tipo_remessa, psa_id, cba_data_limite_recebimento, cba_motivo_cancelamento, cba_data_cancelamento)
VALUES (3, 75, '2019-05-03 08:49', '2019-05-04', 99, (SELECT psa_id FROM psa_pessoa WHERE psa_cli_id = (SELECT flo_id FROM flo_filiado WHERE flo_cpf = '36885400858')), '2019-05-05', null, null);
INSERT INTO dvo_divida_cobranca (dva_id, cba_id) VALUES ((SELECT max(dva_id) FROM dva_divida), (SELECT max(cba_id) FROM cba_cobranca));
INSERT INTO cbn_cobranca_evento_sindicato (cbn_descricao, prve_id, eve_id, evo_id, dva_id) VALUES ('Inscrição em evento', 5, 21744, 10, (SELECT max(dva_id) FROM dva_divida));
INSERT INTO pgo_pagamento (cba_id, psa_id, pgo_valor, pgo_situacao, pgo_data_pagamento, pgo_data_credito) VALUES ((SELECT max(cba_id) FROM cba_cobranca), (SELECT psa_id FROM psa_pessoa WHERE psa_cli_id = (SELECT flo_id FROM flo_filiado WHERE flo_cpf = '36885400858')), 75, 1, '2019-05-03', '2019-05-03');
INSERT INTO pga_pagamento_divida (dva_id, pgo_id, pga_valor) VALUES ((SELECT max(dva_id) FROM dva_divida), (SELECT max(pgo_id) FROM pgo_pagamento), 75);

INSERT INTO eve_evento_sindicato_participante (eve_id, evo_id, flo_id, eve_nome, eve_participante_telefone, eve_participante_email, eve_cpf, flo_id_responsavel, eve_presenca_confirmada, eve_data_deletado, eve_deletado)
VALUES (23491, 10, (SELECT flo_id FROM flo_filiado WHERE flo_cpf = '41014489814'), 'Matheus Valenza', '11996564417', 'matheus.valenza@cgpbrasil.com', '41014489814', null, 1, null, 2);
INSERT INTO dva_divida (psa_id_pagador, psa_id_destinatario, cmi_id, dvu_id, dva_valor, dva_valor_pago, dva_valor_acrescimo, dva_valor_desconto, dva_descricao, dvp_id, dva_data_vencimento_atual, dva_data_vencimento_inicial, dva_data_inicio_cobranca_mora, dva_data_cancelamento, dva_motivo_cancelamento, dva_cancelada, dva_tipo_cancelamento)
VALUES ((SELECT psa_id FROM psa_pessoa WHERE psa_cli_id = (SELECT flo_id FROM flo_filiado WHERE flo_cpf = '41014489814')), (SELECT psa_id FROM psa_pessoa WHERE psa_cli_id = (SELECT flo_id FROM flo_filiado WHERE flo_cpf = '41014489814')), 201905, 2, 75, 0, 0, 75, 'Inscrição em evento: Como prestar serviços no mercado de QV e estratégias de comunicação', 20, '2019-05-14', '2019-05-14', '2019-05-15', null, null, 0, null);
INSERT INTO cba_cobranca (cba_situacao, cba_valor, cba_data_cadastro, cba_data_vencimento, cba_tipo_remessa, psa_id, cba_data_limite_recebimento, cba_motivo_cancelamento, cba_data_cancelamento)
VALUES (4, 75, '2019-05-13 11:37', '2019-05-14', 99, (SELECT psa_id FROM psa_pessoa WHERE psa_cli_id = (SELECT flo_id FROM flo_filiado WHERE flo_cpf = '41014489814')), '2019-05-15', 'Concessão de isenção', '2019-05-13 11:37');
INSERT INTO dvo_divida_cobranca (dva_id, cba_id) VALUES ((SELECT max(dva_id) FROM dva_divida), (SELECT max(cba_id) FROM cba_cobranca));
INSERT INTO dvt_divida_desconto (dva_id, dvt_valor, dvt_descricao, dvt_data_cadastro) VALUES ((SELECT max(dva_id) FROM dva_divida), 75, 'Concessão de isenção', '2019-05-13 11:37');
INSERT INTO cbn_cobranca_evento_sindicato (cbn_descricao, prve_id, eve_id, evo_id, dva_id) VALUES ('Inscrição em evento', 5, 23491, 10, (SELECT max(dva_id) FROM dva_divida));

INSERT INTO eve_evento_sindicato_participante (eve_id, evo_id, flo_id, eve_nome, eve_participante_telefone, eve_participante_email, eve_cpf, flo_id_responsavel, eve_presenca_confirmada, eve_data_deletado, eve_deletado)
VALUES (22318, 10, (SELECT flo_id FROM flo_filiado WHERE flo_cpf = '15502290875'), 'Mirian Damaris Benaglia', '16982504634', 'mirian.benaglia@hotmail.com', '15502290875', null, 1, null, 2);
INSERT INTO dva_divida (psa_id_pagador, psa_id_destinatario, cmi_id, dvu_id, dva_valor, dva_valor_pago, dva_valor_acrescimo, dva_valor_desconto, dva_descricao, dvp_id, dva_data_vencimento_atual, dva_data_vencimento_inicial, dva_data_inicio_cobranca_mora, dva_data_cancelamento, dva_motivo_cancelamento, dva_cancelada, dva_tipo_cancelamento)
VALUES ((SELECT psa_id FROM psa_pessoa WHERE psa_cli_id = (SELECT flo_id FROM flo_filiado WHERE flo_cpf = '15502290875')), (SELECT psa_id FROM psa_pessoa WHERE psa_cli_id = (SELECT flo_id FROM flo_filiado WHERE flo_cpf = '15502290875')), 201905, 2, 75, 75, 0, 0, 'Inscrição em evento: Como prestar serviços no mercado de QV e estratégias de comunicação', 20, '2019-05-07', '2019-05-07', '2019-05-08', null, null, 0, null);
INSERT INTO cba_cobranca (cba_situacao, cba_valor, cba_data_cadastro, cba_data_vencimento, cba_tipo_remessa, psa_id, cba_data_limite_recebimento, cba_motivo_cancelamento, cba_data_cancelamento)
VALUES (3, 75, '2019-05-06 21:43', '2019-05-07', 99, (SELECT psa_id FROM psa_pessoa WHERE psa_cli_id = (SELECT flo_id FROM flo_filiado WHERE flo_cpf = '15502290875')), '2019-05-08', null, null);
INSERT INTO dvo_divida_cobranca (dva_id, cba_id) VALUES ((SELECT max(dva_id) FROM dva_divida), (SELECT max(cba_id) FROM cba_cobranca));
INSERT INTO cbn_cobranca_evento_sindicato (cbn_descricao, prve_id, eve_id, evo_id, dva_id) VALUES ('Inscrição em evento', 5, 22318, 10, (SELECT max(dva_id) FROM dva_divida));
INSERT INTO pgo_pagamento (cba_id, psa_id, pgo_valor, pgo_situacao, pgo_data_pagamento, pgo_data_credito) VALUES ((SELECT max(cba_id) FROM cba_cobranca), (SELECT psa_id FROM psa_pessoa WHERE psa_cli_id = (SELECT flo_id FROM flo_filiado WHERE flo_cpf = '15502290875')), 75, 1, '2019-05-06', '2019-05-06');
INSERT INTO pga_pagamento_divida (dva_id, pgo_id, pga_valor) VALUES ((SELECT max(dva_id) FROM dva_divida), (SELECT max(pgo_id) FROM pgo_pagamento), 75);

INSERT INTO eve_evento_sindicato_participante (eve_id, evo_id, flo_id, eve_nome, eve_participante_telefone, eve_participante_email, eve_cpf, flo_id_responsavel, eve_presenca_confirmada, eve_data_deletado, eve_deletado)
VALUES (23493, 10, (SELECT flo_id FROM flo_filiado WHERE flo_cpf = '69157596891'), 'Nelson Guedes', '11984013637', 'nelson@educathus.com.br', '69157596891', null, 1, null, 2);
INSERT INTO dva_divida (psa_id_pagador, psa_id_destinatario, cmi_id, dvu_id, dva_valor, dva_valor_pago, dva_valor_acrescimo, dva_valor_desconto, dva_descricao, dvp_id, dva_data_vencimento_atual, dva_data_vencimento_inicial, dva_data_inicio_cobranca_mora, dva_data_cancelamento, dva_motivo_cancelamento, dva_cancelada, dva_tipo_cancelamento)
VALUES ((SELECT psa_id FROM psa_pessoa WHERE psa_cli_id = (SELECT flo_id FROM flo_filiado WHERE flo_cpf = '69157596891')), (SELECT psa_id FROM psa_pessoa WHERE psa_cli_id = (SELECT flo_id FROM flo_filiado WHERE flo_cpf = '69157596891')), 201905, 2, 75, 0, 0, 75, 'Inscrição em evento: Como prestar serviços no mercado de QV e estratégias de comunicação', 20, '2019-05-14', '2019-05-14', '2019-05-15', null, null, 0, null);
INSERT INTO cba_cobranca (cba_situacao, cba_valor, cba_data_cadastro, cba_data_vencimento, cba_tipo_remessa, psa_id, cba_data_limite_recebimento, cba_motivo_cancelamento, cba_data_cancelamento)
VALUES (4, 75, '2019-05-13 11:40', '2019-05-14', 99, (SELECT psa_id FROM psa_pessoa WHERE psa_cli_id = (SELECT flo_id FROM flo_filiado WHERE flo_cpf = '69157596891')), '2019-05-15', 'Concessão de isenção', '2019-05-13 11:40');
INSERT INTO dvo_divida_cobranca (dva_id, cba_id) VALUES ((SELECT max(dva_id) FROM dva_divida), (SELECT max(cba_id) FROM cba_cobranca));
INSERT INTO dvt_divida_desconto (dva_id, dvt_valor, dvt_descricao, dvt_data_cadastro) VALUES ((SELECT max(dva_id) FROM dva_divida), 75, 'Concessão de isenção', '2019-05-13 11:40');
INSERT INTO cbn_cobranca_evento_sindicato (cbn_descricao, prve_id, eve_id, evo_id, dva_id) VALUES ('Inscrição em evento', 5, 23493, 10, (SELECT max(dva_id) FROM dva_divida));

INSERT INTO eve_evento_sindicato_participante (eve_id, evo_id, flo_id, eve_nome, eve_participante_telefone, eve_participante_email, eve_cpf, flo_id_responsavel, eve_presenca_confirmada, eve_data_deletado, eve_deletado)
VALUES (23501, 10, (SELECT flo_id FROM flo_filiado WHERE flo_cpf = '04209423866'), 'Osvaldo Stevano', '1130343317', 'stevano@maratonaqv.com.br', '04209423866', null, 1, null, 2);
INSERT INTO dva_divida (psa_id_pagador, psa_id_destinatario, cmi_id, dvu_id, dva_valor, dva_valor_pago, dva_valor_acrescimo, dva_valor_desconto, dva_descricao, dvp_id, dva_data_vencimento_atual, dva_data_vencimento_inicial, dva_data_inicio_cobranca_mora, dva_data_cancelamento, dva_motivo_cancelamento, dva_cancelada, dva_tipo_cancelamento)
VALUES ((SELECT psa_id FROM psa_pessoa WHERE psa_cli_id = (SELECT flo_id FROM flo_filiado WHERE flo_cpf = '04209423866')), (SELECT psa_id FROM psa_pessoa WHERE psa_cli_id = (SELECT flo_id FROM flo_filiado WHERE flo_cpf = '04209423866')), 201905, 2, 75, 0, 0, 75, 'Inscrição em evento: Como prestar serviços no mercado de QV e estratégias de comunicação', 20, '2019-05-14', '2019-05-14', '2019-05-15', null, null, 0, null);
INSERT INTO cba_cobranca (cba_situacao, cba_valor, cba_data_cadastro, cba_data_vencimento, cba_tipo_remessa, psa_id, cba_data_limite_recebimento, cba_motivo_cancelamento, cba_data_cancelamento)
VALUES (4, 75, '2019-05-13 11:49', '2019-05-14', 99, (SELECT psa_id FROM psa_pessoa WHERE psa_cli_id = (SELECT flo_id FROM flo_filiado WHERE flo_cpf = '04209423866')), '2019-05-15', 'Concessão de isenção', '2019-05-13 11:49');
INSERT INTO dvo_divida_cobranca (dva_id, cba_id) VALUES ((SELECT max(dva_id) FROM dva_divida), (SELECT max(cba_id) FROM cba_cobranca));
INSERT INTO dvt_divida_desconto (dva_id, dvt_valor, dvt_descricao, dvt_data_cadastro) VALUES ((SELECT max(dva_id) FROM dva_divida), 75, 'Concessão de isenção', '2019-05-13 11:49');
INSERT INTO cbn_cobranca_evento_sindicato (cbn_descricao, prve_id, eve_id, evo_id, dva_id) VALUES ('Inscrição em evento', 5, 23501, 10, (SELECT max(dva_id) FROM dva_divida));

INSERT INTO eve_evento_sindicato_participante (eve_id, evo_id, flo_id, eve_nome, eve_participante_telefone, eve_participante_email, eve_cpf, flo_id_responsavel, eve_presenca_confirmada, eve_data_deletado, eve_deletado)
VALUES (22111, 10, (SELECT flo_id FROM flo_filiado WHERE flo_cpf = '01923091530'), 'Paula Tamara de Lima', '6133179799', 'paula.lima@sesisp.org.br', '01923091530', null, 1, null, 2);
INSERT INTO dva_divida (psa_id_pagador, psa_id_destinatario, cmi_id, dvu_id, dva_valor, dva_valor_pago, dva_valor_acrescimo, dva_valor_desconto, dva_descricao, dvp_id, dva_data_vencimento_atual, dva_data_vencimento_inicial, dva_data_inicio_cobranca_mora, dva_data_cancelamento, dva_motivo_cancelamento, dva_cancelada, dva_tipo_cancelamento)
VALUES ((SELECT psa_id FROM psa_pessoa WHERE psa_cli_id = (SELECT flo_id FROM flo_filiado WHERE flo_cpf = '01923091530')), (SELECT psa_id FROM psa_pessoa WHERE psa_cli_id = (SELECT flo_id FROM flo_filiado WHERE flo_cpf = '01923091530')), 201905, 2, 75, 0, 0, 75, 'Inscrição em evento: Como prestar serviços no mercado de QV e estratégias de comunicação', 20, '2019-05-07', '2019-05-07', '2019-05-08', null, null, 0, null);
INSERT INTO cba_cobranca (cba_situacao, cba_valor, cba_data_cadastro, cba_data_vencimento, cba_tipo_remessa, psa_id, cba_data_limite_recebimento, cba_motivo_cancelamento, cba_data_cancelamento)
VALUES (4, 75, '2019-05-06 10:53', '2019-05-07', 99, (SELECT psa_id FROM psa_pessoa WHERE psa_cli_id = (SELECT flo_id FROM flo_filiado WHERE flo_cpf = '01923091530')), '2019-05-08', 'Concessão de isenção', '2019-05-06 10:53');
INSERT INTO dvo_divida_cobranca (dva_id, cba_id) VALUES ((SELECT max(dva_id) FROM dva_divida), (SELECT max(cba_id) FROM cba_cobranca));
INSERT INTO dvt_divida_desconto (dva_id, dvt_valor, dvt_descricao, dvt_data_cadastro) VALUES ((SELECT max(dva_id) FROM dva_divida), 75, 'Concessão de isenção', '2019-05-06 10:53');
INSERT INTO cbn_cobranca_evento_sindicato (cbn_descricao, prve_id, eve_id, evo_id, dva_id) VALUES ('Inscrição em evento', 5, 22111, 10, (SELECT max(dva_id) FROM dva_divida));

INSERT INTO eve_evento_sindicato_participante (eve_id, evo_id, flo_id, eve_nome, eve_participante_telefone, eve_participante_email, eve_cpf, flo_id_responsavel, eve_presenca_confirmada, eve_data_deletado, eve_deletado)
VALUES (21520, 10, (SELECT flo_id FROM flo_filiado WHERE flo_cpf = '31507811837'), 'Priscila Hasan', '1138829221', 'priscila.hasan@e-prosaude.com.br', '31507811837', 169879, 1, null, 2);
INSERT INTO dva_divida (psa_id_pagador, psa_id_destinatario, cmi_id, dvu_id, dva_valor, dva_valor_pago, dva_valor_acrescimo, dva_valor_desconto, dva_descricao, dvp_id, dva_data_vencimento_atual, dva_data_vencimento_inicial, dva_data_inicio_cobranca_mora, dva_data_cancelamento, dva_motivo_cancelamento, dva_cancelada, dva_tipo_cancelamento)
VALUES ((SELECT psa_id FROM psa_pessoa WHERE psa_cli_id = (SELECT flo_id FROM flo_filiado WHERE flo_cpf = '31507811837')), (SELECT psa_id FROM psa_pessoa WHERE psa_cli_id = (SELECT flo_id FROM flo_filiado WHERE flo_cpf = '31507811837')), 201905, 2, 75, 75, 0, 0, 'Inscrição em evento: Como prestar serviços no mercado de QV e estratégias de comunicação', 20, '2019-05-03', '2019-05-03', '2019-05-04', null, null, 0, null);
INSERT INTO cba_cobranca (cba_situacao, cba_valor, cba_data_cadastro, cba_data_vencimento, cba_tipo_remessa, psa_id, cba_data_limite_recebimento, cba_motivo_cancelamento, cba_data_cancelamento)
VALUES (3, 75, '2019-05-02 14:57', '2019-05-03', 99, (SELECT psa_id FROM psa_pessoa WHERE psa_cli_id = (SELECT flo_id FROM flo_filiado WHERE flo_cpf = '31507811837')), '2019-05-04', null, null);
INSERT INTO dvo_divida_cobranca (dva_id, cba_id) VALUES ((SELECT max(dva_id) FROM dva_divida), (SELECT max(cba_id) FROM cba_cobranca));
INSERT INTO cbn_cobranca_evento_sindicato (cbn_descricao, prve_id, eve_id, evo_id, dva_id) VALUES ('Inscrição em evento', 5, 21520, 10, (SELECT max(dva_id) FROM dva_divida));
INSERT INTO pgo_pagamento (cba_id, psa_id, pgo_valor, pgo_situacao, pgo_data_pagamento, pgo_data_credito) VALUES ((SELECT max(cba_id) FROM cba_cobranca), (SELECT psa_id FROM psa_pessoa WHERE psa_cli_id = (SELECT flo_id FROM flo_filiado WHERE flo_cpf = '31507811837')), 75, 1, '2019-05-02', '2019-05-02');
INSERT INTO pga_pagamento_divida (dva_id, pgo_id, pga_valor) VALUES ((SELECT max(dva_id) FROM dva_divida), (SELECT max(pgo_id) FROM pgo_pagamento), 75);

INSERT INTO eve_evento_sindicato_participante (eve_id, evo_id, flo_id, eve_nome, eve_participante_telefone, eve_participante_email, eve_cpf, flo_id_responsavel, eve_presenca_confirmada, eve_data_deletado, eve_deletado)
VALUES (23482, 10, (SELECT flo_id FROM flo_filiado WHERE flo_cpf = '31634040813'), 'Rafael Correa Piacenti', '11980610866', 'rafael@ergonomos.com.br', '31634040813', null, 1, null, 2);
INSERT INTO dva_divida (psa_id_pagador, psa_id_destinatario, cmi_id, dvu_id, dva_valor, dva_valor_pago, dva_valor_acrescimo, dva_valor_desconto, dva_descricao, dvp_id, dva_data_vencimento_atual, dva_data_vencimento_inicial, dva_data_inicio_cobranca_mora, dva_data_cancelamento, dva_motivo_cancelamento, dva_cancelada, dva_tipo_cancelamento)
VALUES ((SELECT psa_id FROM psa_pessoa WHERE psa_cli_id = (SELECT flo_id FROM flo_filiado WHERE flo_cpf = '31634040813')), (SELECT psa_id FROM psa_pessoa WHERE psa_cli_id = (SELECT flo_id FROM flo_filiado WHERE flo_cpf = '31634040813')), 201905, 2, 75, 0, 0, 75, 'Inscrição em evento: Como prestar serviços no mercado de QV e estratégias de comunicação', 20, '2019-05-14', '2019-05-14', '2019-05-15', null, null, 0, null);
INSERT INTO cba_cobranca (cba_situacao, cba_valor, cba_data_cadastro, cba_data_vencimento, cba_tipo_remessa, psa_id, cba_data_limite_recebimento, cba_motivo_cancelamento, cba_data_cancelamento)
VALUES (4, 75, '2019-05-13 11:29', '2019-05-14', 99, (SELECT psa_id FROM psa_pessoa WHERE psa_cli_id = (SELECT flo_id FROM flo_filiado WHERE flo_cpf = '31634040813')), '2019-05-15', 'Concessão de isenção', '2019-05-13 11:29');
INSERT INTO dvo_divida_cobranca (dva_id, cba_id) VALUES ((SELECT max(dva_id) FROM dva_divida), (SELECT max(cba_id) FROM cba_cobranca));
INSERT INTO dvt_divida_desconto (dva_id, dvt_valor, dvt_descricao, dvt_data_cadastro) VALUES ((SELECT max(dva_id) FROM dva_divida), 75, 'Concessão de isenção', '2019-05-13 11:29');
INSERT INTO cbn_cobranca_evento_sindicato (cbn_descricao, prve_id, eve_id, evo_id, dva_id) VALUES ('Inscrição em evento', 5, 23482, 10, (SELECT max(dva_id) FROM dva_divida));

INSERT INTO eve_evento_sindicato_participante (eve_id, evo_id, flo_id, eve_nome, eve_participante_telefone, eve_participante_email, eve_cpf, flo_id_responsavel, eve_presenca_confirmada, eve_data_deletado, eve_deletado)
VALUES (22034, 10, (SELECT flo_id FROM flo_filiado WHERE flo_cpf = '24875785801'), 'Regina Machioni', '11992710303', 'regina@sescsp.org.br', '24875785801', null, 1, null, 2);
INSERT INTO dva_divida (psa_id_pagador, psa_id_destinatario, cmi_id, dvu_id, dva_valor, dva_valor_pago, dva_valor_acrescimo, dva_valor_desconto, dva_descricao, dvp_id, dva_data_vencimento_atual, dva_data_vencimento_inicial, dva_data_inicio_cobranca_mora, dva_data_cancelamento, dva_motivo_cancelamento, dva_cancelada, dva_tipo_cancelamento)
VALUES ((SELECT psa_id FROM psa_pessoa WHERE psa_cli_id = (SELECT flo_id FROM flo_filiado WHERE flo_cpf = '24875785801')), (SELECT psa_id FROM psa_pessoa WHERE psa_cli_id = (SELECT flo_id FROM flo_filiado WHERE flo_cpf = '24875785801')), 201905, 2, 75, 0, 0, 75, 'Inscrição em evento: Como prestar serviços no mercado de QV e estratégias de comunicação', 20, '2019-05-06', '2019-05-06', '2019-05-07', null, null, 0, null);
INSERT INTO cba_cobranca (cba_situacao, cba_valor, cba_data_cadastro, cba_data_vencimento, cba_tipo_remessa, psa_id, cba_data_limite_recebimento, cba_motivo_cancelamento, cba_data_cancelamento)
VALUES (4, 75, '2019-05-05 10:40', '2019-05-06', 99, (SELECT psa_id FROM psa_pessoa WHERE psa_cli_id = (SELECT flo_id FROM flo_filiado WHERE flo_cpf = '24875785801')), '2019-05-07', 'Concessão de isenção', '2019-05-05 10:40');
INSERT INTO dvo_divida_cobranca (dva_id, cba_id) VALUES ((SELECT max(dva_id) FROM dva_divida), (SELECT max(cba_id) FROM cba_cobranca));
INSERT INTO dvt_divida_desconto (dva_id, dvt_valor, dvt_descricao, dvt_data_cadastro) VALUES ((SELECT max(dva_id) FROM dva_divida), 75, 'Concessão de isenção', '2019-05-05 10:40');
INSERT INTO cbn_cobranca_evento_sindicato (cbn_descricao, prve_id, eve_id, evo_id, dva_id) VALUES ('Inscrição em evento', 5, 22034, 10, (SELECT max(dva_id) FROM dva_divida));

INSERT INTO eve_evento_sindicato_participante (eve_id, evo_id, flo_id, eve_nome, eve_participante_telefone, eve_participante_email, eve_cpf, flo_id_responsavel, eve_presenca_confirmada, eve_data_deletado, eve_deletado)
VALUES (22186, 10, (SELECT flo_id FROM flo_filiado WHERE flo_cpf = '27795738800'), 'Renata Aline Lamana Marques', '11969107156', 'renata.lamana@yahoo.com.br', '27795738800', null, 1, null, 2);
INSERT INTO dva_divida (psa_id_pagador, psa_id_destinatario, cmi_id, dvu_id, dva_valor, dva_valor_pago, dva_valor_acrescimo, dva_valor_desconto, dva_descricao, dvp_id, dva_data_vencimento_atual, dva_data_vencimento_inicial, dva_data_inicio_cobranca_mora, dva_data_cancelamento, dva_motivo_cancelamento, dva_cancelada, dva_tipo_cancelamento)
VALUES ((SELECT psa_id FROM psa_pessoa WHERE psa_cli_id = (SELECT flo_id FROM flo_filiado WHERE flo_cpf = '27795738800')), (SELECT psa_id FROM psa_pessoa WHERE psa_cli_id = (SELECT flo_id FROM flo_filiado WHERE flo_cpf = '27795738800')), 201905, 2, 75, 75, 0, 0, 'Inscrição em evento: Como prestar serviços no mercado de QV e estratégias de comunicação', 20, '2019-05-07', '2019-05-07', '2019-05-08', null, null, 0, null);
INSERT INTO cba_cobranca (cba_situacao, cba_valor, cba_data_cadastro, cba_data_vencimento, cba_tipo_remessa, psa_id, cba_data_limite_recebimento, cba_motivo_cancelamento, cba_data_cancelamento)
VALUES (3, 75, '2019-05-06 14:35', '2019-05-07', 99, (SELECT psa_id FROM psa_pessoa WHERE psa_cli_id = (SELECT flo_id FROM flo_filiado WHERE flo_cpf = '27795738800')), '2019-05-08', null, null);
INSERT INTO dvo_divida_cobranca (dva_id, cba_id) VALUES ((SELECT max(dva_id) FROM dva_divida), (SELECT max(cba_id) FROM cba_cobranca));
INSERT INTO cbn_cobranca_evento_sindicato (cbn_descricao, prve_id, eve_id, evo_id, dva_id) VALUES ('Inscrição em evento', 5, 22186, 10, (SELECT max(dva_id) FROM dva_divida));
INSERT INTO pgo_pagamento (cba_id, psa_id, pgo_valor, pgo_situacao, pgo_data_pagamento, pgo_data_credito) VALUES ((SELECT max(cba_id) FROM cba_cobranca), (SELECT psa_id FROM psa_pessoa WHERE psa_cli_id = (SELECT flo_id FROM flo_filiado WHERE flo_cpf = '27795738800')), 75, 1, '2019-05-06', '2019-05-06');
INSERT INTO pga_pagamento_divida (dva_id, pgo_id, pga_valor) VALUES ((SELECT max(dva_id) FROM dva_divida), (SELECT max(pgo_id) FROM pgo_pagamento), 75);

INSERT INTO eve_evento_sindicato_participante (eve_id, evo_id, flo_id, eve_nome, eve_participante_telefone, eve_participante_email, eve_cpf, flo_id_responsavel, eve_presenca_confirmada, eve_data_deletado, eve_deletado)
VALUES (23476, 10, (SELECT flo_id FROM flo_filiado WHERE flo_cpf = '98809636953'), 'Rony Tschoeke', '41991968484', 'rony@promovesaude.com.br', '98809636953', null, 1, null, 2);
INSERT INTO dva_divida (psa_id_pagador, psa_id_destinatario, cmi_id, dvu_id, dva_valor, dva_valor_pago, dva_valor_acrescimo, dva_valor_desconto, dva_descricao, dvp_id, dva_data_vencimento_atual, dva_data_vencimento_inicial, dva_data_inicio_cobranca_mora, dva_data_cancelamento, dva_motivo_cancelamento, dva_cancelada, dva_tipo_cancelamento)
VALUES ((SELECT psa_id FROM psa_pessoa WHERE psa_cli_id = (SELECT flo_id FROM flo_filiado WHERE flo_cpf = '98809636953')), (SELECT psa_id FROM psa_pessoa WHERE psa_cli_id = (SELECT flo_id FROM flo_filiado WHERE flo_cpf = '98809636953')), 201905, 2, 75, 0, 0, 75, 'Inscrição em evento: Como prestar serviços no mercado de QV e estratégias de comunicação', 20, '2019-05-14', '2019-05-14', '2019-05-15', null, null, 0, null);
INSERT INTO cba_cobranca (cba_situacao, cba_valor, cba_data_cadastro, cba_data_vencimento, cba_tipo_remessa, psa_id, cba_data_limite_recebimento, cba_motivo_cancelamento, cba_data_cancelamento)
VALUES (4, 75, '2019-05-13 11:16', '2019-05-14', 99, (SELECT psa_id FROM psa_pessoa WHERE psa_cli_id = (SELECT flo_id FROM flo_filiado WHERE flo_cpf = '98809636953')), '2019-05-15', 'Concessão de isenção', '2019-05-13 11:16');
INSERT INTO dvo_divida_cobranca (dva_id, cba_id) VALUES ((SELECT max(dva_id) FROM dva_divida), (SELECT max(cba_id) FROM cba_cobranca));
INSERT INTO dvt_divida_desconto (dva_id, dvt_valor, dvt_descricao, dvt_data_cadastro) VALUES ((SELECT max(dva_id) FROM dva_divida), 75, 'Concessão de isenção', '2019-05-13 11:16');
INSERT INTO cbn_cobranca_evento_sindicato (cbn_descricao, prve_id, eve_id, evo_id, dva_id) VALUES ('Inscrição em evento', 5, 23476, 10, (SELECT max(dva_id) FROM dva_divida));

INSERT INTO eve_evento_sindicato_participante (eve_id, evo_id, flo_id, eve_nome, eve_participante_telefone, eve_participante_email, eve_cpf, flo_id_responsavel, eve_presenca_confirmada, eve_data_deletado, eve_deletado)
VALUES (22287, 10, (SELECT flo_id FROM flo_filiado WHERE flo_cpf = '16238259892'), 'Rosana de Barros Marques', '13996056255', 'rosanabm.psi@gmail.com', '16238259892', null, 1, null, 2);
INSERT INTO dva_divida (psa_id_pagador, psa_id_destinatario, cmi_id, dvu_id, dva_valor, dva_valor_pago, dva_valor_acrescimo, dva_valor_desconto, dva_descricao, dvp_id, dva_data_vencimento_atual, dva_data_vencimento_inicial, dva_data_inicio_cobranca_mora, dva_data_cancelamento, dva_motivo_cancelamento, dva_cancelada, dva_tipo_cancelamento)
VALUES ((SELECT psa_id FROM psa_pessoa WHERE psa_cli_id = (SELECT flo_id FROM flo_filiado WHERE flo_cpf = '16238259892')), (SELECT psa_id FROM psa_pessoa WHERE psa_cli_id = (SELECT flo_id FROM flo_filiado WHERE flo_cpf = '16238259892')), 201905, 2, 75, 75, 0, 0, 'Inscrição em evento: Como prestar serviços no mercado de QV e estratégias de comunicação', 20, '2019-05-07', '2019-05-07', '2019-05-08', null, null, 0, null);
INSERT INTO cba_cobranca (cba_situacao, cba_valor, cba_data_cadastro, cba_data_vencimento, cba_tipo_remessa, psa_id, cba_data_limite_recebimento, cba_motivo_cancelamento, cba_data_cancelamento)
VALUES (3, 75, '2019-05-06 18:18', '2019-05-07', 99, (SELECT psa_id FROM psa_pessoa WHERE psa_cli_id = (SELECT flo_id FROM flo_filiado WHERE flo_cpf = '16238259892')), '2019-05-08', null, null);
INSERT INTO dvo_divida_cobranca (dva_id, cba_id) VALUES ((SELECT max(dva_id) FROM dva_divida), (SELECT max(cba_id) FROM cba_cobranca));
INSERT INTO cbn_cobranca_evento_sindicato (cbn_descricao, prve_id, eve_id, evo_id, dva_id) VALUES ('Inscrição em evento', 5, 22287, 10, (SELECT max(dva_id) FROM dva_divida));
INSERT INTO pgo_pagamento (cba_id, psa_id, pgo_valor, pgo_situacao, pgo_data_pagamento, pgo_data_credito) VALUES ((SELECT max(cba_id) FROM cba_cobranca), (SELECT psa_id FROM psa_pessoa WHERE psa_cli_id = (SELECT flo_id FROM flo_filiado WHERE flo_cpf = '16238259892')), 75, 1, '2019-05-06', '2019-05-06');
INSERT INTO pga_pagamento_divida (dva_id, pgo_id, pga_valor) VALUES ((SELECT max(dva_id) FROM dva_divida), (SELECT max(pgo_id) FROM pgo_pagamento), 75);

INSERT INTO eve_evento_sindicato_participante (eve_id, evo_id, flo_id, eve_nome, eve_participante_telefone, eve_participante_email, eve_cpf, flo_id_responsavel, eve_presenca_confirmada, eve_data_deletado, eve_deletado)
VALUES (20572, 10, (SELECT flo_id FROM flo_filiado WHERE flo_cpf = '27404006830'), 'Rosangela Trentim Fernandes', '1141449730', 'rosangela.trentim@eurofarma.com.br', '27404006830', 207713, 1, null, 2);
INSERT INTO dva_divida (psa_id_pagador, psa_id_destinatario, cmi_id, dvu_id, dva_valor, dva_valor_pago, dva_valor_acrescimo, dva_valor_desconto, dva_descricao, dvp_id, dva_data_vencimento_atual, dva_data_vencimento_inicial, dva_data_inicio_cobranca_mora, dva_data_cancelamento, dva_motivo_cancelamento, dva_cancelada, dva_tipo_cancelamento)
VALUES ((SELECT psa_id FROM psa_pessoa WHERE psa_cli_id = (SELECT flo_id FROM flo_filiado WHERE flo_cpf = '27404006830')), (SELECT psa_id FROM psa_pessoa WHERE psa_cli_id = (SELECT flo_id FROM flo_filiado WHERE flo_cpf = '27404006830')), 201904, 2, 75, 75, 0, 0, 'Inscrição em evento: Como prestar serviços no mercado de QV e estratégias de comunicação', 20, '2019-04-30', '2019-04-30', '2019-05-01', null, null, 0, null);
INSERT INTO cba_cobranca (cba_situacao, cba_valor, cba_data_cadastro, cba_data_vencimento, cba_tipo_remessa, psa_id, cba_data_limite_recebimento, cba_motivo_cancelamento, cba_data_cancelamento)
VALUES (3, 75, '2019-04-29 09:31', '2019-04-30', 99, (SELECT psa_id FROM psa_pessoa WHERE psa_cli_id = (SELECT flo_id FROM flo_filiado WHERE flo_cpf = '27404006830')), '2019-05-01', null, null);
INSERT INTO dvo_divida_cobranca (dva_id, cba_id) VALUES ((SELECT max(dva_id) FROM dva_divida), (SELECT max(cba_id) FROM cba_cobranca));
INSERT INTO cbn_cobranca_evento_sindicato (cbn_descricao, prve_id, eve_id, evo_id, dva_id) VALUES ('Inscrição em evento', 5, 20572, 10, (SELECT max(dva_id) FROM dva_divida));
INSERT INTO pgo_pagamento (cba_id, psa_id, pgo_valor, pgo_situacao, pgo_data_pagamento, pgo_data_credito) VALUES ((SELECT max(cba_id) FROM cba_cobranca), (SELECT psa_id FROM psa_pessoa WHERE psa_cli_id = (SELECT flo_id FROM flo_filiado WHERE flo_cpf = '27404006830')), 75, 1, '2019-04-29', '2019-04-29');
INSERT INTO pga_pagamento_divida (dva_id, pgo_id, pga_valor) VALUES ((SELECT max(dva_id) FROM dva_divida), (SELECT max(pgo_id) FROM pgo_pagamento), 75);

INSERT INTO eve_evento_sindicato_participante (eve_id, evo_id, flo_id, eve_nome, eve_participante_telefone, eve_participante_email, eve_cpf, flo_id_responsavel, eve_presenca_confirmada, eve_data_deletado, eve_deletado)
VALUES (21983, 10, (SELECT flo_id FROM flo_filiado WHERE flo_cpf = '02337564851'), 'Rosicler Dennanni Rodriguez', '11964921856', 'rosicler.rodriguez1@gmail.com', '02337564851', null, 1, null, 2);
INSERT INTO dva_divida (psa_id_pagador, psa_id_destinatario, cmi_id, dvu_id, dva_valor, dva_valor_pago, dva_valor_acrescimo, dva_valor_desconto, dva_descricao, dvp_id, dva_data_vencimento_atual, dva_data_vencimento_inicial, dva_data_inicio_cobranca_mora, dva_data_cancelamento, dva_motivo_cancelamento, dva_cancelada, dva_tipo_cancelamento)
VALUES ((SELECT psa_id FROM psa_pessoa WHERE psa_cli_id = (SELECT flo_id FROM flo_filiado WHERE flo_cpf = '02337564851')), (SELECT psa_id FROM psa_pessoa WHERE psa_cli_id = (SELECT flo_id FROM flo_filiado WHERE flo_cpf = '02337564851')), 201905, 2, 75, 75, 0, 0, 'Inscrição em evento: Como prestar serviços no mercado de QV e estratégias de comunicação', 20, '2019-05-04', '2019-05-04', '2019-05-05', null, null, 0, null);
INSERT INTO cba_cobranca (cba_situacao, cba_valor, cba_data_cadastro, cba_data_vencimento, cba_tipo_remessa, psa_id, cba_data_limite_recebimento, cba_motivo_cancelamento, cba_data_cancelamento)
VALUES (3, 75, '2019-05-03 20:48', '2019-05-04', 99, (SELECT psa_id FROM psa_pessoa WHERE psa_cli_id = (SELECT flo_id FROM flo_filiado WHERE flo_cpf = '02337564851')), '2019-05-05', null, null);
INSERT INTO dvo_divida_cobranca (dva_id, cba_id) VALUES ((SELECT max(dva_id) FROM dva_divida), (SELECT max(cba_id) FROM cba_cobranca));
INSERT INTO cbn_cobranca_evento_sindicato (cbn_descricao, prve_id, eve_id, evo_id, dva_id) VALUES ('Inscrição em evento', 5, 21983, 10, (SELECT max(dva_id) FROM dva_divida));
INSERT INTO pgo_pagamento (cba_id, psa_id, pgo_valor, pgo_situacao, pgo_data_pagamento, pgo_data_credito) VALUES ((SELECT max(cba_id) FROM cba_cobranca), (SELECT psa_id FROM psa_pessoa WHERE psa_cli_id = (SELECT flo_id FROM flo_filiado WHERE flo_cpf = '02337564851')), 75, 1, '2019-05-03', '2019-05-03');
INSERT INTO pga_pagamento_divida (dva_id, pgo_id, pga_valor) VALUES ((SELECT max(dva_id) FROM dva_divida), (SELECT max(pgo_id) FROM pgo_pagamento), 75);

INSERT INTO eve_evento_sindicato_participante (eve_id, evo_id, flo_id, eve_nome, eve_participante_telefone, eve_participante_email, eve_cpf, flo_id_responsavel, eve_presenca_confirmada, eve_data_deletado, eve_deletado)
VALUES (23473, 10, (SELECT flo_id FROM flo_filiado WHERE flo_cpf = '13970895391'), 'Sâmia Simurro', '1137296000', 'samia@abqv.org.br', '13970895391', null, 1, null, 2);
INSERT INTO dva_divida (psa_id_pagador, psa_id_destinatario, cmi_id, dvu_id, dva_valor, dva_valor_pago, dva_valor_acrescimo, dva_valor_desconto, dva_descricao, dvp_id, dva_data_vencimento_atual, dva_data_vencimento_inicial, dva_data_inicio_cobranca_mora, dva_data_cancelamento, dva_motivo_cancelamento, dva_cancelada, dva_tipo_cancelamento)
VALUES ((SELECT psa_id FROM psa_pessoa WHERE psa_cli_id = (SELECT flo_id FROM flo_filiado WHERE flo_cpf = '13970895391')), (SELECT psa_id FROM psa_pessoa WHERE psa_cli_id = (SELECT flo_id FROM flo_filiado WHERE flo_cpf = '13970895391')), 201905, 2, 75, 0, 0, 75, 'Inscrição em evento: Como prestar serviços no mercado de QV e estratégias de comunicação', 20, '2019-05-14', '2019-05-14', '2019-05-15', null, null, 0, null);
INSERT INTO cba_cobranca (cba_situacao, cba_valor, cba_data_cadastro, cba_data_vencimento, cba_tipo_remessa, psa_id, cba_data_limite_recebimento, cba_motivo_cancelamento, cba_data_cancelamento)
VALUES (4, 75, '2019-05-13 11:10', '2019-05-14', 99, (SELECT psa_id FROM psa_pessoa WHERE psa_cli_id = (SELECT flo_id FROM flo_filiado WHERE flo_cpf = '13970895391')), '2019-05-15', 'Concessão de isenção', '2019-05-13 11:10');
INSERT INTO dvo_divida_cobranca (dva_id, cba_id) VALUES ((SELECT max(dva_id) FROM dva_divida), (SELECT max(cba_id) FROM cba_cobranca));
INSERT INTO dvt_divida_desconto (dva_id, dvt_valor, dvt_descricao, dvt_data_cadastro) VALUES ((SELECT max(dva_id) FROM dva_divida), 75, 'Concessão de isenção', '2019-05-13 11:10');
INSERT INTO cbn_cobranca_evento_sindicato (cbn_descricao, prve_id, eve_id, evo_id, dva_id) VALUES ('Inscrição em evento', 5, 23473, 10, (SELECT max(dva_id) FROM dva_divida));

INSERT INTO eve_evento_sindicato_participante (eve_id, evo_id, flo_id, eve_nome, eve_participante_telefone, eve_participante_email, eve_cpf, flo_id_responsavel, eve_presenca_confirmada, eve_data_deletado, eve_deletado)
VALUES (22262, 10, (SELECT flo_id FROM flo_filiado WHERE flo_cpf = '89442385887'), 'Sônia Regina Silva Contro', '1199503110', 'soniareginasc21@gmail.com', '89442385887', null, 1, null, 2);
INSERT INTO dva_divida (psa_id_pagador, psa_id_destinatario, cmi_id, dvu_id, dva_valor, dva_valor_pago, dva_valor_acrescimo, dva_valor_desconto, dva_descricao, dvp_id, dva_data_vencimento_atual, dva_data_vencimento_inicial, dva_data_inicio_cobranca_mora, dva_data_cancelamento, dva_motivo_cancelamento, dva_cancelada, dva_tipo_cancelamento)
VALUES ((SELECT psa_id FROM psa_pessoa WHERE psa_cli_id = (SELECT flo_id FROM flo_filiado WHERE flo_cpf = '89442385887')), (SELECT psa_id FROM psa_pessoa WHERE psa_cli_id = (SELECT flo_id FROM flo_filiado WHERE flo_cpf = '89442385887')), 201905, 2, 75, 0, 0, 75, 'Inscrição em evento: Como prestar serviços no mercado de QV e estratégias de comunicação', 20, '2019-05-07', '2019-05-07', '2019-05-08', null, null, 0, null);
INSERT INTO cba_cobranca (cba_situacao, cba_valor, cba_data_cadastro, cba_data_vencimento, cba_tipo_remessa, psa_id, cba_data_limite_recebimento, cba_motivo_cancelamento, cba_data_cancelamento)
VALUES (4, 75, '2019-05-06 16:59', '2019-05-07', 99, (SELECT psa_id FROM psa_pessoa WHERE psa_cli_id = (SELECT flo_id FROM flo_filiado WHERE flo_cpf = '89442385887')), '2019-05-08', 'Concessão de isenção', '2019-05-06 16:59');
INSERT INTO dvo_divida_cobranca (dva_id, cba_id) VALUES ((SELECT max(dva_id) FROM dva_divida), (SELECT max(cba_id) FROM cba_cobranca));
INSERT INTO dvt_divida_desconto (dva_id, dvt_valor, dvt_descricao, dvt_data_cadastro) VALUES ((SELECT max(dva_id) FROM dva_divida), 75, 'Concessão de isenção', '2019-05-06 16:59');
INSERT INTO cbn_cobranca_evento_sindicato (cbn_descricao, prve_id, eve_id, evo_id, dva_id) VALUES ('Inscrição em evento', 5, 22262, 10, (SELECT max(dva_id) FROM dva_divida));

INSERT INTO eve_evento_sindicato_participante (eve_id, evo_id, flo_id, eve_nome, eve_participante_telefone, eve_participante_email, eve_cpf, flo_id_responsavel, eve_presenca_confirmada, eve_data_deletado, eve_deletado)
VALUES (21300, 10, (SELECT flo_id FROM flo_filiado WHERE flo_nome = 'Syligo'), 'Syligo', '11999062646', 'rodrigo@syligo.com', '', null, 1, null, 2);
INSERT INTO dva_divida (psa_id_pagador, psa_id_destinatario, cmi_id, dvu_id, dva_valor, dva_valor_pago, dva_valor_acrescimo, dva_valor_desconto, dva_descricao, dvp_id, dva_data_vencimento_atual, dva_data_vencimento_inicial, dva_data_inicio_cobranca_mora, dva_data_cancelamento, dva_motivo_cancelamento, dva_cancelada, dva_tipo_cancelamento)
VALUES ((SELECT psa_id FROM psa_pessoa WHERE psa_cli_id = (SELECT flo_id FROM flo_filiado WHERE flo_nome = 'Syligo')), (SELECT psa_id FROM psa_pessoa WHERE psa_cli_id = (SELECT flo_id FROM flo_filiado WHERE flo_nome = 'Syligo')), 201905, 2, 75, 75, 0, 0, 'Inscrição em evento: Como prestar serviços no mercado de QV e estratégias de comunicação', 20, '2019-05-03', '2019-05-03', '2019-05-04', null, null, 0, null);
INSERT INTO cba_cobranca (cba_situacao, cba_valor, cba_data_cadastro, cba_data_vencimento, cba_tipo_remessa, psa_id, cba_data_limite_recebimento, cba_motivo_cancelamento, cba_data_cancelamento)
VALUES (3, 75, '2019-05-02 09:23', '2019-05-03', 99, (SELECT psa_id FROM psa_pessoa WHERE psa_cli_id = (SELECT flo_id FROM flo_filiado WHERE flo_nome = 'Syligo')), '2019-05-04', null, null);
INSERT INTO dvo_divida_cobranca (dva_id, cba_id) VALUES ((SELECT max(dva_id) FROM dva_divida), (SELECT max(cba_id) FROM cba_cobranca));
INSERT INTO cbn_cobranca_evento_sindicato (cbn_descricao, prve_id, eve_id, evo_id, dva_id) VALUES ('Inscrição em evento', 5, 21300, 10, (SELECT max(dva_id) FROM dva_divida));
INSERT INTO pgo_pagamento (cba_id, psa_id, pgo_valor, pgo_situacao, pgo_data_pagamento, pgo_data_credito) VALUES ((SELECT max(cba_id) FROM cba_cobranca), (SELECT psa_id FROM psa_pessoa WHERE psa_cli_id = (SELECT flo_id FROM flo_filiado WHERE flo_nome = 'Syligo')), 75, 1, '2019-05-02', '2019-05-02');
INSERT INTO pga_pagamento_divida (dva_id, pgo_id, pga_valor) VALUES ((SELECT max(dva_id) FROM dva_divida), (SELECT max(pgo_id) FROM pgo_pagamento), 75);

INSERT INTO eve_evento_sindicato_participante (eve_id, evo_id, flo_id, eve_nome, eve_participante_telefone, eve_participante_email, eve_cpf, flo_id_responsavel, eve_presenca_confirmada, eve_data_deletado, eve_deletado)
VALUES (22110, 10, (SELECT flo_id FROM flo_filiado WHERE flo_cpf = '30413511880'), 'Tânia Marina da Silva Pacheco de Barros', '6133179799', 'tania.barros@sesisp.org.br', '30413511880', null, 1, null, 2);
INSERT INTO dva_divida (psa_id_pagador, psa_id_destinatario, cmi_id, dvu_id, dva_valor, dva_valor_pago, dva_valor_acrescimo, dva_valor_desconto, dva_descricao, dvp_id, dva_data_vencimento_atual, dva_data_vencimento_inicial, dva_data_inicio_cobranca_mora, dva_data_cancelamento, dva_motivo_cancelamento, dva_cancelada, dva_tipo_cancelamento)
VALUES ((SELECT psa_id FROM psa_pessoa WHERE psa_cli_id = (SELECT flo_id FROM flo_filiado WHERE flo_cpf = '30413511880')), (SELECT psa_id FROM psa_pessoa WHERE psa_cli_id = (SELECT flo_id FROM flo_filiado WHERE flo_cpf = '30413511880')), 201905, 2, 75, 0, 0, 75, 'Inscrição em evento: Como prestar serviços no mercado de QV e estratégias de comunicação', 20, '2019-05-07', '2019-05-07', '2019-05-08', null, null, 0, null);
INSERT INTO cba_cobranca (cba_situacao, cba_valor, cba_data_cadastro, cba_data_vencimento, cba_tipo_remessa, psa_id, cba_data_limite_recebimento, cba_motivo_cancelamento, cba_data_cancelamento)
VALUES (4, 75, '2019-05-06 10:50', '2019-05-07', 99, (SELECT psa_id FROM psa_pessoa WHERE psa_cli_id = (SELECT flo_id FROM flo_filiado WHERE flo_cpf = '30413511880')), '2019-05-08', 'Concessão de isenção', '2019-05-06 10:50');
INSERT INTO dvo_divida_cobranca (dva_id, cba_id) VALUES ((SELECT max(dva_id) FROM dva_divida), (SELECT max(cba_id) FROM cba_cobranca));
INSERT INTO dvt_divida_desconto (dva_id, dvt_valor, dvt_descricao, dvt_data_cadastro) VALUES ((SELECT max(dva_id) FROM dva_divida), 75, 'Concessão de isenção', '2019-05-06 10:50');
INSERT INTO cbn_cobranca_evento_sindicato (cbn_descricao, prve_id, eve_id, evo_id, dva_id) VALUES ('Inscrição em evento', 5, 22110, 10, (SELECT max(dva_id) FROM dva_divida));

INSERT INTO eve_evento_sindicato_participante (eve_id, evo_id, flo_id, eve_nome, eve_participante_telefone, eve_participante_email, eve_cpf, flo_id_responsavel, eve_presenca_confirmada, eve_data_deletado, eve_deletado)
VALUES (22276, 10, (SELECT flo_id FROM flo_filiado WHERE flo_cpf = '33363812825'), 'Thiago do Amaral Xavier', '11969569976', 'txavier@bencorp.com.br', '33363812825', null, 1, null, 2);
INSERT INTO dva_divida (psa_id_pagador, psa_id_destinatario, cmi_id, dvu_id, dva_valor, dva_valor_pago, dva_valor_acrescimo, dva_valor_desconto, dva_descricao, dvp_id, dva_data_vencimento_atual, dva_data_vencimento_inicial, dva_data_inicio_cobranca_mora, dva_data_cancelamento, dva_motivo_cancelamento, dva_cancelada, dva_tipo_cancelamento)
VALUES ((SELECT psa_id FROM psa_pessoa WHERE psa_cli_id = (SELECT flo_id FROM flo_filiado WHERE flo_cpf = '33363812825')), (SELECT psa_id FROM psa_pessoa WHERE psa_cli_id = (SELECT flo_id FROM flo_filiado WHERE flo_cpf = '33363812825')), 201905, 2, 75, 0, 0, 75, 'Inscrição em evento: Como prestar serviços no mercado de QV e estratégias de comunicação', 20, '2019-05-07', '2019-05-07', '2019-05-08', null, null, 0, null);
INSERT INTO cba_cobranca (cba_situacao, cba_valor, cba_data_cadastro, cba_data_vencimento, cba_tipo_remessa, psa_id, cba_data_limite_recebimento, cba_motivo_cancelamento, cba_data_cancelamento)
VALUES (4, 75, '2019-05-06 17:41', '2019-05-07', 99, (SELECT psa_id FROM psa_pessoa WHERE psa_cli_id = (SELECT flo_id FROM flo_filiado WHERE flo_cpf = '33363812825')), '2019-05-08', 'Concessão de isenção', '2019-05-06 17:41');
INSERT INTO dvo_divida_cobranca (dva_id, cba_id) VALUES ((SELECT max(dva_id) FROM dva_divida), (SELECT max(cba_id) FROM cba_cobranca));
INSERT INTO dvt_divida_desconto (dva_id, dvt_valor, dvt_descricao, dvt_data_cadastro) VALUES ((SELECT max(dva_id) FROM dva_divida), 75, 'Concessão de isenção', '2019-05-06 17:41');
INSERT INTO cbn_cobranca_evento_sindicato (cbn_descricao, prve_id, eve_id, evo_id, dva_id) VALUES ('Inscrição em evento', 5, 22276, 10, (SELECT max(dva_id) FROM dva_divida));

INSERT INTO eve_evento_sindicato_participante (eve_id, evo_id, flo_id, eve_nome, eve_participante_telefone, eve_participante_email, eve_cpf, flo_id_responsavel, eve_presenca_confirmada, eve_data_deletado, eve_deletado)
VALUES (22113, 10, (SELECT flo_id FROM flo_filiado WHERE flo_cpf = '34804867899'), 'Thomas Boilesen', '55613317979', 'thomas.boilesen@sesisenaisp.org.br', '34804867899', null, 1, null, 2);
INSERT INTO dva_divida (psa_id_pagador, psa_id_destinatario, cmi_id, dvu_id, dva_valor, dva_valor_pago, dva_valor_acrescimo, dva_valor_desconto, dva_descricao, dvp_id, dva_data_vencimento_atual, dva_data_vencimento_inicial, dva_data_inicio_cobranca_mora, dva_data_cancelamento, dva_motivo_cancelamento, dva_cancelada, dva_tipo_cancelamento)
VALUES ((SELECT psa_id FROM psa_pessoa WHERE psa_cli_id = (SELECT flo_id FROM flo_filiado WHERE flo_cpf = '34804867899')), (SELECT psa_id FROM psa_pessoa WHERE psa_cli_id = (SELECT flo_id FROM flo_filiado WHERE flo_cpf = '34804867899')), 201905, 2, 75, 0, 0, 75, 'Inscrição em evento: Como prestar serviços no mercado de QV e estratégias de comunicação', 20, '2019-05-07', '2019-05-07', '2019-05-08', null, null, 0, null);
INSERT INTO cba_cobranca (cba_situacao, cba_valor, cba_data_cadastro, cba_data_vencimento, cba_tipo_remessa, psa_id, cba_data_limite_recebimento, cba_motivo_cancelamento, cba_data_cancelamento)
VALUES (4, 75, '2019-05-06 10:55', '2019-05-07', 99, (SELECT psa_id FROM psa_pessoa WHERE psa_cli_id = (SELECT flo_id FROM flo_filiado WHERE flo_cpf = '34804867899')), '2019-05-08', 'Concessão de isenção', '2019-05-06 10:55');
INSERT INTO dvo_divida_cobranca (dva_id, cba_id) VALUES ((SELECT max(dva_id) FROM dva_divida), (SELECT max(cba_id) FROM cba_cobranca));
INSERT INTO dvt_divida_desconto (dva_id, dvt_valor, dvt_descricao, dvt_data_cadastro) VALUES ((SELECT max(dva_id) FROM dva_divida), 75, 'Concessão de isenção', '2019-05-06 10:55');
INSERT INTO cbn_cobranca_evento_sindicato (cbn_descricao, prve_id, eve_id, evo_id, dva_id) VALUES ('Inscrição em evento', 5, 22113, 10, (SELECT max(dva_id) FROM dva_divida));

INSERT INTO eve_evento_sindicato_participante (eve_id, evo_id, flo_id, eve_nome, eve_participante_telefone, eve_participante_email, eve_cpf, flo_id_responsavel, eve_presenca_confirmada, eve_data_deletado, eve_deletado)
VALUES (21517, 10, (SELECT flo_id FROM flo_filiado WHERE flo_nome = 'Werther de Camargo Penteado Busato'), 'Werther de Camargo Penteado Busato', '19996019767', 'wpbusato@mmm.com', '', (SELECT flo_id FROM flo_filiado WHERE flo_nome = '3m'), 1, null, 2);
INSERT INTO dva_divida (psa_id_pagador, psa_id_destinatario, cmi_id, dvu_id, dva_valor, dva_valor_pago, dva_valor_acrescimo, dva_valor_desconto, dva_descricao, dvp_id, dva_data_vencimento_atual, dva_data_vencimento_inicial, dva_data_inicio_cobranca_mora, dva_data_cancelamento, dva_motivo_cancelamento, dva_cancelada, dva_tipo_cancelamento)
VALUES ((SELECT psa_id FROM psa_pessoa WHERE psa_cli_id = (SELECT flo_id FROM flo_filiado WHERE flo_nome = 'Werther de Camargo Penteado Busato')), (SELECT psa_id FROM psa_pessoa WHERE psa_cli_id = (SELECT flo_id FROM flo_filiado WHERE flo_nome = 'Werther de Camargo Penteado Busato')), 201905, 2, 75, 75, 0, 0, 'Inscrição em evento: Como prestar serviços no mercado de QV e estratégias de comunicação', 20, '2019-05-03', '2019-05-03', '2019-05-04', null, null, 0, null);
INSERT INTO cba_cobranca (cba_situacao, cba_valor, cba_data_cadastro, cba_data_vencimento, cba_tipo_remessa, psa_id, cba_data_limite_recebimento, cba_motivo_cancelamento, cba_data_cancelamento)
VALUES (3, 75, '2019-05-02 14:49', '2019-05-03', 99, (SELECT psa_id FROM psa_pessoa WHERE psa_cli_id = (SELECT flo_id FROM flo_filiado WHERE flo_nome = 'Werther de Camargo Penteado Busato')), '2019-05-04', null, null);
INSERT INTO dvo_divida_cobranca (dva_id, cba_id) VALUES ((SELECT max(dva_id) FROM dva_divida), (SELECT max(cba_id) FROM cba_cobranca));
INSERT INTO cbn_cobranca_evento_sindicato (cbn_descricao, prve_id, eve_id, evo_id, dva_id) VALUES ('Inscrição em evento', 5, 21517, 10, (SELECT max(dva_id) FROM dva_divida));
INSERT INTO pgo_pagamento (cba_id, psa_id, pgo_valor, pgo_situacao, pgo_data_pagamento, pgo_data_credito) VALUES ((SELECT max(cba_id) FROM cba_cobranca), (SELECT psa_id FROM psa_pessoa WHERE psa_cli_id = (SELECT flo_id FROM flo_filiado WHERE flo_nome = 'Werther de Camargo Penteado Busato')), 75, 1, '2019-05-02', '2019-05-02');
INSERT INTO pga_pagamento_divida (dva_id, pgo_id, pga_valor) VALUES ((SELECT max(dva_id) FROM dva_divida), (SELECT max(pgo_id) FROM pgo_pagamento), 75);

INSERT INTO eva_evento_sindicato_presenca (eve_id) VALUE (23503);
INSERT INTO eva_evento_sindicato_presenca (eve_id) VALUE (21507);
INSERT INTO eva_evento_sindicato_presenca (eve_id) VALUE (20571);
INSERT INTO eva_evento_sindicato_presenca (eve_id) VALUE (22238);
INSERT INTO eva_evento_sindicato_presenca (eve_id) VALUE (23506);
INSERT INTO eva_evento_sindicato_presenca (eve_id) VALUE (22120);
INSERT INTO eva_evento_sindicato_presenca (eve_id) VALUE (21749);
INSERT INTO eva_evento_sindicato_presenca (eve_id) VALUE (22170);
INSERT INTO eva_evento_sindicato_presenca (eve_id) VALUE (23477);
INSERT INTO eva_evento_sindicato_presenca (eve_id) VALUE (23500);
INSERT INTO eva_evento_sindicato_presenca (eve_id) VALUE (22224);
INSERT INTO eva_evento_sindicato_presenca (eve_id) VALUE (20573);
INSERT INTO eva_evento_sindicato_presenca (eve_id) VALUE (21752);
INSERT INTO eva_evento_sindicato_presenca (eve_id) VALUE (22239);
INSERT INTO eva_evento_sindicato_presenca (eve_id) VALUE (22094);
INSERT INTO eva_evento_sindicato_presenca (eve_id) VALUE (23484);
INSERT INTO eva_evento_sindicato_presenca (eve_id) VALUE (22106);
INSERT INTO eva_evento_sindicato_presenca (eve_id) VALUE (22139);
INSERT INTO eva_evento_sindicato_presenca (eve_id) VALUE (21837);
INSERT INTO eva_evento_sindicato_presenca (eve_id) VALUE (23486);
INSERT INTO eva_evento_sindicato_presenca (eve_id) VALUE (23538);
INSERT INTO eva_evento_sindicato_presenca (eve_id) VALUE (21448);
INSERT INTO eva_evento_sindicato_presenca (eve_id) VALUE (22116);
INSERT INTO eva_evento_sindicato_presenca (eve_id) VALUE (23479);
INSERT INTO eva_evento_sindicato_presenca (eve_id) VALUE (21579);
INSERT INTO eva_evento_sindicato_presenca (eve_id) VALUE (23492);
INSERT INTO eva_evento_sindicato_presenca (eve_id) VALUE (22277);
INSERT INTO eva_evento_sindicato_presenca (eve_id) VALUE (21744);
INSERT INTO eva_evento_sindicato_presenca (eve_id) VALUE (23491);
INSERT INTO eva_evento_sindicato_presenca (eve_id) VALUE (23493);
INSERT INTO eva_evento_sindicato_presenca (eve_id) VALUE (23501);
INSERT INTO eva_evento_sindicato_presenca (eve_id) VALUE (22111);
INSERT INTO eva_evento_sindicato_presenca (eve_id) VALUE (23482);
INSERT INTO eva_evento_sindicato_presenca (eve_id) VALUE (22034);
INSERT INTO eva_evento_sindicato_presenca (eve_id) VALUE (22186);
INSERT INTO eva_evento_sindicato_presenca (eve_id) VALUE (23476);
INSERT INTO eva_evento_sindicato_presenca (eve_id) VALUE (22287);
INSERT INTO eva_evento_sindicato_presenca (eve_id) VALUE (20572);
INSERT INTO eva_evento_sindicato_presenca (eve_id) VALUE (21983);
INSERT INTO eva_evento_sindicato_presenca (eve_id) VALUE (23473);
INSERT INTO eva_evento_sindicato_presenca (eve_id) VALUE (22262);
INSERT INTO eva_evento_sindicato_presenca (eve_id) VALUE (21300);
INSERT INTO eva_evento_sindicato_presenca (eve_id) VALUE (22110);
INSERT INTO eva_evento_sindicato_presenca (eve_id) VALUE (22276);
INSERT INTO eva_evento_sindicato_presenca (eve_id) VALUE (22113);

COMMIT;