START TRANSACTION;

INSERT INTO eve_evento_sindicato_participante (eve_id, evo_id, flo_id, eve_nome, eve_participante_telefone, eve_participante_email, eve_cpf, flo_id_responsavel, eve_presenca_confirmada, eve_data_deletado, eve_deletado)
VALUES (11845, 5, (SELECT flo_id FROM flo_filiado WHERE flo_cpf = '21646479807'), 'Roberta de Paula Pereira', '1155468594', 'roberta.pereira@avon.com', '21646479807', 169261, 1, null, 2);
INSERT INTO dva_divida (psa_id_pagador, psa_id_destinatario, cmi_id, dvu_id, dva_valor, dva_valor_pago, dva_valor_acrescimo, dva_valor_desconto, dva_descricao, dvp_id, dva_data_vencimento_atual, dva_data_vencimento_inicial, dva_data_inicio_cobranca_mora, dva_data_cancelamento, dva_motivo_cancelamento, dva_cancelada, dva_tipo_cancelamento)
VALUES ((SELECT psa_id FROM psa_pessoa WHERE psa_cli_id = (SELECT flo_id FROM flo_filiado WHERE flo_cpf = '21646479807')), (SELECT psa_id FROM psa_pessoa WHERE psa_cli_id = (SELECT flo_id FROM flo_filiado WHERE flo_cpf = '21646479807')), 201901, 2, 75, 75, 0, 0, 'Inscrição em evento: O Enfrentamento dos Fatores de Risco de Doenças Crônicas Não Transmissíveis', 15, '2019-02-01', '2019-02-01', '2019-02-02', null, null, 0, null);
INSERT INTO cba_cobranca (cba_situacao, cba_valor, cba_data_cadastro, cba_data_vencimento, cba_tipo_remessa, psa_id, cba_data_limite_recebimento, cba_motivo_cancelamento, cba_data_cancelamento)
VALUES (3, 75, '2019-01-31 17:20', '2019-02-01', 99, (SELECT psa_id FROM psa_pessoa WHERE psa_cli_id = (SELECT flo_id FROM flo_filiado WHERE flo_cpf = '21646479807')), '2019-02-02', null, null);
INSERT INTO dvo_divida_cobranca (dva_id, cba_id) VALUES ((SELECT max(dva_id) FROM dva_divida), (SELECT max(cba_id) FROM cba_cobranca));
INSERT INTO cbn_cobranca_evento_sindicato (cbn_descricao, prve_id, eve_id, evo_id, dva_id) VALUES ('Inscrição em evento', 5, 11845, 5, (SELECT max(dva_id) FROM dva_divida));
INSERT INTO pgo_pagamento (cba_id, psa_id, pgo_valor, pgo_situacao, pgo_data_pagamento, pgo_data_credito) VALUES ((SELECT max(cba_id) FROM cba_cobranca), (SELECT psa_id FROM psa_pessoa WHERE psa_cli_id = (SELECT flo_id FROM flo_filiado WHERE flo_cpf = '21646479807')), 75, 1, '2019-01-31', '2019-01-31');
INSERT INTO pga_pagamento_divida (dva_id, pgo_id, pga_valor) VALUES ((SELECT max(dva_id) FROM dva_divida), (SELECT max(pgo_id) FROM pgo_pagamento), 75);

INSERT INTO eve_evento_sindicato_participante (eve_id, evo_id, flo_id, eve_nome, eve_participante_telefone, eve_participante_email, eve_cpf, flo_id_responsavel, eve_presenca_confirmada, eve_data_deletado, eve_deletado)
VALUES (11758, 5, (SELECT flo_id FROM flo_filiado WHERE flo_cpf = '34414651808'), 'Adriana Coelho Camillo Zanella', '1150908794', 'adriana.zanella@eurofarma.com.br', '34414651808', 207713, 1, null, 2);
INSERT INTO dva_divida (psa_id_pagador, psa_id_destinatario, cmi_id, dvu_id, dva_valor, dva_valor_pago, dva_valor_acrescimo, dva_valor_desconto, dva_descricao, dvp_id, dva_data_vencimento_atual, dva_data_vencimento_inicial, dva_data_inicio_cobranca_mora, dva_data_cancelamento, dva_motivo_cancelamento, dva_cancelada, dva_tipo_cancelamento)
VALUES ((SELECT psa_id FROM psa_pessoa WHERE psa_cli_id = (SELECT flo_id FROM flo_filiado WHERE flo_cpf = '34414651808')), (SELECT psa_id FROM psa_pessoa WHERE psa_cli_id = (SELECT flo_id FROM flo_filiado WHERE flo_cpf = '34414651808')), 201901, 2, 75, 0, 0, 75, 'Inscrição em evento: O Enfrentamento dos Fatores de Risco de Doenças Crônicas Não Transmissíveis', 15, '2019-02-01', '2019-02-01', '2019-02-02', null, null, 0, null);
INSERT INTO cba_cobranca (cba_situacao, cba_valor, cba_data_cadastro, cba_data_vencimento, cba_tipo_remessa, psa_id, cba_data_limite_recebimento, cba_motivo_cancelamento, cba_data_cancelamento)
VALUES (4, 75, '2019-01-31 09:14', '2019-02-01', 99, (SELECT psa_id FROM psa_pessoa WHERE psa_cli_id = (SELECT flo_id FROM flo_filiado WHERE flo_cpf = '34414651808')), '2019-02-02', 'Concessão de isenção', '2019-01-31');
INSERT INTO dvo_divida_cobranca (dva_id, cba_id) VALUES ((SELECT max(dva_id) FROM dva_divida), (SELECT max(cba_id) FROM cba_cobranca));
INSERT INTO dvt_divida_desconto (dva_id, dvt_valor, dvt_descricao, dvt_data_cadastro) VALUES ((SELECT max(dva_id) FROM dva_divida), 75, 'Concessão de isenção', '2019-01-31');
INSERT INTO cbn_cobranca_evento_sindicato (cbn_descricao, prve_id, eve_id, evo_id, dva_id) VALUES ('Inscrição em evento', 5, 11758, 5, (SELECT max(dva_id) FROM dva_divida));

INSERT INTO eve_evento_sindicato_participante (eve_id, evo_id, flo_id, eve_nome, eve_participante_telefone, eve_participante_email, eve_cpf, flo_id_responsavel, eve_presenca_confirmada, eve_data_deletado, eve_deletado)
VALUES (11508, 5, (SELECT flo_id FROM flo_filiado WHERE flo_cpf = '36936770851'), 'Alessandra Belickas Carreiro', '11996378259', 'alenutricaoesaude@hotmail.com', '36936770851', null, 1, null, 2);
INSERT INTO dva_divida (psa_id_pagador, psa_id_destinatario, cmi_id, dvu_id, dva_valor, dva_valor_pago, dva_valor_acrescimo, dva_valor_desconto, dva_descricao, dvp_id, dva_data_vencimento_atual, dva_data_vencimento_inicial, dva_data_inicio_cobranca_mora, dva_data_cancelamento, dva_motivo_cancelamento, dva_cancelada, dva_tipo_cancelamento)
VALUES ((SELECT psa_id FROM psa_pessoa WHERE psa_cli_id = (SELECT flo_id FROM flo_filiado WHERE flo_cpf = '36936770851')), (SELECT psa_id FROM psa_pessoa WHERE psa_cli_id = (SELECT flo_id FROM flo_filiado WHERE flo_cpf = '36936770851')), 201901, 2, 75, 75, 0, 0, 'Inscrição em evento: O Enfrentamento dos Fatores de Risco de Doenças Crônicas Não Transmissíveis', 15, '2019-01-29', '2019-01-29', '2019-01-30', null, null, 0, null);
INSERT INTO cba_cobranca (cba_situacao, cba_valor, cba_data_cadastro, cba_data_vencimento, cba_tipo_remessa, psa_id, cba_data_limite_recebimento, cba_motivo_cancelamento, cba_data_cancelamento)
VALUES (3, 75, '2019-01-28 14:49', '2019-01-29', 99, (SELECT psa_id FROM psa_pessoa WHERE psa_cli_id = (SELECT flo_id FROM flo_filiado WHERE flo_cpf = '36936770851')), '2019-01-30', null, null);
INSERT INTO dvo_divida_cobranca (dva_id, cba_id) VALUES ((SELECT max(dva_id) FROM dva_divida), (SELECT max(cba_id) FROM cba_cobranca));
INSERT INTO cbn_cobranca_evento_sindicato (cbn_descricao, prve_id, eve_id, evo_id, dva_id) VALUES ('Inscrição em evento', 5, 11508, 5, (SELECT max(dva_id) FROM dva_divida));
INSERT INTO pgo_pagamento (cba_id, psa_id, pgo_valor, pgo_situacao, pgo_data_pagamento, pgo_data_credito) VALUES ((SELECT max(cba_id) FROM cba_cobranca), (SELECT psa_id FROM psa_pessoa WHERE psa_cli_id = (SELECT flo_id FROM flo_filiado WHERE flo_cpf = '36936770851')), 75, 1, '2019-01-28', '2019-01-28');
INSERT INTO pga_pagamento_divida (dva_id, pgo_id, pga_valor) VALUES ((SELECT max(dva_id) FROM dva_divida), (SELECT max(pgo_id) FROM pgo_pagamento), 75);

INSERT INTO eve_evento_sindicato_participante (eve_id, evo_id, flo_id, eve_nome, eve_participante_telefone, eve_participante_email, eve_cpf, flo_id_responsavel, eve_presenca_confirmada, eve_data_deletado, eve_deletado)
VALUES (11000, 5, (SELECT flo_id FROM flo_filiado WHERE flo_cpf = '15162426881'), 'Alessandra Lopes Tanaka', '11972077902', 'alopestanaka@gmail.com', '15162426881', null, 2, '2019-01-23 16:53', 1);
INSERT INTO dva_divida (psa_id_pagador, psa_id_destinatario, cmi_id, dvu_id, dva_valor, dva_valor_pago, dva_valor_acrescimo, dva_valor_desconto, dva_descricao, dvp_id, dva_data_vencimento_atual, dva_data_vencimento_inicial, dva_data_inicio_cobranca_mora, dva_data_cancelamento, dva_motivo_cancelamento, dva_cancelada, dva_tipo_cancelamento)
VALUES ((SELECT psa_id FROM psa_pessoa WHERE psa_cli_id = (SELECT flo_id FROM flo_filiado WHERE flo_cpf = '15162426881')), (SELECT psa_id FROM psa_pessoa WHERE psa_cli_id = (SELECT flo_id FROM flo_filiado WHERE flo_cpf = '15162426881')), 201901, 1, 75, 0, 0, 0, 'Inscrição em evento: O Enfrentamento dos Fatores de Risco de Doenças Crônicas Não Transmissíveis', 15, '2019-01-24', '2019-01-24', '2019-01-25', '2019-01-23 16:53', 'Inscrição Cancelada', 1, 1);
INSERT INTO cba_cobranca (cba_situacao, cba_valor, cba_data_cadastro, cba_data_vencimento, cba_tipo_remessa, psa_id, cba_data_limite_recebimento, cba_motivo_cancelamento, cba_data_cancelamento)
VALUES (4, 75, '2019-01-23 16:53', '2019-01-24', 99, (SELECT psa_id FROM psa_pessoa WHERE psa_cli_id = (SELECT flo_id FROM flo_filiado WHERE flo_cpf = '15162426881')), '2019-01-25', 'Inscrição Cancelada', '2019-01-23 16:53');
INSERT INTO dvo_divida_cobranca (dva_id, cba_id) VALUES ((SELECT max(dva_id) FROM dva_divida), (SELECT max(cba_id) FROM cba_cobranca));

INSERT INTO eve_evento_sindicato_participante (eve_id, evo_id, flo_id, eve_nome, eve_participante_telefone, eve_participante_email, eve_cpf, flo_id_responsavel, eve_presenca_confirmada, eve_data_deletado, eve_deletado)
VALUES (10558, 5, (SELECT flo_id FROM flo_filiado WHERE flo_cpf = '32930448830'), 'Amira L M Landulfo', '11940037135', 'amira.miranda@gmail.com', '32930448830', null, 2, '2019-01-18 10:21', 1);
INSERT INTO dva_divida (psa_id_pagador, psa_id_destinatario, cmi_id, dvu_id, dva_valor, dva_valor_pago, dva_valor_acrescimo, dva_valor_desconto, dva_descricao, dvp_id, dva_data_vencimento_atual, dva_data_vencimento_inicial, dva_data_inicio_cobranca_mora, dva_data_cancelamento, dva_motivo_cancelamento, dva_cancelada, dva_tipo_cancelamento)
VALUES ((SELECT psa_id FROM psa_pessoa WHERE psa_cli_id = (SELECT flo_id FROM flo_filiado WHERE flo_cpf = '32930448830')), (SELECT psa_id FROM psa_pessoa WHERE psa_cli_id = (SELECT flo_id FROM flo_filiado WHERE flo_cpf = '32930448830')), 201901, 1, 75, 0, 0, 0, 'Inscrição em evento: O Enfrentamento dos Fatores de Risco de Doenças Crônicas Não Transmissíveis', 15, '2019-01-19', '2019-01-19', '2019-01-20', '2019-01-18 10:21', 'Inscrição Cancelada', 1, 1);
INSERT INTO cba_cobranca (cba_situacao, cba_valor, cba_data_cadastro, cba_data_vencimento, cba_tipo_remessa, psa_id, cba_data_limite_recebimento, cba_motivo_cancelamento, cba_data_cancelamento)
VALUES (4, 75, '2019-01-18 10:21', '2019-01-19', 99, (SELECT psa_id FROM psa_pessoa WHERE psa_cli_id = (SELECT flo_id FROM flo_filiado WHERE flo_cpf = '32930448830')), '2019-01-20', 'Inscrição Cancelada', '2019-01-18 10:21');
INSERT INTO dvo_divida_cobranca (dva_id, cba_id) VALUES ((SELECT max(dva_id) FROM dva_divida), (SELECT max(cba_id) FROM cba_cobranca));

INSERT INTO eve_evento_sindicato_participante (eve_id, evo_id, flo_id, eve_nome, eve_participante_telefone, eve_participante_email, eve_cpf, flo_id_responsavel, eve_presenca_confirmada, eve_data_deletado, eve_deletado)
VALUES (11435, 5, (SELECT flo_id FROM flo_filiado WHERE flo_cpf = '11227464827'), 'Ana Paula Garcia', '11994071835', 'anapaula@libertyseguros.com.br', '11227464827', null, 1, null, 2);
INSERT INTO dva_divida (psa_id_pagador, psa_id_destinatario, cmi_id, dvu_id, dva_valor, dva_valor_pago, dva_valor_acrescimo, dva_valor_desconto, dva_descricao, dvp_id, dva_data_vencimento_atual, dva_data_vencimento_inicial, dva_data_inicio_cobranca_mora, dva_data_cancelamento, dva_motivo_cancelamento, dva_cancelada, dva_tipo_cancelamento)
VALUES ((SELECT psa_id FROM psa_pessoa WHERE psa_cli_id = (SELECT flo_id FROM flo_filiado WHERE flo_cpf = '11227464827')), (SELECT psa_id FROM psa_pessoa WHERE psa_cli_id = (SELECT flo_id FROM flo_filiado WHERE flo_cpf = '11227464827')), 201901, 2, 75, 75, 0, 0, 'Inscrição em evento: O Enfrentamento dos Fatores de Risco de Doenças Crônicas Não Transmissíveis', 15, '2019-01-28', '2019-01-28', '2019-01-29', null, null, 0, null);
INSERT INTO cba_cobranca (cba_situacao, cba_valor, cba_data_cadastro, cba_data_vencimento, cba_tipo_remessa, psa_id, cba_data_limite_recebimento, cba_motivo_cancelamento, cba_data_cancelamento)
VALUES (3, 75, '2019-01-27 17:17', '2019-01-28', 99, (SELECT psa_id FROM psa_pessoa WHERE psa_cli_id = (SELECT flo_id FROM flo_filiado WHERE flo_cpf = '11227464827')), '2019-01-29', null, null);
INSERT INTO dvo_divida_cobranca (dva_id, cba_id) VALUES ((SELECT max(dva_id) FROM dva_divida), (SELECT max(cba_id) FROM cba_cobranca));
INSERT INTO cbn_cobranca_evento_sindicato (cbn_descricao, prve_id, eve_id, evo_id, dva_id) VALUES ('Inscrição em evento', 5, 11435, 5, (SELECT max(dva_id) FROM dva_divida));
INSERT INTO pgo_pagamento (cba_id, psa_id, pgo_valor, pgo_situacao, pgo_data_pagamento, pgo_data_credito) VALUES ((SELECT max(cba_id) FROM cba_cobranca), (SELECT psa_id FROM psa_pessoa WHERE psa_cli_id = (SELECT flo_id FROM flo_filiado WHERE flo_cpf = '11227464827')), 75, 1, '2019-01-27', '2019-01-27');
INSERT INTO pga_pagamento_divida (dva_id, pgo_id, pga_valor) VALUES ((SELECT max(dva_id) FROM dva_divida), (SELECT max(pgo_id) FROM pgo_pagamento), 75);

INSERT INTO eve_evento_sindicato_participante (eve_id, evo_id, flo_id, eve_nome, eve_participante_telefone, eve_participante_email, eve_cpf, flo_id_responsavel, eve_presenca_confirmada, eve_data_deletado, eve_deletado)
VALUES (12032, 5, (SELECT flo_id FROM flo_filiado WHERE flo_cpf = '28325947861'), 'Ana Paula Martins Vicentin', '11975004685', 'hanamar@gmail.com', '28325947861', null, 1, null, 2);
INSERT INTO dva_divida (psa_id_pagador, psa_id_destinatario, cmi_id, dvu_id, dva_valor, dva_valor_pago, dva_valor_acrescimo, dva_valor_desconto, dva_descricao, dvp_id, dva_data_vencimento_atual, dva_data_vencimento_inicial, dva_data_inicio_cobranca_mora, dva_data_cancelamento, dva_motivo_cancelamento, dva_cancelada, dva_tipo_cancelamento)
VALUES ((SELECT psa_id FROM psa_pessoa WHERE psa_cli_id = (SELECT flo_id FROM flo_filiado WHERE flo_cpf = '28325947861')), (SELECT psa_id FROM psa_pessoa WHERE psa_cli_id = (SELECT flo_id FROM flo_filiado WHERE flo_cpf = '28325947861')), 201902, 2, 75, 0, 0, 75, 'Inscrição em evento: O Enfrentamento dos Fatores de Risco de Doenças Crônicas Não Transmissíveis', 15, '2019-02-05', '2019-02-05', '2019-02-06', null, null, 0, null);
INSERT INTO cba_cobranca (cba_situacao, cba_valor, cba_data_cadastro, cba_data_vencimento, cba_tipo_remessa, psa_id, cba_data_limite_recebimento, cba_motivo_cancelamento, cba_data_cancelamento)
VALUES (4, 75, '2019-02-04 17:46', '2019-02-05', 99, (SELECT psa_id FROM psa_pessoa WHERE psa_cli_id = (SELECT flo_id FROM flo_filiado WHERE flo_cpf = '28325947861')), '2019-02-06', 'Concessão de isenção', '2019-02-04');
INSERT INTO dvo_divida_cobranca (dva_id, cba_id) VALUES ((SELECT max(dva_id) FROM dva_divida), (SELECT max(cba_id) FROM cba_cobranca));
INSERT INTO dvt_divida_desconto (dva_id, dvt_valor, dvt_descricao, dvt_data_cadastro) VALUES ((SELECT max(dva_id) FROM dva_divida), 75, 'Concessão de isenção', '2019-02-04');
INSERT INTO cbn_cobranca_evento_sindicato (cbn_descricao, prve_id, eve_id, evo_id, dva_id) VALUES ('Inscrição em evento', 5, 12032, 5, (SELECT max(dva_id) FROM dva_divida));

INSERT INTO eve_evento_sindicato_participante (eve_id, evo_id, flo_id, eve_nome, eve_participante_telefone, eve_participante_email, eve_cpf, flo_id_responsavel, eve_presenca_confirmada, eve_data_deletado, eve_deletado)
VALUES (11542, 5, (SELECT flo_id FROM flo_filiado WHERE flo_cpf = '22196538892'), 'Anna Karina Chiereghin', '11996489441', 'akarinac@hotmail.com', '22196538892', null, 1, null, 2);
INSERT INTO dva_divida (psa_id_pagador, psa_id_destinatario, cmi_id, dvu_id, dva_valor, dva_valor_pago, dva_valor_acrescimo, dva_valor_desconto, dva_descricao, dvp_id, dva_data_vencimento_atual, dva_data_vencimento_inicial, dva_data_inicio_cobranca_mora, dva_data_cancelamento, dva_motivo_cancelamento, dva_cancelada, dva_tipo_cancelamento)
VALUES ((SELECT psa_id FROM psa_pessoa WHERE psa_cli_id = (SELECT flo_id FROM flo_filiado WHERE flo_cpf = '22196538892')), (SELECT psa_id FROM psa_pessoa WHERE psa_cli_id = (SELECT flo_id FROM flo_filiado WHERE flo_cpf = '22196538892')), 201901, 2, 75, 75, 0, 0, 'Inscrição em evento: O Enfrentamento dos Fatores de Risco de Doenças Crônicas Não Transmissíveis', 15, '2019-01-29', '2019-01-29', '2019-01-30', null, null, 0, null);
INSERT INTO cba_cobranca (cba_situacao, cba_valor, cba_data_cadastro, cba_data_vencimento, cba_tipo_remessa, psa_id, cba_data_limite_recebimento, cba_motivo_cancelamento, cba_data_cancelamento)
VALUES (3, 75, '2019-01-28 17:55', '2019-01-29', 99, (SELECT psa_id FROM psa_pessoa WHERE psa_cli_id = (SELECT flo_id FROM flo_filiado WHERE flo_cpf = '22196538892')), '2019-01-30', null, null);
INSERT INTO dvo_divida_cobranca (dva_id, cba_id) VALUES ((SELECT max(dva_id) FROM dva_divida), (SELECT max(cba_id) FROM cba_cobranca));
INSERT INTO cbn_cobranca_evento_sindicato (cbn_descricao, prve_id, eve_id, evo_id, dva_id) VALUES ('Inscrição em evento', 5, 11542, 5, (SELECT max(dva_id) FROM dva_divida));
INSERT INTO pgo_pagamento (cba_id, psa_id, pgo_valor, pgo_situacao, pgo_data_pagamento, pgo_data_credito) VALUES ((SELECT max(cba_id) FROM cba_cobranca), (SELECT psa_id FROM psa_pessoa WHERE psa_cli_id = (SELECT flo_id FROM flo_filiado WHERE flo_cpf = '22196538892')), 75, 1, '2019-01-28', '2019-01-28');
INSERT INTO pga_pagamento_divida (dva_id, pgo_id, pga_valor) VALUES ((SELECT max(dva_id) FROM dva_divida), (SELECT max(pgo_id) FROM pgo_pagamento), 75);

INSERT INTO eve_evento_sindicato_participante (eve_id, evo_id, flo_id, eve_nome, eve_participante_telefone, eve_participante_email, eve_cpf, flo_id_responsavel, eve_presenca_confirmada, eve_data_deletado, eve_deletado)
VALUES (11840, 5, (SELECT flo_id FROM flo_filiado WHERE flo_cpf = '30030828848'), 'Arnaldo Gomes da Silva Neto', '11981435730', 'arnaldo.neto@cielo.com.br', '30030828848', null, 1, null, 2);
INSERT INTO dva_divida (psa_id_pagador, psa_id_destinatario, cmi_id, dvu_id, dva_valor, dva_valor_pago, dva_valor_acrescimo, dva_valor_desconto, dva_descricao, dvp_id, dva_data_vencimento_atual, dva_data_vencimento_inicial, dva_data_inicio_cobranca_mora, dva_data_cancelamento, dva_motivo_cancelamento, dva_cancelada, dva_tipo_cancelamento)
VALUES ((SELECT psa_id FROM psa_pessoa WHERE psa_cli_id = (SELECT flo_id FROM flo_filiado WHERE flo_cpf = '30030828848')), (SELECT psa_id FROM psa_pessoa WHERE psa_cli_id = (SELECT flo_id FROM flo_filiado WHERE flo_cpf = '30030828848')), 201901, 2, 75, 0, 0, 75, 'Inscrição em evento: O Enfrentamento dos Fatores de Risco de Doenças Crônicas Não Transmissíveis', 15, '2019-02-01', '2019-02-01', '2019-02-02', null, null, 0, null);
INSERT INTO cba_cobranca (cba_situacao, cba_valor, cba_data_cadastro, cba_data_vencimento, cba_tipo_remessa, psa_id, cba_data_limite_recebimento, cba_motivo_cancelamento, cba_data_cancelamento)
VALUES (4, 75, '2019-01-31 17:00', '2019-02-01', 99, (SELECT psa_id FROM psa_pessoa WHERE psa_cli_id = (SELECT flo_id FROM flo_filiado WHERE flo_cpf = '30030828848')), '2019-02-02', 'Concessão de isenção', '2019-02-04');
INSERT INTO dvo_divida_cobranca (dva_id, cba_id) VALUES ((SELECT max(dva_id) FROM dva_divida), (SELECT max(cba_id) FROM cba_cobranca));
INSERT INTO dvt_divida_desconto (dva_id, dvt_valor, dvt_descricao, dvt_data_cadastro) VALUES ((SELECT max(dva_id) FROM dva_divida), 75, 'Concessão de isenção', '2019-02-04');
INSERT INTO cbn_cobranca_evento_sindicato (cbn_descricao, prve_id, eve_id, evo_id, dva_id) VALUES ('Inscrição em evento', 5, 11840, 5, (SELECT max(dva_id) FROM dva_divida));

INSERT INTO eve_evento_sindicato_participante (eve_id, evo_id, flo_id, eve_nome, eve_participante_telefone, eve_participante_email, eve_cpf, flo_id_responsavel, eve_presenca_confirmada, eve_data_deletado, eve_deletado)
VALUES (11709, 5, (SELECT flo_id FROM flo_filiado WHERE flo_cpf = '36926512876'), 'Bruna Conceição Sousa', '1131467106', 'bruna.sousa@sesisp.org.br', '36926512876', null, 1, null, 2);
INSERT INTO dva_divida (psa_id_pagador, psa_id_destinatario, cmi_id, dvu_id, dva_valor, dva_valor_pago, dva_valor_acrescimo, dva_valor_desconto, dva_descricao, dvp_id, dva_data_vencimento_atual, dva_data_vencimento_inicial, dva_data_inicio_cobranca_mora, dva_data_cancelamento, dva_motivo_cancelamento, dva_cancelada, dva_tipo_cancelamento)
VALUES ((SELECT psa_id FROM psa_pessoa WHERE psa_cli_id = (SELECT flo_id FROM flo_filiado WHERE flo_cpf = '36926512876')), (SELECT psa_id FROM psa_pessoa WHERE psa_cli_id = (SELECT flo_id FROM flo_filiado WHERE flo_cpf = '36926512876')), 201901, 2, 75, 0, 0, 75, 'Inscrição em evento: O Enfrentamento dos Fatores de Risco de Doenças Crônicas Não Transmissíveis', 15, '2019-01-31', '2019-01-31', '2019-02-01', null, null, 0, null);
INSERT INTO cba_cobranca (cba_situacao, cba_valor, cba_data_cadastro, cba_data_vencimento, cba_tipo_remessa, psa_id, cba_data_limite_recebimento, cba_motivo_cancelamento, cba_data_cancelamento)
VALUES (4, 75, '2019-01-30 10:18', '2019-01-31', 99, (SELECT psa_id FROM psa_pessoa WHERE psa_cli_id = (SELECT flo_id FROM flo_filiado WHERE flo_cpf = '36926512876')), '2019-02-01', 'Concessão de isenção', '2019-01-30');
INSERT INTO dvo_divida_cobranca (dva_id, cba_id) VALUES ((SELECT max(dva_id) FROM dva_divida), (SELECT max(cba_id) FROM cba_cobranca));
INSERT INTO dvt_divida_desconto (dva_id, dvt_valor, dvt_descricao, dvt_data_cadastro) VALUES ((SELECT max(dva_id) FROM dva_divida), 75, 'Concessão de isenção', '2019-01-30');
INSERT INTO cbn_cobranca_evento_sindicato (cbn_descricao, prve_id, eve_id, evo_id, dva_id) VALUES ('Inscrição em evento', 5, 11709, 5, (SELECT max(dva_id) FROM dva_divida));

INSERT INTO eve_evento_sindicato_participante (eve_id, evo_id, flo_id, eve_nome, eve_participante_telefone, eve_participante_email, eve_cpf, flo_id_responsavel, eve_presenca_confirmada, eve_data_deletado, eve_deletado)
VALUES (11581, 5, (SELECT flo_id FROM flo_filiado WHERE flo_cpf = '39142123810'), 'Bruna Pinheiro de Oliveira Silva', '1131063756', 'bruna.pinheiro@vitalwork.com.br', '39142123810', (SELECT flo_id FROM flo_filiado WHERE flo_nome = 'Vital Work'), 1, null, 2);
INSERT INTO dva_divida (psa_id_pagador, psa_id_destinatario, cmi_id, dvu_id, dva_valor, dva_valor_pago, dva_valor_acrescimo, dva_valor_desconto, dva_descricao, dvp_id, dva_data_vencimento_atual, dva_data_vencimento_inicial, dva_data_inicio_cobranca_mora, dva_data_cancelamento, dva_motivo_cancelamento, dva_cancelada, dva_tipo_cancelamento)
VALUES ((SELECT psa_id FROM psa_pessoa WHERE psa_cli_id = (SELECT flo_id FROM flo_filiado WHERE flo_cpf = '39142123810')), (SELECT psa_id FROM psa_pessoa WHERE psa_cli_id = (SELECT flo_id FROM flo_filiado WHERE flo_cpf = '39142123810')), 201901, 2, 75, 75, 0, 0, 'Inscrição em evento: O Enfrentamento dos Fatores de Risco de Doenças Crônicas Não Transmissíveis', 15, '2019-01-30', '2019-01-30', '2019-01-31', null, null, 0, null);
INSERT INTO cba_cobranca (cba_situacao, cba_valor, cba_data_cadastro, cba_data_vencimento, cba_tipo_remessa, psa_id, cba_data_limite_recebimento, cba_motivo_cancelamento, cba_data_cancelamento)
VALUES (3, 75, '2019-01-29 09:11', '2019-01-30', 99, (SELECT psa_id FROM psa_pessoa WHERE psa_cli_id = (SELECT flo_id FROM flo_filiado WHERE flo_cpf = '39142123810')), '2019-01-31', null, null);
INSERT INTO dvo_divida_cobranca (dva_id, cba_id) VALUES ((SELECT max(dva_id) FROM dva_divida), (SELECT max(cba_id) FROM cba_cobranca));
INSERT INTO cbn_cobranca_evento_sindicato (cbn_descricao, prve_id, eve_id, evo_id, dva_id) VALUES ('Inscrição em evento', 5, 11581, 5, (SELECT max(dva_id) FROM dva_divida));
INSERT INTO pgo_pagamento (cba_id, psa_id, pgo_valor, pgo_situacao, pgo_data_pagamento, pgo_data_credito) VALUES ((SELECT max(cba_id) FROM cba_cobranca), (SELECT psa_id FROM psa_pessoa WHERE psa_cli_id = (SELECT flo_id FROM flo_filiado WHERE flo_cpf = '39142123810')), 75, 1, '2019-01-29', '2019-01-29');
INSERT INTO pga_pagamento_divida (dva_id, pgo_id, pga_valor) VALUES ((SELECT max(dva_id) FROM dva_divida), (SELECT max(pgo_id) FROM pgo_pagamento), 75);

INSERT INTO eve_evento_sindicato_participante (eve_id, evo_id, flo_id, eve_nome, eve_participante_telefone, eve_participante_email, eve_cpf, flo_id_responsavel, eve_presenca_confirmada, eve_data_deletado, eve_deletado)
VALUES (11844, 5, (SELECT flo_id FROM flo_filiado WHERE flo_cpf = '36965288892'), 'Camila de Souza Pereira', '1155468594', 'camila.pereira@avon.com', '36965288892', 169621, 1, null, 2);
INSERT INTO dva_divida (psa_id_pagador, psa_id_destinatario, cmi_id, dvu_id, dva_valor, dva_valor_pago, dva_valor_acrescimo, dva_valor_desconto, dva_descricao, dvp_id, dva_data_vencimento_atual, dva_data_vencimento_inicial, dva_data_inicio_cobranca_mora, dva_data_cancelamento, dva_motivo_cancelamento, dva_cancelada, dva_tipo_cancelamento)
VALUES ((SELECT psa_id FROM psa_pessoa WHERE psa_cli_id = (SELECT flo_id FROM flo_filiado WHERE flo_cpf = '36965288892')), (SELECT psa_id FROM psa_pessoa WHERE psa_cli_id = (SELECT flo_id FROM flo_filiado WHERE flo_cpf = '36965288892')), 201901, 2, 75, 75, 0, 0, 'Inscrição em evento: O Enfrentamento dos Fatores de Risco de Doenças Crônicas Não Transmissíveis', 15, '2019-02-01', '2019-02-01', '2019-02-02', null, null, 0, null);
INSERT INTO cba_cobranca (cba_situacao, cba_valor, cba_data_cadastro, cba_data_vencimento, cba_tipo_remessa, psa_id, cba_data_limite_recebimento, cba_motivo_cancelamento, cba_data_cancelamento)
VALUES (3, 75, '2019-01-31 17:19', '2019-02-01', 99, (SELECT psa_id FROM psa_pessoa WHERE psa_cli_id = (SELECT flo_id FROM flo_filiado WHERE flo_cpf = '36965288892')), '2019-02-02', null, null);
INSERT INTO dvo_divida_cobranca (dva_id, cba_id) VALUES ((SELECT max(dva_id) FROM dva_divida), (SELECT max(cba_id) FROM cba_cobranca));
INSERT INTO cbn_cobranca_evento_sindicato (cbn_descricao, prve_id, eve_id, evo_id, dva_id) VALUES ('Inscrição em evento', 5, 11844, 5, (SELECT max(dva_id) FROM dva_divida));
INSERT INTO pgo_pagamento (cba_id, psa_id, pgo_valor, pgo_situacao, pgo_data_pagamento, pgo_data_credito) VALUES ((SELECT max(cba_id) FROM cba_cobranca), (SELECT psa_id FROM psa_pessoa WHERE psa_cli_id = (SELECT flo_id FROM flo_filiado WHERE flo_cpf = '36965288892')), 75, 1, '2019-01-31', '2019-01-31');
INSERT INTO pga_pagamento_divida (dva_id, pgo_id, pga_valor) VALUES ((SELECT max(dva_id) FROM dva_divida), (SELECT max(pgo_id) FROM pgo_pagamento), 75);

INSERT INTO eve_evento_sindicato_participante (eve_id, evo_id, flo_id, eve_nome, eve_participante_telefone, eve_participante_email, eve_cpf, flo_id_responsavel, eve_presenca_confirmada, eve_data_deletado, eve_deletado)
VALUES (10834, 5, (SELECT flo_id FROM flo_filiado WHERE flo_cpf = '36865988841'), 'Camila Petit dos Santos', '11961128230', 'marketing@unnimax.com.br', '36865988841', (SELECT flo_id FROM flo_filiado WHERE flo_nome = 'Unnimax Consultoria E Gestão de Benefícios S/s Ltda'), 1, null, 2);
INSERT INTO dva_divida (psa_id_pagador, psa_id_destinatario, cmi_id, dvu_id, dva_valor, dva_valor_pago, dva_valor_acrescimo, dva_valor_desconto, dva_descricao, dvp_id, dva_data_vencimento_atual, dva_data_vencimento_inicial, dva_data_inicio_cobranca_mora, dva_data_cancelamento, dva_motivo_cancelamento, dva_cancelada, dva_tipo_cancelamento)
VALUES ((SELECT psa_id FROM psa_pessoa WHERE psa_cli_id = (SELECT flo_id FROM flo_filiado WHERE flo_cpf = '36865988841')), (SELECT psa_id FROM psa_pessoa WHERE psa_cli_id = (SELECT flo_id FROM flo_filiado WHERE flo_cpf = '36865988841')), 201901, 2, 75, 75, 0, 0, 'Inscrição em evento: O Enfrentamento dos Fatores de Risco de Doenças Crônicas Não Transmissíveis', 15, '2019-01-23', '2019-01-23', '2019-01-24', null, null, 0, null);
INSERT INTO cba_cobranca (cba_situacao, cba_valor, cba_data_cadastro, cba_data_vencimento, cba_tipo_remessa, psa_id, cba_data_limite_recebimento, cba_motivo_cancelamento, cba_data_cancelamento)
VALUES (3, 75, '2019-01-22 08:46', '2019-01-23', 99, (SELECT psa_id FROM psa_pessoa WHERE psa_cli_id = (SELECT flo_id FROM flo_filiado WHERE flo_cpf = '36865988841')), '2019-01-24', null, null);
INSERT INTO dvo_divida_cobranca (dva_id, cba_id) VALUES ((SELECT max(dva_id) FROM dva_divida), (SELECT max(cba_id) FROM cba_cobranca));
INSERT INTO cbn_cobranca_evento_sindicato (cbn_descricao, prve_id, eve_id, evo_id, dva_id) VALUES ('Inscrição em evento', 5, 10834, 5, (SELECT max(dva_id) FROM dva_divida));
INSERT INTO pgo_pagamento (cba_id, psa_id, pgo_valor, pgo_situacao, pgo_data_pagamento, pgo_data_credito) VALUES ((SELECT max(cba_id) FROM cba_cobranca), (SELECT psa_id FROM psa_pessoa WHERE psa_cli_id = (SELECT flo_id FROM flo_filiado WHERE flo_cpf = '36865988841')), 75, 1, '2019-01-22', '2019-01-22');
INSERT INTO pga_pagamento_divida (dva_id, pgo_id, pga_valor) VALUES ((SELECT max(dva_id) FROM dva_divida), (SELECT max(pgo_id) FROM pgo_pagamento), 75);

INSERT INTO eve_evento_sindicato_participante (eve_id, evo_id, flo_id, eve_nome, eve_participante_telefone, eve_participante_email, eve_cpf, flo_id_responsavel, eve_presenca_confirmada, eve_data_deletado, eve_deletado)
VALUES (12226, 5, (SELECT flo_id FROM flo_filiado WHERE flo_cpf = '27112615810'), 'Cleber Gonçalves', '11983788840', 'abqv@abqv.org.br', '27112615810', null, 1, null, 2);
INSERT INTO dva_divida (psa_id_pagador, psa_id_destinatario, cmi_id, dvu_id, dva_valor, dva_valor_pago, dva_valor_acrescimo, dva_valor_desconto, dva_descricao, dvp_id, dva_data_vencimento_atual, dva_data_vencimento_inicial, dva_data_inicio_cobranca_mora, dva_data_cancelamento, dva_motivo_cancelamento, dva_cancelada, dva_tipo_cancelamento)
VALUES ((SELECT psa_id FROM psa_pessoa WHERE psa_cli_id = (SELECT flo_id FROM flo_filiado WHERE flo_cpf = '27112615810')), (SELECT psa_id FROM psa_pessoa WHERE psa_cli_id = (SELECT flo_id FROM flo_filiado WHERE flo_cpf = '27112615810')), 201902, 2, 75, 75, 0, 0, 'Inscrição em evento: O Enfrentamento dos Fatores de Risco de Doenças Crônicas Não Transmissíveis', 15, '2019-02-08', '2019-02-08', '2019-02-09', null, null, 0, null);
INSERT INTO cba_cobranca (cba_situacao, cba_valor, cba_data_cadastro, cba_data_vencimento, cba_tipo_remessa, psa_id, cba_data_limite_recebimento, cba_motivo_cancelamento, cba_data_cancelamento)
VALUES (3, 75, '2019-02-07 09:43', '2019-02-08', 99, (SELECT psa_id FROM psa_pessoa WHERE psa_cli_id = (SELECT flo_id FROM flo_filiado WHERE flo_cpf = '27112615810')), '2019-02-09', null, null);
INSERT INTO dvo_divida_cobranca (dva_id, cba_id) VALUES ((SELECT max(dva_id) FROM dva_divida), (SELECT max(cba_id) FROM cba_cobranca));
INSERT INTO cbn_cobranca_evento_sindicato (cbn_descricao, prve_id, eve_id, evo_id, dva_id) VALUES ('Inscrição em evento', 5, 12226, 5, (SELECT max(dva_id) FROM dva_divida));
INSERT INTO pgo_pagamento (cba_id, psa_id, pgo_valor, pgo_situacao, pgo_data_pagamento, pgo_data_credito) VALUES ((SELECT max(cba_id) FROM cba_cobranca), (SELECT psa_id FROM psa_pessoa WHERE psa_cli_id = (SELECT flo_id FROM flo_filiado WHERE flo_cpf = '27112615810')), 75, 1, '2019-02-07', '2019-02-07');
INSERT INTO pga_pagamento_divida (dva_id, pgo_id, pga_valor) VALUES ((SELECT max(dva_id) FROM dva_divida), (SELECT max(pgo_id) FROM pgo_pagamento), 75);

INSERT INTO eve_evento_sindicato_participante (eve_id, evo_id, flo_id, eve_nome, eve_participante_telefone, eve_participante_email, eve_cpf, flo_id_responsavel, eve_presenca_confirmada, eve_data_deletado, eve_deletado)
VALUES (12006, 5, (SELECT flo_id FROM flo_filiado WHERE flo_cpf = '15158911860'), 'Cristiane Maria Talala Zogheib', '11987384008', 'Cristiane.talala@haic.com.br', '15158911860', null, 1, null, 2);
INSERT INTO dva_divida (psa_id_pagador, psa_id_destinatario, cmi_id, dvu_id, dva_valor, dva_valor_pago, dva_valor_acrescimo, dva_valor_desconto, dva_descricao, dvp_id, dva_data_vencimento_atual, dva_data_vencimento_inicial, dva_data_inicio_cobranca_mora, dva_data_cancelamento, dva_motivo_cancelamento, dva_cancelada, dva_tipo_cancelamento)
VALUES ((SELECT psa_id FROM psa_pessoa WHERE psa_cli_id = (SELECT flo_id FROM flo_filiado WHERE flo_cpf = '15158911860')), (SELECT psa_id FROM psa_pessoa WHERE psa_cli_id = (SELECT flo_id FROM flo_filiado WHERE flo_cpf = '15158911860')), 201902, 2, 75, 0, 0, 75, 'Inscrição em evento: O Enfrentamento dos Fatores de Risco de Doenças Crônicas Não Transmissíveis', 15, '2019-02-05', '2019-02-05', '2019-02-06', null, null, 0, null);
INSERT INTO cba_cobranca (cba_situacao, cba_valor, cba_data_cadastro, cba_data_vencimento, cba_tipo_remessa, psa_id, cba_data_limite_recebimento, cba_motivo_cancelamento, cba_data_cancelamento)
VALUES (4, 75, '2019-02-04 13:24', '2019-02-05', 99, (SELECT psa_id FROM psa_pessoa WHERE psa_cli_id = (SELECT flo_id FROM flo_filiado WHERE flo_cpf = '15158911860')), '2019-02-06', 'Concessão de isenção', '2019-02-04');
INSERT INTO dvo_divida_cobranca (dva_id, cba_id) VALUES ((SELECT max(dva_id) FROM dva_divida), (SELECT max(cba_id) FROM cba_cobranca));
INSERT INTO dvt_divida_desconto (dva_id, dvt_valor, dvt_descricao, dvt_data_cadastro) VALUES ((SELECT max(dva_id) FROM dva_divida), 75, 'Concessão de isenção', '2019-02-04');
INSERT INTO cbn_cobranca_evento_sindicato (cbn_descricao, prve_id, eve_id, evo_id, dva_id) VALUES ('Inscrição em evento', 5, 12006, 5, (SELECT max(dva_id) FROM dva_divida));

INSERT INTO eve_evento_sindicato_participante (eve_id, evo_id, flo_id, eve_nome, eve_participante_telefone, eve_participante_email, eve_cpf, flo_id_responsavel, eve_presenca_confirmada, eve_data_deletado, eve_deletado)
VALUES (10568, 5, (SELECT flo_id FROM flo_filiado WHERE flo_cpf = '00215750705'), 'Cristina de Araújo Couto', '21998716054', 'criscouto@petrobras.com.br', '00215750705', null, 1, null, 2);
INSERT INTO dva_divida (psa_id_pagador, psa_id_destinatario, cmi_id, dvu_id, dva_valor, dva_valor_pago, dva_valor_acrescimo, dva_valor_desconto, dva_descricao, dvp_id, dva_data_vencimento_atual, dva_data_vencimento_inicial, dva_data_inicio_cobranca_mora, dva_data_cancelamento, dva_motivo_cancelamento, dva_cancelada, dva_tipo_cancelamento)
VALUES ((SELECT psa_id FROM psa_pessoa WHERE psa_cli_id = (SELECT flo_id FROM flo_filiado WHERE flo_cpf = '00215750705')), (SELECT psa_id FROM psa_pessoa WHERE psa_cli_id = (SELECT flo_id FROM flo_filiado WHERE flo_cpf = '00215750705')), 201901, 2, 75, 75, 0, 0, 'Inscrição em evento: O Enfrentamento dos Fatores de Risco de Doenças Crônicas Não Transmissíveis', 15, '2019-01-19', '2019-01-19', '2019-01-20', null, null, 0, null);
INSERT INTO cba_cobranca (cba_situacao, cba_valor, cba_data_cadastro, cba_data_vencimento, cba_tipo_remessa, psa_id, cba_data_limite_recebimento, cba_motivo_cancelamento, cba_data_cancelamento)
VALUES (3, 75, '2019-01-18 11:27', '2019-01-19', 99, (SELECT psa_id FROM psa_pessoa WHERE psa_cli_id = (SELECT flo_id FROM flo_filiado WHERE flo_cpf = '00215750705')), '2019-01-20', null, null);
INSERT INTO dvo_divida_cobranca (dva_id, cba_id) VALUES ((SELECT max(dva_id) FROM dva_divida), (SELECT max(cba_id) FROM cba_cobranca));
INSERT INTO cbn_cobranca_evento_sindicato (cbn_descricao, prve_id, eve_id, evo_id, dva_id) VALUES ('Inscrição em evento', 5, 10568, 5, (SELECT max(dva_id) FROM dva_divida));
INSERT INTO pgo_pagamento (cba_id, psa_id, pgo_valor, pgo_situacao, pgo_data_pagamento, pgo_data_credito) VALUES ((SELECT max(cba_id) FROM cba_cobranca), (SELECT psa_id FROM psa_pessoa WHERE psa_cli_id = (SELECT flo_id FROM flo_filiado WHERE flo_cpf = '00215750705')), 75, 1, '2019-01-18', '2019-01-18');
INSERT INTO pga_pagamento_divida (dva_id, pgo_id, pga_valor) VALUES ((SELECT max(dva_id) FROM dva_divida), (SELECT max(pgo_id) FROM pgo_pagamento), 75);

INSERT INTO eve_evento_sindicato_participante (eve_id, evo_id, flo_id, eve_nome, eve_participante_telefone, eve_participante_email, eve_cpf, flo_id_responsavel, eve_presenca_confirmada, eve_data_deletado, eve_deletado)
VALUES (11102, 5, (SELECT flo_id FROM flo_filiado WHERE flo_cpf = '05174726605'), 'David Matheus Fernandes', '1132659002', 'david.fernandes@segurosunimed.com.br', '05174726605', 169397, 1, null, 2);
INSERT INTO dva_divida (psa_id_pagador, psa_id_destinatario, cmi_id, dvu_id, dva_valor, dva_valor_pago, dva_valor_acrescimo, dva_valor_desconto, dva_descricao, dvp_id, dva_data_vencimento_atual, dva_data_vencimento_inicial, dva_data_inicio_cobranca_mora, dva_data_cancelamento, dva_motivo_cancelamento, dva_cancelada, dva_tipo_cancelamento)
VALUES ((SELECT psa_id FROM psa_pessoa WHERE psa_cli_id = (SELECT flo_id FROM flo_filiado WHERE flo_cpf = '05174726605')), (SELECT psa_id FROM psa_pessoa WHERE psa_cli_id = (SELECT flo_id FROM flo_filiado WHERE flo_cpf = '05174726605')), 201901, 2, 75, 75, 0, 0, 'Inscrição em evento: O Enfrentamento dos Fatores de Risco de Doenças Crônicas Não Transmissíveis', 15, '2019-01-25', '2019-01-25', '2019-01-26', null, null, 0, null);
INSERT INTO cba_cobranca (cba_situacao, cba_valor, cba_data_cadastro, cba_data_vencimento, cba_tipo_remessa, psa_id, cba_data_limite_recebimento, cba_motivo_cancelamento, cba_data_cancelamento)
VALUES (3, 75, '2019-01-24 16:19', '2019-01-25', 99, (SELECT psa_id FROM psa_pessoa WHERE psa_cli_id = (SELECT flo_id FROM flo_filiado WHERE flo_cpf = '05174726605')), '2019-01-26', null, null);
INSERT INTO dvo_divida_cobranca (dva_id, cba_id) VALUES ((SELECT max(dva_id) FROM dva_divida), (SELECT max(cba_id) FROM cba_cobranca));
INSERT INTO cbn_cobranca_evento_sindicato (cbn_descricao, prve_id, eve_id, evo_id, dva_id) VALUES ('Inscrição em evento', 5, 11102, 5, (SELECT max(dva_id) FROM dva_divida));
INSERT INTO pgo_pagamento (cba_id, psa_id, pgo_valor, pgo_situacao, pgo_data_pagamento, pgo_data_credito) VALUES ((SELECT max(cba_id) FROM cba_cobranca), (SELECT psa_id FROM psa_pessoa WHERE psa_cli_id = (SELECT flo_id FROM flo_filiado WHERE flo_cpf = '05174726605')), 75, 1, '2019-01-24', '2019-01-24');
INSERT INTO pga_pagamento_divida (dva_id, pgo_id, pga_valor) VALUES ((SELECT max(dva_id) FROM dva_divida), (SELECT max(pgo_id) FROM pgo_pagamento), 75);

INSERT INTO eve_evento_sindicato_participante (eve_id, evo_id, flo_id, eve_nome, eve_participante_telefone, eve_participante_email, eve_cpf, flo_id_responsavel, eve_presenca_confirmada, eve_data_deletado, eve_deletado)
VALUES (10808, 5, (SELECT flo_id FROM flo_filiado WHERE flo_cpf = '10331095840'), 'Dow Brasil', '1151848517', 'vssanches@dow.com', '10331095840', null, 1, null, 2);
INSERT INTO dva_divida (psa_id_pagador, psa_id_destinatario, cmi_id, dvu_id, dva_valor, dva_valor_pago, dva_valor_acrescimo, dva_valor_desconto, dva_descricao, dvp_id, dva_data_vencimento_atual, dva_data_vencimento_inicial, dva_data_inicio_cobranca_mora, dva_data_cancelamento, dva_motivo_cancelamento, dva_cancelada, dva_tipo_cancelamento)
VALUES ((SELECT psa_id FROM psa_pessoa WHERE psa_cli_id = (SELECT flo_id FROM flo_filiado WHERE flo_cpf = '10331095840')), (SELECT psa_id FROM psa_pessoa WHERE psa_cli_id = (SELECT flo_id FROM flo_filiado WHERE flo_cpf = '10331095840')), 201901, 2, 75, 75, 0, 0, 'Inscrição em evento: O Enfrentamento dos Fatores de Risco de Doenças Crônicas Não Transmissíveis', 15, '2019-01-22', '2019-01-22', '2019-01-23', null, null, 0, null);
INSERT INTO cba_cobranca (cba_situacao, cba_valor, cba_data_cadastro, cba_data_vencimento, cba_tipo_remessa, psa_id, cba_data_limite_recebimento, cba_motivo_cancelamento, cba_data_cancelamento)
VALUES (3, 75, '2019-01-21 16:17', '2019-01-22', 99, (SELECT psa_id FROM psa_pessoa WHERE psa_cli_id = (SELECT flo_id FROM flo_filiado WHERE flo_cpf = '10331095840')), '2019-01-23', null, null);
INSERT INTO dvo_divida_cobranca (dva_id, cba_id) VALUES ((SELECT max(dva_id) FROM dva_divida), (SELECT max(cba_id) FROM cba_cobranca));
INSERT INTO cbn_cobranca_evento_sindicato (cbn_descricao, prve_id, eve_id, evo_id, dva_id) VALUES ('Inscrição em evento', 5, 10808, 5, (SELECT max(dva_id) FROM dva_divida));
INSERT INTO pgo_pagamento (cba_id, psa_id, pgo_valor, pgo_situacao, pgo_data_pagamento, pgo_data_credito) VALUES ((SELECT max(cba_id) FROM cba_cobranca), (SELECT psa_id FROM psa_pessoa WHERE psa_cli_id = (SELECT flo_id FROM flo_filiado WHERE flo_cpf = '10331095840')), 75, 1, '2019-01-21', '2019-01-21');
INSERT INTO pga_pagamento_divida (dva_id, pgo_id, pga_valor) VALUES ((SELECT max(dva_id) FROM dva_divida), (SELECT max(pgo_id) FROM pgo_pagamento), 75);

INSERT INTO eve_evento_sindicato_participante (eve_id, evo_id, flo_id, eve_nome, eve_participante_telefone, eve_participante_email, eve_cpf, flo_id_responsavel, eve_presenca_confirmada, eve_data_deletado, eve_deletado)
VALUES (11762, 5, (SELECT flo_id FROM flo_filiado WHERE flo_cpf = '19778686653'), 'Dr. Anezio Juliao', '11943258477', 'anezio.juliao@eurofarma.com.br', '19778686653', 207713, 1, null, 2);
INSERT INTO dva_divida (psa_id_pagador, psa_id_destinatario, cmi_id, dvu_id, dva_valor, dva_valor_pago, dva_valor_acrescimo, dva_valor_desconto, dva_descricao, dvp_id, dva_data_vencimento_atual, dva_data_vencimento_inicial, dva_data_inicio_cobranca_mora, dva_data_cancelamento, dva_motivo_cancelamento, dva_cancelada, dva_tipo_cancelamento)
VALUES ((SELECT psa_id FROM psa_pessoa WHERE psa_cli_id = (SELECT flo_id FROM flo_filiado WHERE flo_cpf = '19778686653')), (SELECT psa_id FROM psa_pessoa WHERE psa_cli_id = (SELECT flo_id FROM flo_filiado WHERE flo_cpf = '19778686653')), 201901, 2, 75, 0, 0, 75, 'Inscrição em evento: O Enfrentamento dos Fatores de Risco de Doenças Crônicas Não Transmissíveis', 15, '2019-02-01', '2019-02-01', '2019-02-02', null, null, 0, null);
INSERT INTO cba_cobranca (cba_situacao, cba_valor, cba_data_cadastro, cba_data_vencimento, cba_tipo_remessa, psa_id, cba_data_limite_recebimento, cba_motivo_cancelamento, cba_data_cancelamento)
VALUES (4, 75, '2019-01-31 09:19', '2019-02-01', 99, (SELECT psa_id FROM psa_pessoa WHERE psa_cli_id = (SELECT flo_id FROM flo_filiado WHERE flo_cpf = '19778686653')), '2019-02-02', 'Concessão de isenção', '2019-01-31');
INSERT INTO dvo_divida_cobranca (dva_id, cba_id) VALUES ((SELECT max(dva_id) FROM dva_divida), (SELECT max(cba_id) FROM cba_cobranca));
INSERT INTO dvt_divida_desconto (dva_id, dvt_valor, dvt_descricao, dvt_data_cadastro) VALUES ((SELECT max(dva_id) FROM dva_divida), 75, 'Concessão de isenção', '2019-01-31');
INSERT INTO cbn_cobranca_evento_sindicato (cbn_descricao, prve_id, eve_id, evo_id, dva_id) VALUES ('Inscrição em evento', 5, 11762, 5, (SELECT max(dva_id) FROM dva_divida));

INSERT INTO eve_evento_sindicato_participante (eve_id, evo_id, flo_id, eve_nome, eve_participante_telefone, eve_participante_email, eve_cpf, flo_id_responsavel, eve_presenca_confirmada, eve_data_deletado, eve_deletado)
VALUES (11763, 5, (SELECT flo_id FROM flo_filiado WHERE flo_cpf = '52651053872'), 'Dr. Joao Carlos de Moura Vaccarelli', '1141449564', 'joao.vaccarelli@eurofarma.com.br', '52651053872', 207713, 1, null, 2);
INSERT INTO dva_divida (psa_id_pagador, psa_id_destinatario, cmi_id, dvu_id, dva_valor, dva_valor_pago, dva_valor_acrescimo, dva_valor_desconto, dva_descricao, dvp_id, dva_data_vencimento_atual, dva_data_vencimento_inicial, dva_data_inicio_cobranca_mora, dva_data_cancelamento, dva_motivo_cancelamento, dva_cancelada, dva_tipo_cancelamento)
VALUES ((SELECT psa_id FROM psa_pessoa WHERE psa_cli_id = (SELECT flo_id FROM flo_filiado WHERE flo_cpf = '52651053872')), (SELECT psa_id FROM psa_pessoa WHERE psa_cli_id = (SELECT flo_id FROM flo_filiado WHERE flo_cpf = '52651053872')), 201901, 2, 75, 0, 0, 75, 'Inscrição em evento: O Enfrentamento dos Fatores de Risco de Doenças Crônicas Não Transmissíveis', 15, '2019-02-01', '2019-02-01', '2019-02-02', null, null, 0, null);
INSERT INTO cba_cobranca (cba_situacao, cba_valor, cba_data_cadastro, cba_data_vencimento, cba_tipo_remessa, psa_id, cba_data_limite_recebimento, cba_motivo_cancelamento, cba_data_cancelamento)
VALUES (4, 75, '2019-01-31 09:20', '2019-02-01', 99, (SELECT psa_id FROM psa_pessoa WHERE psa_cli_id = (SELECT flo_id FROM flo_filiado WHERE flo_cpf = '52651053872')), '2019-02-02', 'Concessão de isenção', '2019-01-31');
INSERT INTO dvo_divida_cobranca (dva_id, cba_id) VALUES ((SELECT max(dva_id) FROM dva_divida), (SELECT max(cba_id) FROM cba_cobranca));
INSERT INTO dvt_divida_desconto (dva_id, dvt_valor, dvt_descricao, dvt_data_cadastro) VALUES ((SELECT max(dva_id) FROM dva_divida), 75, 'Concessão de isenção', '2019-01-31');
INSERT INTO cbn_cobranca_evento_sindicato (cbn_descricao, prve_id, eve_id, evo_id, dva_id) VALUES ('Inscrição em evento', 5, 11763, 5, (SELECT max(dva_id) FROM dva_divida));

INSERT INTO eve_evento_sindicato_participante (eve_id, evo_id, flo_id, eve_nome, eve_participante_telefone, eve_participante_email, eve_cpf, flo_id_responsavel, eve_presenca_confirmada, eve_data_deletado, eve_deletado)
VALUES (11764, 5, (SELECT flo_id FROM flo_filiado WHERE flo_cpf = '73906077772'), 'Dr. Lambros Katsonis', '11952551800', 'lambros.katsonis@eurofarma.com.br', '73906077772', 207713, 1, null, 2);
INSERT INTO dva_divida (psa_id_pagador, psa_id_destinatario, cmi_id, dvu_id, dva_valor, dva_valor_pago, dva_valor_acrescimo, dva_valor_desconto, dva_descricao, dvp_id, dva_data_vencimento_atual, dva_data_vencimento_inicial, dva_data_inicio_cobranca_mora, dva_data_cancelamento, dva_motivo_cancelamento, dva_cancelada, dva_tipo_cancelamento)
VALUES ((SELECT psa_id FROM psa_pessoa WHERE psa_cli_id = (SELECT flo_id FROM flo_filiado WHERE flo_cpf = '73906077772')), (SELECT psa_id FROM psa_pessoa WHERE psa_cli_id = (SELECT flo_id FROM flo_filiado WHERE flo_cpf = '73906077772')), 201901, 2, 75, 0, 0, 75, 'Inscrição em evento: O Enfrentamento dos Fatores de Risco de Doenças Crônicas Não Transmissíveis', 15, '2019-02-01', '2019-02-01', '2019-02-02', null, null, 0, null);
INSERT INTO cba_cobranca (cba_situacao, cba_valor, cba_data_cadastro, cba_data_vencimento, cba_tipo_remessa, psa_id, cba_data_limite_recebimento, cba_motivo_cancelamento, cba_data_cancelamento)
VALUES (4, 75, '2019-01-31 09:21', '2019-02-01', 99, (SELECT psa_id FROM psa_pessoa WHERE psa_cli_id = (SELECT flo_id FROM flo_filiado WHERE flo_cpf = '73906077772')), '2019-02-02', 'Concessão de isenção', '2019-01-31');
INSERT INTO dvo_divida_cobranca (dva_id, cba_id) VALUES ((SELECT max(dva_id) FROM dva_divida), (SELECT max(cba_id) FROM cba_cobranca));
INSERT INTO dvt_divida_desconto (dva_id, dvt_valor, dvt_descricao, dvt_data_cadastro) VALUES ((SELECT max(dva_id) FROM dva_divida), 75, 'Concessão de isenção', '2019-01-31');
INSERT INTO cbn_cobranca_evento_sindicato (cbn_descricao, prve_id, eve_id, evo_id, dva_id) VALUES ('Inscrição em evento', 5, 11764, 5, (SELECT max(dva_id) FROM dva_divida));

INSERT INTO eve_evento_sindicato_participante (eve_id, evo_id, flo_id, eve_nome, eve_participante_telefone, eve_participante_email, eve_cpf, flo_id_responsavel, eve_presenca_confirmada, eve_data_deletado, eve_deletado)
VALUES (11711, 5, (SELECT flo_id FROM flo_filiado WHERE flo_cpf = '14811775830'), 'Eduardo Augusto Carreiro', '1131467106', 'ecarreiro@sesisp.org.br', '14811775830', null, 1, null, 2);
INSERT INTO dva_divida (psa_id_pagador, psa_id_destinatario, cmi_id, dvu_id, dva_valor, dva_valor_pago, dva_valor_acrescimo, dva_valor_desconto, dva_descricao, dvp_id, dva_data_vencimento_atual, dva_data_vencimento_inicial, dva_data_inicio_cobranca_mora, dva_data_cancelamento, dva_motivo_cancelamento, dva_cancelada, dva_tipo_cancelamento)
VALUES ((SELECT psa_id FROM psa_pessoa WHERE psa_cli_id = (SELECT flo_id FROM flo_filiado WHERE flo_cpf = '14811775830')), (SELECT psa_id FROM psa_pessoa WHERE psa_cli_id = (SELECT flo_id FROM flo_filiado WHERE flo_cpf = '14811775830')), 201901, 2, 75, 0, 0, 75, 'Inscrição em evento: O Enfrentamento dos Fatores de Risco de Doenças Crônicas Não Transmissíveis', 15, '2019-01-31', '2019-01-31', '2019-02-01', null, null, 0, null);
INSERT INTO cba_cobranca (cba_situacao, cba_valor, cba_data_cadastro, cba_data_vencimento, cba_tipo_remessa, psa_id, cba_data_limite_recebimento, cba_motivo_cancelamento, cba_data_cancelamento)
VALUES (4, 75, '2019-01-30 10:19', '2019-01-31', 99, (SELECT psa_id FROM psa_pessoa WHERE psa_cli_id = (SELECT flo_id FROM flo_filiado WHERE flo_cpf = '14811775830')), '2019-02-01', 'Concessão de isenção', '2019-01-30');
INSERT INTO dvo_divida_cobranca (dva_id, cba_id) VALUES ((SELECT max(dva_id) FROM dva_divida), (SELECT max(cba_id) FROM cba_cobranca));
INSERT INTO dvt_divida_desconto (dva_id, dvt_valor, dvt_descricao, dvt_data_cadastro) VALUES ((SELECT max(dva_id) FROM dva_divida), 75, 'Concessão de isenção', '2019-01-30');
INSERT INTO cbn_cobranca_evento_sindicato (cbn_descricao, prve_id, eve_id, evo_id, dva_id) VALUES ('Inscrição em evento', 5, 11711, 5, (SELECT max(dva_id) FROM dva_divida));

INSERT INTO eve_evento_sindicato_participante (eve_id, evo_id, flo_id, eve_nome, eve_participante_telefone, eve_participante_email, eve_cpf, flo_id_responsavel, eve_presenca_confirmada, eve_data_deletado, eve_deletado)
VALUES (10839, 5, (SELECT flo_id FROM flo_filiado WHERE flo_cpf = '11376379864'), 'Elisabete Martin', '11989705740', 'bete.martin@grupocase.com.br', '11376379864', (SELECT flo_id FROM flo_filiado WHERE flo_nome = 'Grupo Case'), 1, null, 2);
INSERT INTO dva_divida (psa_id_pagador, psa_id_destinatario, cmi_id, dvu_id, dva_valor, dva_valor_pago, dva_valor_acrescimo, dva_valor_desconto, dva_descricao, dvp_id, dva_data_vencimento_atual, dva_data_vencimento_inicial, dva_data_inicio_cobranca_mora, dva_data_cancelamento, dva_motivo_cancelamento, dva_cancelada, dva_tipo_cancelamento)
VALUES ((SELECT psa_id FROM psa_pessoa WHERE psa_cli_id = (SELECT flo_id FROM flo_filiado WHERE flo_cpf = '11376379864')), (SELECT psa_id FROM psa_pessoa WHERE psa_cli_id = (SELECT flo_id FROM flo_filiado WHERE flo_cpf = '11376379864')), 201901, 2, 75, 75, 0, 0, 'Inscrição em evento: O Enfrentamento dos Fatores de Risco de Doenças Crônicas Não Transmissíveis', 15, '2019-01-23', '2019-01-23', '2019-01-24', null, null, 0, null);
INSERT INTO cba_cobranca (cba_situacao, cba_valor, cba_data_cadastro, cba_data_vencimento, cba_tipo_remessa, psa_id, cba_data_limite_recebimento, cba_motivo_cancelamento, cba_data_cancelamento)
VALUES (3, 75, '2019-01-22 10:57', '2019-01-23', 99, (SELECT psa_id FROM psa_pessoa WHERE psa_cli_id = (SELECT flo_id FROM flo_filiado WHERE flo_cpf = '11376379864')), '2019-01-24', null, null);
INSERT INTO dvo_divida_cobranca (dva_id, cba_id) VALUES ((SELECT max(dva_id) FROM dva_divida), (SELECT max(cba_id) FROM cba_cobranca));
INSERT INTO cbn_cobranca_evento_sindicato (cbn_descricao, prve_id, eve_id, evo_id, dva_id) VALUES ('Inscrição em evento', 5, 10839, 5, (SELECT max(dva_id) FROM dva_divida));
INSERT INTO pgo_pagamento (cba_id, psa_id, pgo_valor, pgo_situacao, pgo_data_pagamento, pgo_data_credito) VALUES ((SELECT max(cba_id) FROM cba_cobranca), (SELECT psa_id FROM psa_pessoa WHERE psa_cli_id = (SELECT flo_id FROM flo_filiado WHERE flo_cpf = '11376379864')), 75, 1, '2019-01-22', '2019-01-22');
INSERT INTO pga_pagamento_divida (dva_id, pgo_id, pga_valor) VALUES ((SELECT max(dva_id) FROM dva_divida), (SELECT max(pgo_id) FROM pgo_pagamento), 75);

INSERT INTO eve_evento_sindicato_participante (eve_id, evo_id, flo_id, eve_nome, eve_participante_telefone, eve_participante_email, eve_cpf, flo_id_responsavel, eve_presenca_confirmada, eve_data_deletado, eve_deletado)
VALUES (11049, 5, (SELECT flo_id FROM flo_filiado WHERE flo_cpf = '91889707872'), 'Elizete Maretti', '11984013637', 'educathus@gmail.com', '91889707872', (SELECT flo_id FROM flo_filiado WHERE flo_nome = 'Educathus Desenvolvimento Humano Ltda - ME'), 1, null, 2);
INSERT INTO dva_divida (psa_id_pagador, psa_id_destinatario, cmi_id, dvu_id, dva_valor, dva_valor_pago, dva_valor_acrescimo, dva_valor_desconto, dva_descricao, dvp_id, dva_data_vencimento_atual, dva_data_vencimento_inicial, dva_data_inicio_cobranca_mora, dva_data_cancelamento, dva_motivo_cancelamento, dva_cancelada, dva_tipo_cancelamento)
VALUES ((SELECT psa_id FROM psa_pessoa WHERE psa_cli_id = (SELECT flo_id FROM flo_filiado WHERE flo_cpf = '91889707872')), (SELECT psa_id FROM psa_pessoa WHERE psa_cli_id = (SELECT flo_id FROM flo_filiado WHERE flo_cpf = '91889707872')), 201901, 2, 75, 75, 0, 0, 'Inscrição em evento: O Enfrentamento dos Fatores de Risco de Doenças Crônicas Não Transmissíveis', 15, '2019-01-25', '2019-01-25', '2019-01-26', null, null, 0, null);
INSERT INTO cba_cobranca (cba_situacao, cba_valor, cba_data_cadastro, cba_data_vencimento, cba_tipo_remessa, psa_id, cba_data_limite_recebimento, cba_motivo_cancelamento, cba_data_cancelamento)
VALUES (3, 75, '2019-01-24 09:41', '2019-01-25', 99, (SELECT psa_id FROM psa_pessoa WHERE psa_cli_id = (SELECT flo_id FROM flo_filiado WHERE flo_cpf = '91889707872')), '2019-01-26', null, null);
INSERT INTO dvo_divida_cobranca (dva_id, cba_id) VALUES ((SELECT max(dva_id) FROM dva_divida), (SELECT max(cba_id) FROM cba_cobranca));
INSERT INTO cbn_cobranca_evento_sindicato (cbn_descricao, prve_id, eve_id, evo_id, dva_id) VALUES ('Inscrição em evento', 5, 11049, 5, (SELECT max(dva_id) FROM dva_divida));
INSERT INTO pgo_pagamento (cba_id, psa_id, pgo_valor, pgo_situacao, pgo_data_pagamento, pgo_data_credito) VALUES ((SELECT max(cba_id) FROM cba_cobranca), (SELECT psa_id FROM psa_pessoa WHERE psa_cli_id = (SELECT flo_id FROM flo_filiado WHERE flo_cpf = '91889707872')), 75, 1, '2019-01-24', '2019-01-24');
INSERT INTO pga_pagamento_divida (dva_id, pgo_id, pga_valor) VALUES ((SELECT max(dva_id) FROM dva_divida), (SELECT max(pgo_id) FROM pgo_pagamento), 75);

INSERT INTO eve_evento_sindicato_participante (eve_id, evo_id, flo_id, eve_nome, eve_participante_telefone, eve_participante_email, eve_cpf, flo_id_responsavel, eve_presenca_confirmada, eve_data_deletado, eve_deletado)
VALUES (12024, 5, (SELECT flo_id FROM flo_filiado WHERE flo_cpf = '11426455844'), 'Fernando Pedroso', '11996353398', 'afervp@gmail.com', '11426455844', null, 1, null, 2);
INSERT INTO dva_divida (psa_id_pagador, psa_id_destinatario, cmi_id, dvu_id, dva_valor, dva_valor_pago, dva_valor_acrescimo, dva_valor_desconto, dva_descricao, dvp_id, dva_data_vencimento_atual, dva_data_vencimento_inicial, dva_data_inicio_cobranca_mora, dva_data_cancelamento, dva_motivo_cancelamento, dva_cancelada, dva_tipo_cancelamento)
VALUES ((SELECT psa_id FROM psa_pessoa WHERE psa_cli_id = (SELECT flo_id FROM flo_filiado WHERE flo_cpf = '11426455844')), (SELECT psa_id FROM psa_pessoa WHERE psa_cli_id = (SELECT flo_id FROM flo_filiado WHERE flo_cpf = '11426455844')), 201902, 2, 75, 0, 0, 75, 'Inscrição em evento: O Enfrentamento dos Fatores de Risco de Doenças Crônicas Não Transmissíveis', 15, '2019-02-05', '2019-02-05', '2019-02-06', null, null, 0, null);
INSERT INTO cba_cobranca (cba_situacao, cba_valor, cba_data_cadastro, cba_data_vencimento, cba_tipo_remessa, psa_id, cba_data_limite_recebimento, cba_motivo_cancelamento, cba_data_cancelamento)
VALUES (4, 75, '2019-02-04 16:32', '2019-02-05', 99, (SELECT psa_id FROM psa_pessoa WHERE psa_cli_id = (SELECT flo_id FROM flo_filiado WHERE flo_cpf = '11426455844')), '2019-02-06', 'Concessão de isenção', '2019-02-04');
INSERT INTO dvo_divida_cobranca (dva_id, cba_id) VALUES ((SELECT max(dva_id) FROM dva_divida), (SELECT max(cba_id) FROM cba_cobranca));
INSERT INTO dvt_divida_desconto (dva_id, dvt_valor, dvt_descricao, dvt_data_cadastro) VALUES ((SELECT max(dva_id) FROM dva_divida), 75, 'Concessão de isenção', '2019-02-04');
INSERT INTO cbn_cobranca_evento_sindicato (cbn_descricao, prve_id, eve_id, evo_id, dva_id) VALUES ('Inscrição em evento', 5, 12024, 5, (SELECT max(dva_id) FROM dva_divida));

INSERT INTO eve_evento_sindicato_participante (eve_id, evo_id, flo_id, eve_nome, eve_participante_telefone, eve_participante_email, eve_cpf, flo_id_responsavel, eve_presenca_confirmada, eve_data_deletado, eve_deletado)
VALUES (11807, 5, (SELECT flo_id FROM flo_filiado WHERE flo_cpf = '06541335818'), 'Fernando Recco', '11985875000', 'fer.bs@terra.com.br', '06541335818', (SELECT flo_id FROM flo_filiado WHERE flo_nome = 'Corporate Wellness'), 1, null, 2);
INSERT INTO dva_divida (psa_id_pagador, psa_id_destinatario, cmi_id, dvu_id, dva_valor, dva_valor_pago, dva_valor_acrescimo, dva_valor_desconto, dva_descricao, dvp_id, dva_data_vencimento_atual, dva_data_vencimento_inicial, dva_data_inicio_cobranca_mora, dva_data_cancelamento, dva_motivo_cancelamento, dva_cancelada, dva_tipo_cancelamento)
VALUES ((SELECT psa_id FROM psa_pessoa WHERE psa_cli_id = (SELECT flo_id FROM flo_filiado WHERE flo_cpf = '06541335818')), (SELECT psa_id FROM psa_pessoa WHERE psa_cli_id = (SELECT flo_id FROM flo_filiado WHERE flo_cpf = '06541335818')), 201901, 2, 75, 75, 0, 0, 'Inscrição em evento: O Enfrentamento dos Fatores de Risco de Doenças Crônicas Não Transmissíveis', 15, '2019-02-01', '2019-02-01', '2019-02-02', null, null, 0, null);
INSERT INTO cba_cobranca (cba_situacao, cba_valor, cba_data_cadastro, cba_data_vencimento, cba_tipo_remessa, psa_id, cba_data_limite_recebimento, cba_motivo_cancelamento, cba_data_cancelamento)
VALUES (3, 75, '2019-01-31 13:58', '2019-02-01', 99, (SELECT psa_id FROM psa_pessoa WHERE psa_cli_id = (SELECT flo_id FROM flo_filiado WHERE flo_cpf = '06541335818')), '2019-02-02', null, null);
INSERT INTO dvo_divida_cobranca (dva_id, cba_id) VALUES ((SELECT max(dva_id) FROM dva_divida), (SELECT max(cba_id) FROM cba_cobranca));
INSERT INTO cbn_cobranca_evento_sindicato (cbn_descricao, prve_id, eve_id, evo_id, dva_id) VALUES ('Inscrição em evento', 5, 11807, 5, (SELECT max(dva_id) FROM dva_divida));
INSERT INTO pgo_pagamento (cba_id, psa_id, pgo_valor, pgo_situacao, pgo_data_pagamento, pgo_data_credito) VALUES ((SELECT max(cba_id) FROM cba_cobranca), (SELECT psa_id FROM psa_pessoa WHERE psa_cli_id = (SELECT flo_id FROM flo_filiado WHERE flo_cpf = '06541335818')), 75, 1, '2019-01-31', '2019-01-31');
INSERT INTO pga_pagamento_divida (dva_id, pgo_id, pga_valor) VALUES ((SELECT max(dva_id) FROM dva_divida), (SELECT max(pgo_id) FROM pgo_pagamento), 75);

INSERT INTO eve_evento_sindicato_participante (eve_id, evo_id, flo_id, eve_nome, eve_participante_telefone, eve_participante_email, eve_cpf, flo_id_responsavel, eve_presenca_confirmada, eve_data_deletado, eve_deletado)
VALUES (11696, 5, (SELECT flo_id FROM flo_filiado WHERE flo_cpf = '00890356823'), 'Flora Maria Gomide Vezza', '1131467106', 'flora.vezza@sesisp.org.br', '00890356823', null, 1, null, 2);
INSERT INTO dva_divida (psa_id_pagador, psa_id_destinatario, cmi_id, dvu_id, dva_valor, dva_valor_pago, dva_valor_acrescimo, dva_valor_desconto, dva_descricao, dvp_id, dva_data_vencimento_atual, dva_data_vencimento_inicial, dva_data_inicio_cobranca_mora, dva_data_cancelamento, dva_motivo_cancelamento, dva_cancelada, dva_tipo_cancelamento)
VALUES ((SELECT psa_id FROM psa_pessoa WHERE psa_cli_id = (SELECT flo_id FROM flo_filiado WHERE flo_cpf = '00890356823')), (SELECT psa_id FROM psa_pessoa WHERE psa_cli_id = (SELECT flo_id FROM flo_filiado WHERE flo_cpf = '00890356823')), 201901, 2, 75, 0, 0, 75, 'Inscrição em evento: O Enfrentamento dos Fatores de Risco de Doenças Crônicas Não Transmissíveis', 15, '2019-01-31', '2019-01-31', '2019-02-01', null, null, 0, null);
INSERT INTO cba_cobranca (cba_situacao, cba_valor, cba_data_cadastro, cba_data_vencimento, cba_tipo_remessa, psa_id, cba_data_limite_recebimento, cba_motivo_cancelamento, cba_data_cancelamento)
VALUES (4, 75, '2019-01-30 10:08', '2019-01-31', 99, (SELECT psa_id FROM psa_pessoa WHERE psa_cli_id = (SELECT flo_id FROM flo_filiado WHERE flo_cpf = '00890356823')), '2019-02-01', 'Concessão de isenção', '2019-01-30');
INSERT INTO dvo_divida_cobranca (dva_id, cba_id) VALUES ((SELECT max(dva_id) FROM dva_divida), (SELECT max(cba_id) FROM cba_cobranca));
INSERT INTO dvt_divida_desconto (dva_id, dvt_valor, dvt_descricao, dvt_data_cadastro) VALUES ((SELECT max(dva_id) FROM dva_divida), 75, 'Concessão de isenção', '2019-01-30');
INSERT INTO cbn_cobranca_evento_sindicato (cbn_descricao, prve_id, eve_id, evo_id, dva_id) VALUES ('Inscrição em evento', 5, 11696, 5, (SELECT max(dva_id) FROM dva_divida));

INSERT INTO eve_evento_sindicato_participante (eve_id, evo_id, flo_id, eve_nome, eve_participante_telefone, eve_participante_email, eve_cpf, flo_id_responsavel, eve_presenca_confirmada, eve_data_deletado, eve_deletado)
VALUES (13188, 5, (SELECT flo_id FROM flo_filiado WHERE flo_cpf = '49922714809'), 'Gabriel', '11951680333', 'gabriel.lima@sinctec.com.br', '49922714809', null, 1, null, 2);
INSERT INTO dva_divida (psa_id_pagador, psa_id_destinatario, cmi_id, dvu_id, dva_valor, dva_valor_pago, dva_valor_acrescimo, dva_valor_desconto, dva_descricao, dvp_id, dva_data_vencimento_atual, dva_data_vencimento_inicial, dva_data_inicio_cobranca_mora, dva_data_cancelamento, dva_motivo_cancelamento, dva_cancelada, dva_tipo_cancelamento)
VALUES ((SELECT psa_id FROM psa_pessoa WHERE psa_cli_id = (SELECT flo_id FROM flo_filiado WHERE flo_cpf = '49922714809')), (SELECT psa_id FROM psa_pessoa WHERE psa_cli_id = (SELECT flo_id FROM flo_filiado WHERE flo_cpf = '49922714809')), 201902, 2, 75, 75, 0, 0, 'Inscrição em evento: O Enfrentamento dos Fatores de Risco de Doenças Crônicas Não Transmissíveis', 15, '2019-02-20', '2019-02-20', '2019-02-21', null, null, 0, null);
INSERT INTO cba_cobranca (cba_situacao, cba_valor, cba_data_cadastro, cba_data_vencimento, cba_tipo_remessa, psa_id, cba_data_limite_recebimento, cba_motivo_cancelamento, cba_data_cancelamento)
VALUES (3, 75, '2019-02-19 13:19', '2019-02-20', 99, (SELECT psa_id FROM psa_pessoa WHERE psa_cli_id = (SELECT flo_id FROM flo_filiado WHERE flo_cpf = '49922714809')), '2019-02-21', null, null);
INSERT INTO dvo_divida_cobranca (dva_id, cba_id) VALUES ((SELECT max(dva_id) FROM dva_divida), (SELECT max(cba_id) FROM cba_cobranca));
INSERT INTO cbn_cobranca_evento_sindicato (cbn_descricao, prve_id, eve_id, evo_id, dva_id) VALUES ('Inscrição em evento', 5, 13188, 5, (SELECT max(dva_id) FROM dva_divida));
INSERT INTO pgo_pagamento (cba_id, psa_id, pgo_valor, pgo_situacao, pgo_data_pagamento, pgo_data_credito) VALUES ((SELECT max(cba_id) FROM cba_cobranca), (SELECT psa_id FROM psa_pessoa WHERE psa_cli_id = (SELECT flo_id FROM flo_filiado WHERE flo_cpf = '49922714809')), 75, 1, '2019-02-19', '2019-02-19');
INSERT INTO pga_pagamento_divida (dva_id, pgo_id, pga_valor) VALUES ((SELECT max(dva_id) FROM dva_divida), (SELECT max(pgo_id) FROM pgo_pagamento), 75);

INSERT INTO eve_evento_sindicato_participante (eve_id, evo_id, flo_id, eve_nome, eve_participante_telefone, eve_participante_email, eve_cpf, flo_id_responsavel, eve_presenca_confirmada, eve_data_deletado, eve_deletado)
VALUES (10994, 5, (SELECT flo_id FROM flo_filiado WHERE flo_cpf = '32093739810'), 'Giovanna Beatriz de Lima Guardia', '11962745455', 'gibeguardia@hotmail.com', '32093739810', null, 1, null, 2);
INSERT INTO dva_divida (psa_id_pagador, psa_id_destinatario, cmi_id, dvu_id, dva_valor, dva_valor_pago, dva_valor_acrescimo, dva_valor_desconto, dva_descricao, dvp_id, dva_data_vencimento_atual, dva_data_vencimento_inicial, dva_data_inicio_cobranca_mora, dva_data_cancelamento, dva_motivo_cancelamento, dva_cancelada, dva_tipo_cancelamento)
VALUES ((SELECT psa_id FROM psa_pessoa WHERE psa_cli_id = (SELECT flo_id FROM flo_filiado WHERE flo_cpf = '32093739810')), (SELECT psa_id FROM psa_pessoa WHERE psa_cli_id = (SELECT flo_id FROM flo_filiado WHERE flo_cpf = '32093739810')), 201901, 2, 75, 75, 0, 0, 'Inscrição em evento: O Enfrentamento dos Fatores de Risco de Doenças Crônicas Não Transmissíveis', 15, '2019-01-24', '2019-01-24', '2019-01-25', null, null, 0, null);
INSERT INTO cba_cobranca (cba_situacao, cba_valor, cba_data_cadastro, cba_data_vencimento, cba_tipo_remessa, psa_id, cba_data_limite_recebimento, cba_motivo_cancelamento, cba_data_cancelamento)
VALUES (3, 75, '2019-01-23 16:22', '2019-01-24', 99, (SELECT psa_id FROM psa_pessoa WHERE psa_cli_id = (SELECT flo_id FROM flo_filiado WHERE flo_cpf = '32093739810')), '2019-01-25', null, null);
INSERT INTO dvo_divida_cobranca (dva_id, cba_id) VALUES ((SELECT max(dva_id) FROM dva_divida), (SELECT max(cba_id) FROM cba_cobranca));
INSERT INTO cbn_cobranca_evento_sindicato (cbn_descricao, prve_id, eve_id, evo_id, dva_id) VALUES ('Inscrição em evento', 5, 10994, 5, (SELECT max(dva_id) FROM dva_divida));
INSERT INTO pgo_pagamento (cba_id, psa_id, pgo_valor, pgo_situacao, pgo_data_pagamento, pgo_data_credito) VALUES ((SELECT max(cba_id) FROM cba_cobranca), (SELECT psa_id FROM psa_pessoa WHERE psa_cli_id = (SELECT flo_id FROM flo_filiado WHERE flo_cpf = '32093739810')), 75, 1, '2019-01-23', '2019-01-23');
INSERT INTO pga_pagamento_divida (dva_id, pgo_id, pga_valor) VALUES ((SELECT max(dva_id) FROM dva_divida), (SELECT max(pgo_id) FROM pgo_pagamento), 75);

INSERT INTO eve_evento_sindicato_participante (eve_id, evo_id, flo_id, eve_nome, eve_participante_telefone, eve_participante_email, eve_cpf, flo_id_responsavel, eve_presenca_confirmada, eve_data_deletado, eve_deletado)
VALUES (10556, 5, (SELECT flo_id FROM flo_filiado WHERE flo_cpf = '12758977893'), 'Gisele Alves Souza Chinelato', '1132659002', 'gisele.chinelato@segurosunimed.com.br', '12758977893', 169397, 1, null, 2);
INSERT INTO dva_divida (psa_id_pagador, psa_id_destinatario, cmi_id, dvu_id, dva_valor, dva_valor_pago, dva_valor_acrescimo, dva_valor_desconto, dva_descricao, dvp_id, dva_data_vencimento_atual, dva_data_vencimento_inicial, dva_data_inicio_cobranca_mora, dva_data_cancelamento, dva_motivo_cancelamento, dva_cancelada, dva_tipo_cancelamento)
VALUES ((SELECT psa_id FROM psa_pessoa WHERE psa_cli_id = (SELECT flo_id FROM flo_filiado WHERE flo_cpf = '12758977893')), (SELECT psa_id FROM psa_pessoa WHERE psa_cli_id = (SELECT flo_id FROM flo_filiado WHERE flo_cpf = '12758977893')), 201901, 2, 75, 75, 0, 0, 'Inscrição em evento: O Enfrentamento dos Fatores de Risco de Doenças Crônicas Não Transmissíveis', 15, '2019-01-19', '2019-01-19', '2019-01-20', null, null, 0, null);
INSERT INTO cba_cobranca (cba_situacao, cba_valor, cba_data_cadastro, cba_data_vencimento, cba_tipo_remessa, psa_id, cba_data_limite_recebimento, cba_motivo_cancelamento, cba_data_cancelamento)
VALUES (3, 75, '2019-01-18 10:01', '2019-01-19', 99, (SELECT psa_id FROM psa_pessoa WHERE psa_cli_id = (SELECT flo_id FROM flo_filiado WHERE flo_cpf = '12758977893')), '2019-01-20', null, null);
INSERT INTO dvo_divida_cobranca (dva_id, cba_id) VALUES ((SELECT max(dva_id) FROM dva_divida), (SELECT max(cba_id) FROM cba_cobranca));
INSERT INTO cbn_cobranca_evento_sindicato (cbn_descricao, prve_id, eve_id, evo_id, dva_id) VALUES ('Inscrição em evento', 5, 10556, 5, (SELECT max(dva_id) FROM dva_divida));
INSERT INTO pgo_pagamento (cba_id, psa_id, pgo_valor, pgo_situacao, pgo_data_pagamento, pgo_data_credito) VALUES ((SELECT max(cba_id) FROM cba_cobranca), (SELECT psa_id FROM psa_pessoa WHERE psa_cli_id = (SELECT flo_id FROM flo_filiado WHERE flo_cpf = '12758977893')), 75, 1, '2019-01-18', '2019-01-18');
INSERT INTO pga_pagamento_divida (dva_id, pgo_id, pga_valor) VALUES ((SELECT max(dva_id) FROM dva_divida), (SELECT max(pgo_id) FROM pgo_pagamento), 75);

INSERT INTO eve_evento_sindicato_participante (eve_id, evo_id, flo_id, eve_nome, eve_participante_telefone, eve_participante_email, eve_cpf, flo_id_responsavel, eve_presenca_confirmada, eve_data_deletado, eve_deletado)
VALUES (12227, 5, (SELECT flo_id FROM flo_filiado WHERE flo_cpf = '40733690831'), 'Jocimara Gomes de Assis', '1132666497', 'comunicacao@abqv.org.br', '40733690831', null, 1, null, 2);
INSERT INTO dva_divida (psa_id_pagador, psa_id_destinatario, cmi_id, dvu_id, dva_valor, dva_valor_pago, dva_valor_acrescimo, dva_valor_desconto, dva_descricao, dvp_id, dva_data_vencimento_atual, dva_data_vencimento_inicial, dva_data_inicio_cobranca_mora, dva_data_cancelamento, dva_motivo_cancelamento, dva_cancelada, dva_tipo_cancelamento)
VALUES ((SELECT psa_id FROM psa_pessoa WHERE psa_cli_id = (SELECT flo_id FROM flo_filiado WHERE flo_cpf = '40733690831')), (SELECT psa_id FROM psa_pessoa WHERE psa_cli_id = (SELECT flo_id FROM flo_filiado WHERE flo_cpf = '40733690831')), 201902, 2, 75, 0, 0, 75, 'Inscrição em evento: O Enfrentamento dos Fatores de Risco de Doenças Crônicas Não Transmissíveis', 15, '2019-02-08', '2019-02-08', '2019-02-09', null, null, 0, null);
INSERT INTO cba_cobranca (cba_situacao, cba_valor, cba_data_cadastro, cba_data_vencimento, cba_tipo_remessa, psa_id, cba_data_limite_recebimento, cba_motivo_cancelamento, cba_data_cancelamento)
VALUES (4, 75, '2019-02-07 09:44', '2019-02-08', 99, (SELECT psa_id FROM psa_pessoa WHERE psa_cli_id = (SELECT flo_id FROM flo_filiado WHERE flo_cpf = '40733690831')), '2019-02-09', 'Concessão de isenção', '2019-02-07');
INSERT INTO dvo_divida_cobranca (dva_id, cba_id) VALUES ((SELECT max(dva_id) FROM dva_divida), (SELECT max(cba_id) FROM cba_cobranca));
INSERT INTO dvt_divida_desconto (dva_id, dvt_valor, dvt_descricao, dvt_data_cadastro) VALUES ((SELECT max(dva_id) FROM dva_divida), 75, 'Concessão de isenção', '2019-02-07');
INSERT INTO cbn_cobranca_evento_sindicato (cbn_descricao, prve_id, eve_id, evo_id, dva_id) VALUES ('Inscrição em evento', 5, 12227, 5, (SELECT max(dva_id) FROM dva_divida));

INSERT INTO eve_evento_sindicato_participante (eve_id, evo_id, flo_id, eve_nome, eve_participante_telefone, eve_participante_email, eve_cpf, flo_id_responsavel, eve_presenca_confirmada, eve_data_deletado, eve_deletado)
VALUES (10861, 5, (SELECT flo_id FROM flo_filiado WHERE flo_cpf = '08860468744'), 'Josiane Monteiro de Moura', '1145738729', 'solange.galvao@iamspe.sp.gov.br', '08860468744', (SELECT flo_id FROM flo_filiado WHERE flo_nome = 'Iamspe'), 1, null, 2);
INSERT INTO dva_divida (psa_id_pagador, psa_id_destinatario, cmi_id, dvu_id, dva_valor, dva_valor_pago, dva_valor_acrescimo, dva_valor_desconto, dva_descricao, dvp_id, dva_data_vencimento_atual, dva_data_vencimento_inicial, dva_data_inicio_cobranca_mora, dva_data_cancelamento, dva_motivo_cancelamento, dva_cancelada, dva_tipo_cancelamento)
VALUES ((SELECT psa_id FROM psa_pessoa WHERE psa_cli_id = (SELECT flo_id FROM flo_filiado WHERE flo_cpf = '08860468744')), (SELECT psa_id FROM psa_pessoa WHERE psa_cli_id = (SELECT flo_id FROM flo_filiado WHERE flo_cpf = '08860468744')), 201901, 2, 75, 0, 0, 75, 'Inscrição em evento: O Enfrentamento dos Fatores de Risco de Doenças Crônicas Não Transmissíveis', 15, '2019-01-23', '2019-01-23', '2019-01-24', null, null, 0, null);
INSERT INTO cba_cobranca (cba_situacao, cba_valor, cba_data_cadastro, cba_data_vencimento, cba_tipo_remessa, psa_id, cba_data_limite_recebimento, cba_motivo_cancelamento, cba_data_cancelamento)
VALUES (4, 75, '2019-01-22 15:50', '2019-01-23', 99, (SELECT psa_id FROM psa_pessoa WHERE psa_cli_id = (SELECT flo_id FROM flo_filiado WHERE flo_cpf = '08860468744')), '2019-01-24', 'Concessão de isenção', '2019-02-04');
INSERT INTO dvo_divida_cobranca (dva_id, cba_id) VALUES ((SELECT max(dva_id) FROM dva_divida), (SELECT max(cba_id) FROM cba_cobranca));
INSERT INTO dvt_divida_desconto (dva_id, dvt_valor, dvt_descricao, dvt_data_cadastro) VALUES ((SELECT max(dva_id) FROM dva_divida), 75, 'Concessão de isenção', '2019-02-04');
INSERT INTO cbn_cobranca_evento_sindicato (cbn_descricao, prve_id, eve_id, evo_id, dva_id) VALUES ('Inscrição em evento', 5, 10861, 5, (SELECT max(dva_id) FROM dva_divida));

INSERT INTO eve_evento_sindicato_participante (eve_id, evo_id, flo_id, eve_nome, eve_participante_telefone, eve_participante_email, eve_cpf, flo_id_responsavel, eve_presenca_confirmada, eve_data_deletado, eve_deletado)
VALUES (12033, 5, (SELECT flo_id FROM flo_filiado WHERE flo_cpf = '42652256831'), 'Juliana Teixeira da Silva', '11980321761', 'teixeira.julianaa@gmail.com', '42652256831', null, 1, null, 2);
INSERT INTO dva_divida (psa_id_pagador, psa_id_destinatario, cmi_id, dvu_id, dva_valor, dva_valor_pago, dva_valor_acrescimo, dva_valor_desconto, dva_descricao, dvp_id, dva_data_vencimento_atual, dva_data_vencimento_inicial, dva_data_inicio_cobranca_mora, dva_data_cancelamento, dva_motivo_cancelamento, dva_cancelada, dva_tipo_cancelamento)
VALUES ((SELECT psa_id FROM psa_pessoa WHERE psa_cli_id = (SELECT flo_id FROM flo_filiado WHERE flo_cpf = '42652256831')), (SELECT psa_id FROM psa_pessoa WHERE psa_cli_id = (SELECT flo_id FROM flo_filiado WHERE flo_cpf = '42652256831')), 201902, 2, 75, 0, 0, 75, 'Inscrição em evento: O Enfrentamento dos Fatores de Risco de Doenças Crônicas Não Transmissíveis', 15, '2019-02-05', '2019-02-05', '2019-02-06', null, null, 0, null);
INSERT INTO cba_cobranca (cba_situacao, cba_valor, cba_data_cadastro, cba_data_vencimento, cba_tipo_remessa, psa_id, cba_data_limite_recebimento, cba_motivo_cancelamento, cba_data_cancelamento)
VALUES (4, 75, '2019-02-04 18:34', '2019-02-05', 99, (SELECT psa_id FROM psa_pessoa WHERE psa_cli_id = (SELECT flo_id FROM flo_filiado WHERE flo_cpf = '42652256831')), '2019-02-06', 'Concessão de isenção', '2019-02-04');
INSERT INTO dvo_divida_cobranca (dva_id, cba_id) VALUES ((SELECT max(dva_id) FROM dva_divida), (SELECT max(cba_id) FROM cba_cobranca));
INSERT INTO dvt_divida_desconto (dva_id, dvt_valor, dvt_descricao, dvt_data_cadastro) VALUES ((SELECT max(dva_id) FROM dva_divida), 75, 'Concessão de isenção', '2019-02-04');
INSERT INTO cbn_cobranca_evento_sindicato (cbn_descricao, prve_id, eve_id, evo_id, dva_id) VALUES ('Inscrição em evento', 5, 12033, 5, (SELECT max(dva_id) FROM dva_divida));

INSERT INTO eve_evento_sindicato_participante (eve_id, evo_id, flo_id, eve_nome, eve_participante_telefone, eve_participante_email, eve_cpf, flo_id_responsavel, eve_presenca_confirmada, eve_data_deletado, eve_deletado)
VALUES (12023, 5, (SELECT flo_id FROM flo_filiado WHERE flo_cpf = '33732886816'), 'Karina Aparecida de Oliveira Sousa', '11952977850', 'Ksousa@haoc.com.br', '33732886816', null, 1, null, 2);
INSERT INTO dva_divida (psa_id_pagador, psa_id_destinatario, cmi_id, dvu_id, dva_valor, dva_valor_pago, dva_valor_acrescimo, dva_valor_desconto, dva_descricao, dvp_id, dva_data_vencimento_atual, dva_data_vencimento_inicial, dva_data_inicio_cobranca_mora, dva_data_cancelamento, dva_motivo_cancelamento, dva_cancelada, dva_tipo_cancelamento)
VALUES ((SELECT psa_id FROM psa_pessoa WHERE psa_cli_id = (SELECT flo_id FROM flo_filiado WHERE flo_cpf = '33732886816')), (SELECT psa_id FROM psa_pessoa WHERE psa_cli_id = (SELECT flo_id FROM flo_filiado WHERE flo_cpf = '33732886816')), 201902, 2, 75, 0, 0, 75, 'Inscrição em evento: O Enfrentamento dos Fatores de Risco de Doenças Crônicas Não Transmissíveis', 15, '2019-02-05', '2019-02-05', '2019-02-06', null, null, 0, null);
INSERT INTO cba_cobranca (cba_situacao, cba_valor, cba_data_cadastro, cba_data_vencimento, cba_tipo_remessa, psa_id, cba_data_limite_recebimento, cba_motivo_cancelamento, cba_data_cancelamento)
VALUES (4, 75, '2019-02-04 16:28', '2019-02-05', 99, (SELECT psa_id FROM psa_pessoa WHERE psa_cli_id = (SELECT flo_id FROM flo_filiado WHERE flo_cpf = '33732886816')), '2019-02-06', 'Concessão de isenção', '2019-02-04');
INSERT INTO dvo_divida_cobranca (dva_id, cba_id) VALUES ((SELECT max(dva_id) FROM dva_divida), (SELECT max(cba_id) FROM cba_cobranca));
INSERT INTO dvt_divida_desconto (dva_id, dvt_valor, dvt_descricao, dvt_data_cadastro) VALUES ((SELECT max(dva_id) FROM dva_divida), 75, 'Concessão de isenção', '2019-02-04');
INSERT INTO cbn_cobranca_evento_sindicato (cbn_descricao, prve_id, eve_id, evo_id, dva_id) VALUES ('Inscrição em evento', 5, 12023, 5, (SELECT max(dva_id) FROM dva_divida));

INSERT INTO eve_evento_sindicato_participante (eve_id, evo_id, flo_id, eve_nome, eve_participante_telefone, eve_participante_email, eve_cpf, flo_id_responsavel, eve_presenca_confirmada, eve_data_deletado, eve_deletado)
VALUES (11516, 5, (SELECT flo_id FROM flo_filiado WHERE flo_cpf = '36354043817'), 'Karina Nodare de Moraes', '11981310357', 'karinanodare8@gmail.com', '36354043817', null, 1, null, 2);
INSERT INTO dva_divida (psa_id_pagador, psa_id_destinatario, cmi_id, dvu_id, dva_valor, dva_valor_pago, dva_valor_acrescimo, dva_valor_desconto, dva_descricao, dvp_id, dva_data_vencimento_atual, dva_data_vencimento_inicial, dva_data_inicio_cobranca_mora, dva_data_cancelamento, dva_motivo_cancelamento, dva_cancelada, dva_tipo_cancelamento)
VALUES ((SELECT psa_id FROM psa_pessoa WHERE psa_cli_id = (SELECT flo_id FROM flo_filiado WHERE flo_cpf = '36354043817')), (SELECT psa_id FROM psa_pessoa WHERE psa_cli_id = (SELECT flo_id FROM flo_filiado WHERE flo_cpf = '36354043817')), 201901, 2, 75, 75, 0, 0, 'Inscrição em evento: O Enfrentamento dos Fatores de Risco de Doenças Crônicas Não Transmissíveis', 15, '2019-01-29', '2019-01-29', '2019-01-30', null, null, 0, null);
INSERT INTO cba_cobranca (cba_situacao, cba_valor, cba_data_cadastro, cba_data_vencimento, cba_tipo_remessa, psa_id, cba_data_limite_recebimento, cba_motivo_cancelamento, cba_data_cancelamento)
VALUES (3, 75, '2019-01-28 16:02', '2019-01-29', 99, (SELECT psa_id FROM psa_pessoa WHERE psa_cli_id = (SELECT flo_id FROM flo_filiado WHERE flo_cpf = '36354043817')), '2019-01-30', null, null);
INSERT INTO dvo_divida_cobranca (dva_id, cba_id) VALUES ((SELECT max(dva_id) FROM dva_divida), (SELECT max(cba_id) FROM cba_cobranca));
INSERT INTO cbn_cobranca_evento_sindicato (cbn_descricao, prve_id, eve_id, evo_id, dva_id) VALUES ('Inscrição em evento', 5, 11516, 5, (SELECT max(dva_id) FROM dva_divida));
INSERT INTO pgo_pagamento (cba_id, psa_id, pgo_valor, pgo_situacao, pgo_data_pagamento, pgo_data_credito) VALUES ((SELECT max(cba_id) FROM cba_cobranca), (SELECT psa_id FROM psa_pessoa WHERE psa_cli_id = (SELECT flo_id FROM flo_filiado WHERE flo_cpf = '36354043817')), 75, 1, '2019-01-28', '2019-01-28');
INSERT INTO pga_pagamento_divida (dva_id, pgo_id, pga_valor) VALUES ((SELECT max(dva_id) FROM dva_divida), (SELECT max(pgo_id) FROM pgo_pagamento), 75);

INSERT INTO eve_evento_sindicato_participante (eve_id, evo_id, flo_id, eve_nome, eve_participante_telefone, eve_participante_email, eve_cpf, flo_id_responsavel, eve_presenca_confirmada, eve_data_deletado, eve_deletado)
VALUES (11112, 5, (SELECT flo_id FROM flo_filiado WHERE flo_cpf = '36354043817'), 'Karina Nodare de Moraes', '11981310357', 'karinanodare8@gmail.com', '36354043817', null, 2, '2019-01-24 17:11', 1);
INSERT INTO dva_divida (psa_id_pagador, psa_id_destinatario, cmi_id, dvu_id, dva_valor, dva_valor_pago, dva_valor_acrescimo, dva_valor_desconto, dva_descricao, dvp_id, dva_data_vencimento_atual, dva_data_vencimento_inicial, dva_data_inicio_cobranca_mora, dva_data_cancelamento, dva_motivo_cancelamento, dva_cancelada, dva_tipo_cancelamento)
VALUES ((SELECT psa_id FROM psa_pessoa WHERE psa_cli_id = (SELECT flo_id FROM flo_filiado WHERE flo_cpf = '36354043817')), (SELECT psa_id FROM psa_pessoa WHERE psa_cli_id = (SELECT flo_id FROM flo_filiado WHERE flo_cpf = '36354043817')), 201901, 1, 75, 0, 0, 0, 'Inscrição em evento: O Enfrentamento dos Fatores de Risco de Doenças Crônicas Não Transmissíveis', 15, '2019-01-25', '2019-01-25', '2019-01-26', '2019-01-24 17:11', 'Inscrição Cancelada', 1, 1);
INSERT INTO cba_cobranca (cba_situacao, cba_valor, cba_data_cadastro, cba_data_vencimento, cba_tipo_remessa, psa_id, cba_data_limite_recebimento, cba_motivo_cancelamento, cba_data_cancelamento)
VALUES (4, 75, '2019-01-24 17:11', '2019-01-25', 99, (SELECT psa_id FROM psa_pessoa WHERE psa_cli_id = (SELECT flo_id FROM flo_filiado WHERE flo_cpf = '36354043817')), '2019-01-26', 'Inscrição Cancelada', '2019-01-24 17:11');
INSERT INTO dvo_divida_cobranca (dva_id, cba_id) VALUES ((SELECT max(dva_id) FROM dva_divida), (SELECT max(cba_id) FROM cba_cobranca));

INSERT INTO eve_evento_sindicato_participante (eve_id, evo_id, flo_id, eve_nome, eve_participante_telefone, eve_participante_email, eve_cpf, flo_id_responsavel, eve_presenca_confirmada, eve_data_deletado, eve_deletado)
VALUES (10562, 5, (SELECT flo_id FROM flo_filiado WHERE flo_cpf = '93550340753'), 'Karla Costa Kurtz', '21999715341', 'karlakurtz4572@gmail.com', '93550340753', null, 1, null, 2);
INSERT INTO dva_divida (psa_id_pagador, psa_id_destinatario, cmi_id, dvu_id, dva_valor, dva_valor_pago, dva_valor_acrescimo, dva_valor_desconto, dva_descricao, dvp_id, dva_data_vencimento_atual, dva_data_vencimento_inicial, dva_data_inicio_cobranca_mora, dva_data_cancelamento, dva_motivo_cancelamento, dva_cancelada, dva_tipo_cancelamento)
VALUES ((SELECT psa_id FROM psa_pessoa WHERE psa_cli_id = (SELECT flo_id FROM flo_filiado WHERE flo_cpf = '93550340753')), (SELECT psa_id FROM psa_pessoa WHERE psa_cli_id = (SELECT flo_id FROM flo_filiado WHERE flo_cpf = '93550340753')), 201901, 2, 75, 75, 0, 0, 'Inscrição em evento: O Enfrentamento dos Fatores de Risco de Doenças Crônicas Não Transmissíveis', 15, '2019-01-19', '2019-01-19', '2019-01-20', null, null, 0, null);
INSERT INTO cba_cobranca (cba_situacao, cba_valor, cba_data_cadastro, cba_data_vencimento, cba_tipo_remessa, psa_id, cba_data_limite_recebimento, cba_motivo_cancelamento, cba_data_cancelamento)
VALUES (3, 75, '2019-01-18 10:35', '2019-01-19', 99, (SELECT psa_id FROM psa_pessoa WHERE psa_cli_id = (SELECT flo_id FROM flo_filiado WHERE flo_cpf = '93550340753')), '2019-01-20', null, null);
INSERT INTO dvo_divida_cobranca (dva_id, cba_id) VALUES ((SELECT max(dva_id) FROM dva_divida), (SELECT max(cba_id) FROM cba_cobranca));
INSERT INTO cbn_cobranca_evento_sindicato (cbn_descricao, prve_id, eve_id, evo_id, dva_id) VALUES ('Inscrição em evento', 5, 10562, 5, (SELECT max(dva_id) FROM dva_divida));
INSERT INTO pgo_pagamento (cba_id, psa_id, pgo_valor, pgo_situacao, pgo_data_pagamento, pgo_data_credito) VALUES ((SELECT max(cba_id) FROM cba_cobranca), (SELECT psa_id FROM psa_pessoa WHERE psa_cli_id = (SELECT flo_id FROM flo_filiado WHERE flo_cpf = '93550340753')), 75, 1, '2019-01-18', '2019-01-18');
INSERT INTO pga_pagamento_divida (dva_id, pgo_id, pga_valor) VALUES ((SELECT max(dva_id) FROM dva_divida), (SELECT max(pgo_id) FROM pgo_pagamento), 75);

INSERT INTO eve_evento_sindicato_participante (eve_id, evo_id, flo_id, eve_nome, eve_participante_telefone, eve_participante_email, eve_cpf, flo_id_responsavel, eve_presenca_confirmada, eve_data_deletado, eve_deletado)
VALUES (10841, 5, (SELECT flo_id FROM flo_filiado WHERE flo_cpf = '15678058843'), 'Katia de Paulo', '11975009513', 'katia.paulo@aon.com', '15678058843', null, 1, null, 2);
INSERT INTO dva_divida (psa_id_pagador, psa_id_destinatario, cmi_id, dvu_id, dva_valor, dva_valor_pago, dva_valor_acrescimo, dva_valor_desconto, dva_descricao, dvp_id, dva_data_vencimento_atual, dva_data_vencimento_inicial, dva_data_inicio_cobranca_mora, dva_data_cancelamento, dva_motivo_cancelamento, dva_cancelada, dva_tipo_cancelamento)
VALUES ((SELECT psa_id FROM psa_pessoa WHERE psa_cli_id = (SELECT flo_id FROM flo_filiado WHERE flo_cpf = '15678058843')), (SELECT psa_id FROM psa_pessoa WHERE psa_cli_id = (SELECT flo_id FROM flo_filiado WHERE flo_cpf = '15678058843')), 201901, 2, 75, 0, 0, 75, 'Inscrição em evento: O Enfrentamento dos Fatores de Risco de Doenças Crônicas Não Transmissíveis', 15, '2019-01-23', '2019-01-23', '2019-01-24', null, null, 0, null);
INSERT INTO cba_cobranca (cba_situacao, cba_valor, cba_data_cadastro, cba_data_vencimento, cba_tipo_remessa, psa_id, cba_data_limite_recebimento, cba_motivo_cancelamento, cba_data_cancelamento)
VALUES (4, 75, '2019-01-22 11:27', '2019-01-23', 99, (SELECT psa_id FROM psa_pessoa WHERE psa_cli_id = (SELECT flo_id FROM flo_filiado WHERE flo_cpf = '15678058843')), '2019-01-24', 'Concessão de isenção', '2019-02-04');
INSERT INTO dvo_divida_cobranca (dva_id, cba_id) VALUES ((SELECT max(dva_id) FROM dva_divida), (SELECT max(cba_id) FROM cba_cobranca));
INSERT INTO dvt_divida_desconto (dva_id, dvt_valor, dvt_descricao, dvt_data_cadastro) VALUES ((SELECT max(dva_id) FROM dva_divida), 75, 'Concessão de isenção', '2019-02-04');
INSERT INTO cbn_cobranca_evento_sindicato (cbn_descricao, prve_id, eve_id, evo_id, dva_id) VALUES ('Inscrição em evento', 5, 10841, 5, (SELECT max(dva_id) FROM dva_divida));

INSERT INTO eve_evento_sindicato_participante (eve_id, evo_id, flo_id, eve_nome, eve_participante_telefone, eve_participante_email, eve_cpf, flo_id_responsavel, eve_presenca_confirmada, eve_data_deletado, eve_deletado)
VALUES (10993, 5, (SELECT flo_id FROM flo_filiado WHERE flo_cpf = '16865249860'), 'Leandra Antunes', '11981596952', 'eng.leandra@gmail.com', '16865249860', null, 2, '2019-01-23 16:18', 1);
INSERT INTO dva_divida (psa_id_pagador, psa_id_destinatario, cmi_id, dvu_id, dva_valor, dva_valor_pago, dva_valor_acrescimo, dva_valor_desconto, dva_descricao, dvp_id, dva_data_vencimento_atual, dva_data_vencimento_inicial, dva_data_inicio_cobranca_mora, dva_data_cancelamento, dva_motivo_cancelamento, dva_cancelada, dva_tipo_cancelamento)
VALUES ((SELECT psa_id FROM psa_pessoa WHERE psa_cli_id = (SELECT flo_id FROM flo_filiado WHERE flo_cpf = '16865249860')), (SELECT psa_id FROM psa_pessoa WHERE psa_cli_id = (SELECT flo_id FROM flo_filiado WHERE flo_cpf = '16865249860')), 201901, 1, 75, 0, 0, 0, 'Inscrição em evento: O Enfrentamento dos Fatores de Risco de Doenças Crônicas Não Transmissíveis', 15, '2019-01-24', '2019-01-24', '2019-01-25', '2019-01-23 16:18', 'Inscrição Cancelada', 1, 1);
INSERT INTO cba_cobranca (cba_situacao, cba_valor, cba_data_cadastro, cba_data_vencimento, cba_tipo_remessa, psa_id, cba_data_limite_recebimento, cba_motivo_cancelamento, cba_data_cancelamento)
VALUES (4, 75, '2019-01-23 16:18', '2019-01-24', 99, (SELECT psa_id FROM psa_pessoa WHERE psa_cli_id = (SELECT flo_id FROM flo_filiado WHERE flo_cpf = '16865249860')), '2019-01-25', 'Inscrição Cancelada', '2019-01-23 16:18');
INSERT INTO dvo_divida_cobranca (dva_id, cba_id) VALUES ((SELECT max(dva_id) FROM dva_divida), (SELECT max(cba_id) FROM cba_cobranca));

INSERT INTO eve_evento_sindicato_participante (eve_id, evo_id, flo_id, eve_nome, eve_participante_telefone, eve_participante_email, eve_cpf, flo_id_responsavel, eve_presenca_confirmada, eve_data_deletado, eve_deletado)
VALUES (10763, 5, (SELECT flo_id FROM flo_filiado WHERE flo_cpf = '42409224881'), 'Leticia Ribeiro da Silva Lima', '11970232237', 'marketing@vsegura.com.br', '42409224881', (SELECT flo_id FROM flo_filiado WHERE flo_nome = 'Vida Segura'), 1, null, 2);
INSERT INTO dva_divida (psa_id_pagador, psa_id_destinatario, cmi_id, dvu_id, dva_valor, dva_valor_pago, dva_valor_acrescimo, dva_valor_desconto, dva_descricao, dvp_id, dva_data_vencimento_atual, dva_data_vencimento_inicial, dva_data_inicio_cobranca_mora, dva_data_cancelamento, dva_motivo_cancelamento, dva_cancelada, dva_tipo_cancelamento)
VALUES ((SELECT psa_id FROM psa_pessoa WHERE psa_cli_id = (SELECT flo_id FROM flo_filiado WHERE flo_cpf = '42409224881')), (SELECT psa_id FROM psa_pessoa WHERE psa_cli_id = (SELECT flo_id FROM flo_filiado WHERE flo_cpf = '42409224881')), 201901, 2, 75, 75, 0, 0, 'Inscrição em evento: O Enfrentamento dos Fatores de Risco de Doenças Crônicas Não Transmissíveis', 15, '2019-01-22', '2019-01-22', '2019-01-23', null, null, 0, null);
INSERT INTO cba_cobranca (cba_situacao, cba_valor, cba_data_cadastro, cba_data_vencimento, cba_tipo_remessa, psa_id, cba_data_limite_recebimento, cba_motivo_cancelamento, cba_data_cancelamento)
VALUES (3, 75, '2019-01-21 10:17', '2019-01-22', 99, (SELECT psa_id FROM psa_pessoa WHERE psa_cli_id = (SELECT flo_id FROM flo_filiado WHERE flo_cpf = '42409224881')), '2019-01-23', null, null);
INSERT INTO dvo_divida_cobranca (dva_id, cba_id) VALUES ((SELECT max(dva_id) FROM dva_divida), (SELECT max(cba_id) FROM cba_cobranca));
INSERT INTO cbn_cobranca_evento_sindicato (cbn_descricao, prve_id, eve_id, evo_id, dva_id) VALUES ('Inscrição em evento', 5, 10763, 5, (SELECT max(dva_id) FROM dva_divida));
INSERT INTO pgo_pagamento (cba_id, psa_id, pgo_valor, pgo_situacao, pgo_data_pagamento, pgo_data_credito) VALUES ((SELECT max(cba_id) FROM cba_cobranca), (SELECT psa_id FROM psa_pessoa WHERE psa_cli_id = (SELECT flo_id FROM flo_filiado WHERE flo_cpf = '42409224881')), 75, 1, '2019-01-21', '2019-01-21');
INSERT INTO pga_pagamento_divida (dva_id, pgo_id, pga_valor) VALUES ((SELECT max(dva_id) FROM dva_divida), (SELECT max(pgo_id) FROM pgo_pagamento), 75);

INSERT INTO eve_evento_sindicato_participante (eve_id, evo_id, flo_id, eve_nome, eve_participante_telefone, eve_participante_email, eve_cpf, flo_id_responsavel, eve_presenca_confirmada, eve_data_deletado, eve_deletado)
VALUES (11101, 5, (SELECT flo_id FROM flo_filiado WHERE flo_cpf = '21580470890'), 'Ligia Lacerda da Costa Meirelles', '1132659002', 'ligia.meirelles@segurosunimed.com.br', '21580470890', 169397, 1, null, 2);
INSERT INTO dva_divida (psa_id_pagador, psa_id_destinatario, cmi_id, dvu_id, dva_valor, dva_valor_pago, dva_valor_acrescimo, dva_valor_desconto, dva_descricao, dvp_id, dva_data_vencimento_atual, dva_data_vencimento_inicial, dva_data_inicio_cobranca_mora, dva_data_cancelamento, dva_motivo_cancelamento, dva_cancelada, dva_tipo_cancelamento)
VALUES ((SELECT psa_id FROM psa_pessoa WHERE psa_cli_id = (SELECT flo_id FROM flo_filiado WHERE flo_cpf = '21580470890')), (SELECT psa_id FROM psa_pessoa WHERE psa_cli_id = (SELECT flo_id FROM flo_filiado WHERE flo_cpf = '21580470890')), 201901, 2, 75, 75, 0, 0, 'Inscrição em evento: O Enfrentamento dos Fatores de Risco de Doenças Crônicas Não Transmissíveis', 15, '2019-01-25', '2019-01-25', '2019-01-26', null, null, 0, null);
INSERT INTO cba_cobranca (cba_situacao, cba_valor, cba_data_cadastro, cba_data_vencimento, cba_tipo_remessa, psa_id, cba_data_limite_recebimento, cba_motivo_cancelamento, cba_data_cancelamento)
VALUES (3, 75, '2019-01-24 16:18', '2019-01-25', 99, (SELECT psa_id FROM psa_pessoa WHERE psa_cli_id = (SELECT flo_id FROM flo_filiado WHERE flo_cpf = '21580470890')), '2019-01-26', null, null);
INSERT INTO dvo_divida_cobranca (dva_id, cba_id) VALUES ((SELECT max(dva_id) FROM dva_divida), (SELECT max(cba_id) FROM cba_cobranca));
INSERT INTO cbn_cobranca_evento_sindicato (cbn_descricao, prve_id, eve_id, evo_id, dva_id) VALUES ('Inscrição em evento', 5, 11101, 5, (SELECT max(dva_id) FROM dva_divida));
INSERT INTO pgo_pagamento (cba_id, psa_id, pgo_valor, pgo_situacao, pgo_data_pagamento, pgo_data_credito) VALUES ((SELECT max(cba_id) FROM cba_cobranca), (SELECT psa_id FROM psa_pessoa WHERE psa_cli_id = (SELECT flo_id FROM flo_filiado WHERE flo_cpf = '21580470890')), 75, 1, '2019-01-24', '2019-01-24');
INSERT INTO pga_pagamento_divida (dva_id, pgo_id, pga_valor) VALUES ((SELECT max(dva_id) FROM dva_divida), (SELECT max(pgo_id) FROM pgo_pagamento), 75);

INSERT INTO eve_evento_sindicato_participante (eve_id, evo_id, flo_id, eve_nome, eve_participante_telefone, eve_participante_email, eve_cpf, flo_id_responsavel, eve_presenca_confirmada, eve_data_deletado, eve_deletado)
VALUES (10761, 5, (SELECT flo_id FROM flo_filiado WHERE flo_cpf = '42346569844'), 'Luana Gama de Mouras', '11986246170', 'ppqv@vsegura.com.br', '42346569844', (SELECT flo_id FROM flo_filiado WHERE flo_nome = 'Vida Segura'), 1, null, 2);
INSERT INTO dva_divida (psa_id_pagador, psa_id_destinatario, cmi_id, dvu_id, dva_valor, dva_valor_pago, dva_valor_acrescimo, dva_valor_desconto, dva_descricao, dvp_id, dva_data_vencimento_atual, dva_data_vencimento_inicial, dva_data_inicio_cobranca_mora, dva_data_cancelamento, dva_motivo_cancelamento, dva_cancelada, dva_tipo_cancelamento)
VALUES ((SELECT psa_id FROM psa_pessoa WHERE psa_cli_id = (SELECT flo_id FROM flo_filiado WHERE flo_cpf = '42346569844')), (SELECT psa_id FROM psa_pessoa WHERE psa_cli_id = (SELECT flo_id FROM flo_filiado WHERE flo_cpf = '42346569844')), 201901, 2, 75, 75, 0, 0, 'Inscrição em evento: O Enfrentamento dos Fatores de Risco de Doenças Crônicas Não Transmissíveis', 15, '2019-01-22', '2019-01-22', '2019-01-23', null, null, 0, null);
INSERT INTO cba_cobranca (cba_situacao, cba_valor, cba_data_cadastro, cba_data_vencimento, cba_tipo_remessa, psa_id, cba_data_limite_recebimento, cba_motivo_cancelamento, cba_data_cancelamento)
VALUES (3, 75, '2019-01-21 10:15', '2019-01-22', 99, (SELECT psa_id FROM psa_pessoa WHERE psa_cli_id = (SELECT flo_id FROM flo_filiado WHERE flo_cpf = '42346569844')), '2019-01-23', null, null);
INSERT INTO dvo_divida_cobranca (dva_id, cba_id) VALUES ((SELECT max(dva_id) FROM dva_divida), (SELECT max(cba_id) FROM cba_cobranca));
INSERT INTO cbn_cobranca_evento_sindicato (cbn_descricao, prve_id, eve_id, evo_id, dva_id) VALUES ('Inscrição em evento', 5, 10761, 5, (SELECT max(dva_id) FROM dva_divida));
INSERT INTO pgo_pagamento (cba_id, psa_id, pgo_valor, pgo_situacao, pgo_data_pagamento, pgo_data_credito) VALUES ((SELECT max(cba_id) FROM cba_cobranca), (SELECT psa_id FROM psa_pessoa WHERE psa_cli_id = (SELECT flo_id FROM flo_filiado WHERE flo_cpf = '42346569844')), 75, 1, '2019-01-21', '2019-01-21');
INSERT INTO pga_pagamento_divida (dva_id, pgo_id, pga_valor) VALUES ((SELECT max(dva_id) FROM dva_divida), (SELECT max(pgo_id) FROM pgo_pagamento), 75);

INSERT INTO eve_evento_sindicato_participante (eve_id, evo_id, flo_id, eve_nome, eve_participante_telefone, eve_participante_email, eve_cpf, flo_id_responsavel, eve_presenca_confirmada, eve_data_deletado, eve_deletado)
VALUES (11891, 5, (SELECT flo_id FROM flo_filiado WHERE flo_cpf = '22414249862'), 'Lucélia de Lima', '11976144788', 'lucelia.lima@movimentosaude.com.br', '22414249862', null, 1, null, 2);
INSERT INTO dva_divida (psa_id_pagador, psa_id_destinatario, cmi_id, dvu_id, dva_valor, dva_valor_pago, dva_valor_acrescimo, dva_valor_desconto, dva_descricao, dvp_id, dva_data_vencimento_atual, dva_data_vencimento_inicial, dva_data_inicio_cobranca_mora, dva_data_cancelamento, dva_motivo_cancelamento, dva_cancelada, dva_tipo_cancelamento)
VALUES ((SELECT psa_id FROM psa_pessoa WHERE psa_cli_id = (SELECT flo_id FROM flo_filiado WHERE flo_cpf = '22414249862')), (SELECT psa_id FROM psa_pessoa WHERE psa_cli_id = (SELECT flo_id FROM flo_filiado WHERE flo_cpf = '22414249862')), 201902, 2, 75, 75, 0, 0, 'Inscrição em evento: O Enfrentamento dos Fatores de Risco de Doenças Crônicas Não Transmissíveis', 15, '2019-02-02', '2019-02-02', '2019-02-03', null, null, 0, null);
INSERT INTO cba_cobranca (cba_situacao, cba_valor, cba_data_cadastro, cba_data_vencimento, cba_tipo_remessa, psa_id, cba_data_limite_recebimento, cba_motivo_cancelamento, cba_data_cancelamento)
VALUES (3, 75, '2019-02-01 16:13', '2019-02-02', 99, (SELECT psa_id FROM psa_pessoa WHERE psa_cli_id = (SELECT flo_id FROM flo_filiado WHERE flo_cpf = '22414249862')), '2019-02-03', null, null);
INSERT INTO dvo_divida_cobranca (dva_id, cba_id) VALUES ((SELECT max(dva_id) FROM dva_divida), (SELECT max(cba_id) FROM cba_cobranca));
INSERT INTO cbn_cobranca_evento_sindicato (cbn_descricao, prve_id, eve_id, evo_id, dva_id) VALUES ('Inscrição em evento', 5, 11891, 5, (SELECT max(dva_id) FROM dva_divida));
INSERT INTO pgo_pagamento (cba_id, psa_id, pgo_valor, pgo_situacao, pgo_data_pagamento, pgo_data_credito) VALUES ((SELECT max(cba_id) FROM cba_cobranca), (SELECT psa_id FROM psa_pessoa WHERE psa_cli_id = (SELECT flo_id FROM flo_filiado WHERE flo_cpf = '22414249862')), 75, 1, '2019-02-04', '2019-02-04');
INSERT INTO pga_pagamento_divida (dva_id, pgo_id, pga_valor) VALUES ((SELECT max(dva_id) FROM dva_divida), (SELECT max(pgo_id) FROM pgo_pagamento), 75);

INSERT INTO eve_evento_sindicato_participante (eve_id, evo_id, flo_id, eve_nome, eve_participante_telefone, eve_participante_email, eve_cpf, flo_id_responsavel, eve_presenca_confirmada, eve_data_deletado, eve_deletado)
VALUES (11865, 5, (SELECT flo_id FROM flo_filiado WHERE flo_cpf = '09609883869'), 'Luiz Fernando de Barros', '11996262950', 'peritomoto@gmail.com', '09609883869', null, 1, null, 2);
INSERT INTO dva_divida (psa_id_pagador, psa_id_destinatario, cmi_id, dvu_id, dva_valor, dva_valor_pago, dva_valor_acrescimo, dva_valor_desconto, dva_descricao, dvp_id, dva_data_vencimento_atual, dva_data_vencimento_inicial, dva_data_inicio_cobranca_mora, dva_data_cancelamento, dva_motivo_cancelamento, dva_cancelada, dva_tipo_cancelamento)
VALUES ((SELECT psa_id FROM psa_pessoa WHERE psa_cli_id = (SELECT flo_id FROM flo_filiado WHERE flo_cpf = '09609883869')), (SELECT psa_id FROM psa_pessoa WHERE psa_cli_id = (SELECT flo_id FROM flo_filiado WHERE flo_cpf = '09609883869')), 201902, 2, 75, 0, 0, 75, 'Inscrição em evento: O Enfrentamento dos Fatores de Risco de Doenças Crônicas Não Transmissíveis', 15, '2019-02-02', '2019-02-02', '2019-02-03', null, null, 0, null);
INSERT INTO cba_cobranca (cba_situacao, cba_valor, cba_data_cadastro, cba_data_vencimento, cba_tipo_remessa, psa_id, cba_data_limite_recebimento, cba_motivo_cancelamento, cba_data_cancelamento)
VALUES (4, 75, '2019-02-01 09:50', '2019-02-02', 99, (SELECT psa_id FROM psa_pessoa WHERE psa_cli_id = (SELECT flo_id FROM flo_filiado WHERE flo_cpf = '09609883869')), '2019-02-03', 'Concessão de isenção', '2019-02-01');
INSERT INTO dvo_divida_cobranca (dva_id, cba_id) VALUES ((SELECT max(dva_id) FROM dva_divida), (SELECT max(cba_id) FROM cba_cobranca));
INSERT INTO dvt_divida_desconto (dva_id, dvt_valor, dvt_descricao, dvt_data_cadastro) VALUES ((SELECT max(dva_id) FROM dva_divida), 75, 'Concessão de isenção', '2019-02-01');
INSERT INTO cbn_cobranca_evento_sindicato (cbn_descricao, prve_id, eve_id, evo_id, dva_id) VALUES ('Inscrição em evento', 5, 11865, 5, (SELECT max(dva_id) FROM dva_divida));

INSERT INTO eve_evento_sindicato_participante (eve_id, evo_id, flo_id, eve_nome, eve_participante_telefone, eve_participante_email, eve_cpf, flo_id_responsavel, eve_presenca_confirmada, eve_data_deletado, eve_deletado)
VALUES (11884, 5, (SELECT flo_id FROM flo_filiado WHERE flo_cpf = '30263503895'), 'Marcela Bianca Rezende Fernandes', '11983468012', 'mbiancafernandes@yahoo.com.br', '30263503895', null, 1, null, 2);
INSERT INTO dva_divida (psa_id_pagador, psa_id_destinatario, cmi_id, dvu_id, dva_valor, dva_valor_pago, dva_valor_acrescimo, dva_valor_desconto, dva_descricao, dvp_id, dva_data_vencimento_atual, dva_data_vencimento_inicial, dva_data_inicio_cobranca_mora, dva_data_cancelamento, dva_motivo_cancelamento, dva_cancelada, dva_tipo_cancelamento)
VALUES ((SELECT psa_id FROM psa_pessoa WHERE psa_cli_id = (SELECT flo_id FROM flo_filiado WHERE flo_cpf = '30263503895')), (SELECT psa_id FROM psa_pessoa WHERE psa_cli_id = (SELECT flo_id FROM flo_filiado WHERE flo_cpf = '30263503895')), 201902, 2, 75, 75, 0, 0, 'Inscrição em evento: O Enfrentamento dos Fatores de Risco de Doenças Crônicas Não Transmissíveis', 15, '2019-02-02', '2019-02-02', '2019-02-03', null, null, 0, null);
INSERT INTO cba_cobranca (cba_situacao, cba_valor, cba_data_cadastro, cba_data_vencimento, cba_tipo_remessa, psa_id, cba_data_limite_recebimento, cba_motivo_cancelamento, cba_data_cancelamento)
VALUES (3, 75, '2019-02-01 15:02', '2019-02-02', 99, (SELECT psa_id FROM psa_pessoa WHERE psa_cli_id = (SELECT flo_id FROM flo_filiado WHERE flo_cpf = '30263503895')), '2019-02-03', null, null);
INSERT INTO dvo_divida_cobranca (dva_id, cba_id) VALUES ((SELECT max(dva_id) FROM dva_divida), (SELECT max(cba_id) FROM cba_cobranca));
INSERT INTO cbn_cobranca_evento_sindicato (cbn_descricao, prve_id, eve_id, evo_id, dva_id) VALUES ('Inscrição em evento', 5, 11884, 5, (SELECT max(dva_id) FROM dva_divida));
INSERT INTO pgo_pagamento (cba_id, psa_id, pgo_valor, pgo_situacao, pgo_data_pagamento, pgo_data_credito) VALUES ((SELECT max(cba_id) FROM cba_cobranca), (SELECT psa_id FROM psa_pessoa WHERE psa_cli_id = (SELECT flo_id FROM flo_filiado WHERE flo_cpf = '30263503895')), 75, 1, '2019-02-01', '2019-02-01');
INSERT INTO pga_pagamento_divida (dva_id, pgo_id, pga_valor) VALUES ((SELECT max(dva_id) FROM dva_divida), (SELECT max(pgo_id) FROM pgo_pagamento), 75);

INSERT INTO eve_evento_sindicato_participante (eve_id, evo_id, flo_id, eve_nome, eve_participante_telefone, eve_participante_email, eve_cpf, flo_id_responsavel, eve_presenca_confirmada, eve_data_deletado, eve_deletado)
VALUES (11760, 5, (SELECT flo_id FROM flo_filiado WHERE flo_cpf = '09408573838'), 'Marcia Teresinha Giffu', '1150908713', 'marcia.giffu@eurofarma.com.br', '09408573838', 207713, 1, null, 2);
INSERT INTO dva_divida (psa_id_pagador, psa_id_destinatario, cmi_id, dvu_id, dva_valor, dva_valor_pago, dva_valor_acrescimo, dva_valor_desconto, dva_descricao, dvp_id, dva_data_vencimento_atual, dva_data_vencimento_inicial, dva_data_inicio_cobranca_mora, dva_data_cancelamento, dva_motivo_cancelamento, dva_cancelada, dva_tipo_cancelamento)
VALUES ((SELECT psa_id FROM psa_pessoa WHERE psa_cli_id = (SELECT flo_id FROM flo_filiado WHERE flo_cpf = '09408573838')), (SELECT psa_id FROM psa_pessoa WHERE psa_cli_id = (SELECT flo_id FROM flo_filiado WHERE flo_cpf = '09408573838')), 201901, 2, 75, 0, 0, 75, 'Inscrição em evento: O Enfrentamento dos Fatores de Risco de Doenças Crônicas Não Transmissíveis', 15, '2019-02-01', '2019-02-01', '2019-02-02', null, null, 0, null);
INSERT INTO cba_cobranca (cba_situacao, cba_valor, cba_data_cadastro, cba_data_vencimento, cba_tipo_remessa, psa_id, cba_data_limite_recebimento, cba_motivo_cancelamento, cba_data_cancelamento)
VALUES (4, 75, '2019-01-31 09:16', '2019-02-01', 99, (SELECT psa_id FROM psa_pessoa WHERE psa_cli_id = (SELECT flo_id FROM flo_filiado WHERE flo_cpf = '09408573838')), '2019-02-02', 'Concessão de isenção', '2019-01-31');
INSERT INTO dvo_divida_cobranca (dva_id, cba_id) VALUES ((SELECT max(dva_id) FROM dva_divida), (SELECT max(cba_id) FROM cba_cobranca));
INSERT INTO dvt_divida_desconto (dva_id, dvt_valor, dvt_descricao, dvt_data_cadastro) VALUES ((SELECT max(dva_id) FROM dva_divida), 75, 'Concessão de isenção', '2019-01-31');
INSERT INTO cbn_cobranca_evento_sindicato (cbn_descricao, prve_id, eve_id, evo_id, dva_id) VALUES ('Inscrição em evento', 5, 11760, 5, (SELECT max(dva_id) FROM dva_divida));

INSERT INTO eve_evento_sindicato_participante (eve_id, evo_id, flo_id, eve_nome, eve_participante_telefone, eve_participante_email, eve_cpf, flo_id_responsavel, eve_presenca_confirmada, eve_data_deletado, eve_deletado)
VALUES (11051, 5, (SELECT flo_id FROM flo_filiado WHERE flo_cpf = '05071729814'), 'Maria Cristina Villalva Guedes', '11987200068', 'cristina@educathus.com.br', '05071729814', (SELECT flo_id FROM flo_filiado WHERE flo_nome = 'Educathus Desenvolvimento Humano Ltda - ME'), 1, null, 2);
INSERT INTO dva_divida (psa_id_pagador, psa_id_destinatario, cmi_id, dvu_id, dva_valor, dva_valor_pago, dva_valor_acrescimo, dva_valor_desconto, dva_descricao, dvp_id, dva_data_vencimento_atual, dva_data_vencimento_inicial, dva_data_inicio_cobranca_mora, dva_data_cancelamento, dva_motivo_cancelamento, dva_cancelada, dva_tipo_cancelamento)
VALUES ((SELECT psa_id FROM psa_pessoa WHERE psa_cli_id = (SELECT flo_id FROM flo_filiado WHERE flo_cpf = '05071729814')), (SELECT psa_id FROM psa_pessoa WHERE psa_cli_id = (SELECT flo_id FROM flo_filiado WHERE flo_cpf = '05071729814')), 201901, 2, 75, 75, 0, 0, 'Inscrição em evento: O Enfrentamento dos Fatores de Risco de Doenças Crônicas Não Transmissíveis', 15, '2019-01-25', '2019-01-25', '2019-01-26', null, null, 0, null);
INSERT INTO cba_cobranca (cba_situacao, cba_valor, cba_data_cadastro, cba_data_vencimento, cba_tipo_remessa, psa_id, cba_data_limite_recebimento, cba_motivo_cancelamento, cba_data_cancelamento)
VALUES (3, 75, '2019-01-24 09:50', '2019-01-25', 99, (SELECT psa_id FROM psa_pessoa WHERE psa_cli_id = (SELECT flo_id FROM flo_filiado WHERE flo_cpf = '05071729814')), '2019-01-26', null, null);
INSERT INTO dvo_divida_cobranca (dva_id, cba_id) VALUES ((SELECT max(dva_id) FROM dva_divida), (SELECT max(cba_id) FROM cba_cobranca));
INSERT INTO cbn_cobranca_evento_sindicato (cbn_descricao, prve_id, eve_id, evo_id, dva_id) VALUES ('Inscrição em evento', 5, 11051, 5, (SELECT max(dva_id) FROM dva_divida));
INSERT INTO pgo_pagamento (cba_id, psa_id, pgo_valor, pgo_situacao, pgo_data_pagamento, pgo_data_credito) VALUES ((SELECT max(cba_id) FROM cba_cobranca), (SELECT psa_id FROM psa_pessoa WHERE psa_cli_id = (SELECT flo_id FROM flo_filiado WHERE flo_cpf = '05071729814')), 75, 1, '2019-01-24', '2019-01-24');
INSERT INTO pga_pagamento_divida (dva_id, pgo_id, pga_valor) VALUES ((SELECT max(dva_id) FROM dva_divida), (SELECT max(pgo_id) FROM pgo_pagamento), 75);

INSERT INTO eve_evento_sindicato_participante (eve_id, evo_id, flo_id, eve_nome, eve_participante_telefone, eve_participante_email, eve_cpf, flo_id_responsavel, eve_presenca_confirmada, eve_data_deletado, eve_deletado)
VALUES (10628, 5, (SELECT flo_id FROM flo_filiado WHERE flo_cpf = '14329777762'), 'Mariana Batista', '21987926468', 'mmbsilva@firjan.com.br', '14329777762', null, 2, '2019-01-18 14:52', 1);
INSERT INTO dva_divida (psa_id_pagador, psa_id_destinatario, cmi_id, dvu_id, dva_valor, dva_valor_pago, dva_valor_acrescimo, dva_valor_desconto, dva_descricao, dvp_id, dva_data_vencimento_atual, dva_data_vencimento_inicial, dva_data_inicio_cobranca_mora, dva_data_cancelamento, dva_motivo_cancelamento, dva_cancelada, dva_tipo_cancelamento)
VALUES ((SELECT psa_id FROM psa_pessoa WHERE psa_cli_id = (SELECT flo_id FROM flo_filiado WHERE flo_cpf = '14329777762')), (SELECT psa_id FROM psa_pessoa WHERE psa_cli_id = (SELECT flo_id FROM flo_filiado WHERE flo_cpf = '14329777762')), 201901, 1, 75, 0, 0, 0, 'Inscrição em evento: O Enfrentamento dos Fatores de Risco de Doenças Crônicas Não Transmissíveis', 15, '2019-01-19', '2019-01-19', '2019-01-20', '2019-01-18 14:52', 'Inscrição Cancelada', 1, 1);
INSERT INTO cba_cobranca (cba_situacao, cba_valor, cba_data_cadastro, cba_data_vencimento, cba_tipo_remessa, psa_id, cba_data_limite_recebimento, cba_motivo_cancelamento, cba_data_cancelamento)
VALUES (4, 75, '2019-01-18 14:52', '2019-01-19', 99, (SELECT psa_id FROM psa_pessoa WHERE psa_cli_id = (SELECT flo_id FROM flo_filiado WHERE flo_cpf = '14329777762')), '2019-01-20', 'Inscrição Cancelada', '2019-01-18 14:52');
INSERT INTO dvo_divida_cobranca (dva_id, cba_id) VALUES ((SELECT max(dva_id) FROM dva_divida), (SELECT max(cba_id) FROM cba_cobranca));

INSERT INTO eve_evento_sindicato_participante (eve_id, evo_id, flo_id, eve_nome, eve_participante_telefone, eve_participante_email, eve_cpf, flo_id_responsavel, eve_presenca_confirmada, eve_data_deletado, eve_deletado)
VALUES (11708, 5, (SELECT flo_id FROM flo_filiado WHERE flo_cpf = '36875896842'), 'Marina Tavares Ribeiro', '1131467106', 'marina.ribeiro@sesisp.org.br', '36875896842', null, 1, null, 2);
INSERT INTO dva_divida (psa_id_pagador, psa_id_destinatario, cmi_id, dvu_id, dva_valor, dva_valor_pago, dva_valor_acrescimo, dva_valor_desconto, dva_descricao, dvp_id, dva_data_vencimento_atual, dva_data_vencimento_inicial, dva_data_inicio_cobranca_mora, dva_data_cancelamento, dva_motivo_cancelamento, dva_cancelada, dva_tipo_cancelamento)
VALUES ((SELECT psa_id FROM psa_pessoa WHERE psa_cli_id = (SELECT flo_id FROM flo_filiado WHERE flo_cpf = '36875896842')), (SELECT psa_id FROM psa_pessoa WHERE psa_cli_id = (SELECT flo_id FROM flo_filiado WHERE flo_cpf = '36875896842')), 201901, 2, 75, 0, 0, 75, 'Inscrição em evento: O Enfrentamento dos Fatores de Risco de Doenças Crônicas Não Transmissíveis', 15, '2019-01-31', '2019-01-31', '2019-02-01', null, null, 0, null);
INSERT INTO cba_cobranca (cba_situacao, cba_valor, cba_data_cadastro, cba_data_vencimento, cba_tipo_remessa, psa_id, cba_data_limite_recebimento, cba_motivo_cancelamento, cba_data_cancelamento)
VALUES (4, 75, '2019-01-30 10:17', '2019-01-31', 99, (SELECT psa_id FROM psa_pessoa WHERE psa_cli_id = (SELECT flo_id FROM flo_filiado WHERE flo_cpf = '36875896842')), '2019-02-01', 'Concessão de isenção', '2019-01-30');
INSERT INTO dvo_divida_cobranca (dva_id, cba_id) VALUES ((SELECT max(dva_id) FROM dva_divida), (SELECT max(cba_id) FROM cba_cobranca));
INSERT INTO dvt_divida_desconto (dva_id, dvt_valor, dvt_descricao, dvt_data_cadastro) VALUES ((SELECT max(dva_id) FROM dva_divida), 75, 'Concessão de isenção', '2019-01-30');
INSERT INTO cbn_cobranca_evento_sindicato (cbn_descricao, prve_id, eve_id, evo_id, dva_id) VALUES ('Inscrição em evento', 5, 11708, 5, (SELECT max(dva_id) FROM dva_divida));

INSERT INTO eve_evento_sindicato_participante (eve_id, evo_id, flo_id, eve_nome, eve_participante_telefone, eve_participante_email, eve_cpf, flo_id_responsavel, eve_presenca_confirmada, eve_data_deletado, eve_deletado)
VALUES (10557, 5, (SELECT flo_id FROM flo_filiado WHERE flo_cpf = '11566074851'), 'Marisa Mateus dos Santos', '11993896777', 'msantos@espm.br', '11566074851', null, 1, null, 2);
INSERT INTO dva_divida (psa_id_pagador, psa_id_destinatario, cmi_id, dvu_id, dva_valor, dva_valor_pago, dva_valor_acrescimo, dva_valor_desconto, dva_descricao, dvp_id, dva_data_vencimento_atual, dva_data_vencimento_inicial, dva_data_inicio_cobranca_mora, dva_data_cancelamento, dva_motivo_cancelamento, dva_cancelada, dva_tipo_cancelamento)
VALUES ((SELECT psa_id FROM psa_pessoa WHERE psa_cli_id = (SELECT flo_id FROM flo_filiado WHERE flo_cpf = '11566074851')), (SELECT psa_id FROM psa_pessoa WHERE psa_cli_id = (SELECT flo_id FROM flo_filiado WHERE flo_cpf = '11566074851')), 201901, 2, 75, 0, 0, 75, 'Inscrição em evento: O Enfrentamento dos Fatores de Risco de Doenças Crônicas Não Transmissíveis', 15, '2019-01-19', '2019-01-19', '2019-01-20', null, null, 0, null);
INSERT INTO cba_cobranca (cba_situacao, cba_valor, cba_data_cadastro, cba_data_vencimento, cba_tipo_remessa, psa_id, cba_data_limite_recebimento, cba_motivo_cancelamento, cba_data_cancelamento)
VALUES (4, 75, '2019-01-18 10:12', '2019-01-19', 99, (SELECT psa_id FROM psa_pessoa WHERE psa_cli_id = (SELECT flo_id FROM flo_filiado WHERE flo_cpf = '11566074851')), '2019-01-20', 'Concessão de isenção', '2019-01-18');
INSERT INTO dvo_divida_cobranca (dva_id, cba_id) VALUES ((SELECT max(dva_id) FROM dva_divida), (SELECT max(cba_id) FROM cba_cobranca));
INSERT INTO dvt_divida_desconto (dva_id, dvt_valor, dvt_descricao, dvt_data_cadastro) VALUES ((SELECT max(dva_id) FROM dva_divida), 75, 'Concessão de isenção', '2019-01-18');
INSERT INTO cbn_cobranca_evento_sindicato (cbn_descricao, prve_id, eve_id, evo_id, dva_id) VALUES ('Inscrição em evento', 5, 10557, 5, (SELECT max(dva_id) FROM dva_divida));

INSERT INTO eve_evento_sindicato_participante (eve_id, evo_id, flo_id, eve_nome, eve_participante_telefone, eve_participante_email, eve_cpf, flo_id_responsavel, eve_presenca_confirmada, eve_data_deletado, eve_deletado)
VALUES (10804, 5, (SELECT flo_id FROM flo_filiado WHERE flo_cpf = '26450113812'), 'Melina Cury Haddad', '11956088388', 'mhaddad@careplus.com.br', '26450113812', 169257, 1, null, 2);
INSERT INTO dva_divida (psa_id_pagador, psa_id_destinatario, cmi_id, dvu_id, dva_valor, dva_valor_pago, dva_valor_acrescimo, dva_valor_desconto, dva_descricao, dvp_id, dva_data_vencimento_atual, dva_data_vencimento_inicial, dva_data_inicio_cobranca_mora, dva_data_cancelamento, dva_motivo_cancelamento, dva_cancelada, dva_tipo_cancelamento)
VALUES ((SELECT psa_id FROM psa_pessoa WHERE psa_cli_id = (SELECT flo_id FROM flo_filiado WHERE flo_cpf = '26450113812')), (SELECT psa_id FROM psa_pessoa WHERE psa_cli_id = (SELECT flo_id FROM flo_filiado WHERE flo_cpf = '26450113812')), 201901, 2, 75, 75, 0, 0, 'Inscrição em evento: O Enfrentamento dos Fatores de Risco de Doenças Crônicas Não Transmissíveis', 15, '2019-01-22', '2019-01-22', '2019-01-23', null, null, 0, null);
INSERT INTO cba_cobranca (cba_situacao, cba_valor, cba_data_cadastro, cba_data_vencimento, cba_tipo_remessa, psa_id, cba_data_limite_recebimento, cba_motivo_cancelamento, cba_data_cancelamento)
VALUES (3, 75, '2019-01-21 16:00', '2019-01-22', 99, (SELECT psa_id FROM psa_pessoa WHERE psa_cli_id = (SELECT flo_id FROM flo_filiado WHERE flo_cpf = '26450113812')), '2019-01-23', null, null);
INSERT INTO dvo_divida_cobranca (dva_id, cba_id) VALUES ((SELECT max(dva_id) FROM dva_divida), (SELECT max(cba_id) FROM cba_cobranca));
INSERT INTO cbn_cobranca_evento_sindicato (cbn_descricao, prve_id, eve_id, evo_id, dva_id) VALUES ('Inscrição em evento', 5, 10804, 5, (SELECT max(dva_id) FROM dva_divida));
INSERT INTO pgo_pagamento (cba_id, psa_id, pgo_valor, pgo_situacao, pgo_data_pagamento, pgo_data_credito) VALUES ((SELECT max(cba_id) FROM cba_cobranca), (SELECT psa_id FROM psa_pessoa WHERE psa_cli_id = (SELECT flo_id FROM flo_filiado WHERE flo_cpf = '26450113812')), 75, 1, '2019-01-21', '2019-01-21');
INSERT INTO pga_pagamento_divida (dva_id, pgo_id, pga_valor) VALUES ((SELECT max(dva_id) FROM dva_divida), (SELECT max(pgo_id) FROM pgo_pagamento), 75);

INSERT INTO eve_evento_sindicato_participante (eve_id, evo_id, flo_id, eve_nome, eve_participante_telefone, eve_participante_email, eve_cpf, flo_id_responsavel, eve_presenca_confirmada, eve_data_deletado, eve_deletado)
VALUES (11703, 5, (SELECT flo_id FROM flo_filiado WHERE flo_cpf = '22181049890'), 'Michelle Martins Bedolini', '1131467106', 'mbedolini@sesisp.org.br', '22181049890', null, 1, null, 2);
INSERT INTO dva_divida (psa_id_pagador, psa_id_destinatario, cmi_id, dvu_id, dva_valor, dva_valor_pago, dva_valor_acrescimo, dva_valor_desconto, dva_descricao, dvp_id, dva_data_vencimento_atual, dva_data_vencimento_inicial, dva_data_inicio_cobranca_mora, dva_data_cancelamento, dva_motivo_cancelamento, dva_cancelada, dva_tipo_cancelamento)
VALUES ((SELECT psa_id FROM psa_pessoa WHERE psa_cli_id = (SELECT flo_id FROM flo_filiado WHERE flo_cpf = '22181049890')), (SELECT psa_id FROM psa_pessoa WHERE psa_cli_id = (SELECT flo_id FROM flo_filiado WHERE flo_cpf = '22181049890')), 201901, 2, 75, 0, 0, 75, 'Inscrição em evento: O Enfrentamento dos Fatores de Risco de Doenças Crônicas Não Transmissíveis', 15, '2019-01-31', '2019-01-31', '2019-02-01', null, null, 0, null);
INSERT INTO cba_cobranca (cba_situacao, cba_valor, cba_data_cadastro, cba_data_vencimento, cba_tipo_remessa, psa_id, cba_data_limite_recebimento, cba_motivo_cancelamento, cba_data_cancelamento)
VALUES (4, 75, '2019-01-30 10:13', '2019-01-31', 99, (SELECT psa_id FROM psa_pessoa WHERE psa_cli_id = (SELECT flo_id FROM flo_filiado WHERE flo_cpf = '22181049890')), '2019-02-01', 'Concessão de isenção', '2019-01-30');
INSERT INTO dvo_divida_cobranca (dva_id, cba_id) VALUES ((SELECT max(dva_id) FROM dva_divida), (SELECT max(cba_id) FROM cba_cobranca));
INSERT INTO dvt_divida_desconto (dva_id, dvt_valor, dvt_descricao, dvt_data_cadastro) VALUES ((SELECT max(dva_id) FROM dva_divida), 75, 'Concessão de isenção', '2019-01-30');
INSERT INTO cbn_cobranca_evento_sindicato (cbn_descricao, prve_id, eve_id, evo_id, dva_id) VALUES ('Inscrição em evento', 5, 11703, 5, (SELECT max(dva_id) FROM dva_divida));

INSERT INTO eve_evento_sindicato_participante (eve_id, evo_id, flo_id, eve_nome, eve_participante_telefone, eve_participante_email, eve_cpf, flo_id_responsavel, eve_presenca_confirmada, eve_data_deletado, eve_deletado)
VALUES (12007, 5, (SELECT flo_id FROM flo_filiado WHERE flo_cpf = '15502290875'), 'Mirian Damaris Benaglia', '16982504634', 'mirian.benaglia@hotmail.com', '15502290875', null, 1, null, 2);
INSERT INTO dva_divida (psa_id_pagador, psa_id_destinatario, cmi_id, dvu_id, dva_valor, dva_valor_pago, dva_valor_acrescimo, dva_valor_desconto, dva_descricao, dvp_id, dva_data_vencimento_atual, dva_data_vencimento_inicial, dva_data_inicio_cobranca_mora, dva_data_cancelamento, dva_motivo_cancelamento, dva_cancelada, dva_tipo_cancelamento)
VALUES ((SELECT psa_id FROM psa_pessoa WHERE psa_cli_id = (SELECT flo_id FROM flo_filiado WHERE flo_cpf = '15502290875')), (SELECT psa_id FROM psa_pessoa WHERE psa_cli_id = (SELECT flo_id FROM flo_filiado WHERE flo_cpf = '15502290875')), 201902, 2, 75, 75, 0, 0, 'Inscrição em evento: O Enfrentamento dos Fatores de Risco de Doenças Crônicas Não Transmissíveis', 15, '2019-02-05', '2019-02-05', '2019-02-06', null, null, 0, null);
INSERT INTO cba_cobranca (cba_situacao, cba_valor, cba_data_cadastro, cba_data_vencimento, cba_tipo_remessa, psa_id, cba_data_limite_recebimento, cba_motivo_cancelamento, cba_data_cancelamento)
VALUES (3, 75, '2019-02-04 14:12', '2019-02-05', 99, (SELECT psa_id FROM psa_pessoa WHERE psa_cli_id = (SELECT flo_id FROM flo_filiado WHERE flo_cpf = '15502290875')), '2019-02-06', null, null);
INSERT INTO dvo_divida_cobranca (dva_id, cba_id) VALUES ((SELECT max(dva_id) FROM dva_divida), (SELECT max(cba_id) FROM cba_cobranca));
INSERT INTO cbn_cobranca_evento_sindicato (cbn_descricao, prve_id, eve_id, evo_id, dva_id) VALUES ('Inscrição em evento', 5, 12007, 5, (SELECT max(dva_id) FROM dva_divida));
INSERT INTO pgo_pagamento (cba_id, psa_id, pgo_valor, pgo_situacao, pgo_data_pagamento, pgo_data_credito) VALUES ((SELECT max(cba_id) FROM cba_cobranca), (SELECT psa_id FROM psa_pessoa WHERE psa_cli_id = (SELECT flo_id FROM flo_filiado WHERE flo_cpf = '15502290875')), 75, 1, '2019-02-04', '2019-02-04');
INSERT INTO pga_pagamento_divida (dva_id, pgo_id, pga_valor) VALUES ((SELECT max(dva_id) FROM dva_divida), (SELECT max(pgo_id) FROM pgo_pagamento), 75);

INSERT INTO eve_evento_sindicato_participante (eve_id, evo_id, flo_id, eve_nome, eve_participante_telefone, eve_participante_email, eve_cpf, flo_id_responsavel, eve_presenca_confirmada, eve_data_deletado, eve_deletado)
VALUES (10835, 5, (SELECT flo_id FROM flo_filiado WHERE flo_cpf = '36791994819'), 'Nancy Vieira', '11961128230', 'nancy@unnimax.com.br', '36791994819', (SELECT flo_id FROM flo_filiado WHERE flo_nome = 'Unnimax Consultoria E Gestão de Benefícios S/s Ltda'), 1, null, 2);
INSERT INTO dva_divida (psa_id_pagador, psa_id_destinatario, cmi_id, dvu_id, dva_valor, dva_valor_pago, dva_valor_acrescimo, dva_valor_desconto, dva_descricao, dvp_id, dva_data_vencimento_atual, dva_data_vencimento_inicial, dva_data_inicio_cobranca_mora, dva_data_cancelamento, dva_motivo_cancelamento, dva_cancelada, dva_tipo_cancelamento)
VALUES ((SELECT psa_id FROM psa_pessoa WHERE psa_cli_id = (SELECT flo_id FROM flo_filiado WHERE flo_cpf = '36791994819')), (SELECT psa_id FROM psa_pessoa WHERE psa_cli_id = (SELECT flo_id FROM flo_filiado WHERE flo_cpf = '36791994819')), 201901, 2, 75, 75, 0, 0, 'Inscrição em evento: O Enfrentamento dos Fatores de Risco de Doenças Crônicas Não Transmissíveis', 15, '2019-01-23', '2019-01-23', '2019-01-24', null, null, 0, null);
INSERT INTO cba_cobranca (cba_situacao, cba_valor, cba_data_cadastro, cba_data_vencimento, cba_tipo_remessa, psa_id, cba_data_limite_recebimento, cba_motivo_cancelamento, cba_data_cancelamento)
VALUES (3, 75, '2019-01-22 08:48', '2019-01-23', 99, (SELECT psa_id FROM psa_pessoa WHERE psa_cli_id = (SELECT flo_id FROM flo_filiado WHERE flo_cpf = '36791994819')), '2019-01-24', null, null);
INSERT INTO dvo_divida_cobranca (dva_id, cba_id) VALUES ((SELECT max(dva_id) FROM dva_divida), (SELECT max(cba_id) FROM cba_cobranca));
INSERT INTO cbn_cobranca_evento_sindicato (cbn_descricao, prve_id, eve_id, evo_id, dva_id) VALUES ('Inscrição em evento', 5, 10835, 5, (SELECT max(dva_id) FROM dva_divida));
INSERT INTO pgo_pagamento (cba_id, psa_id, pgo_valor, pgo_situacao, pgo_data_pagamento, pgo_data_credito) VALUES ((SELECT max(cba_id) FROM cba_cobranca), (SELECT psa_id FROM psa_pessoa WHERE psa_cli_id = (SELECT flo_id FROM flo_filiado WHERE flo_cpf = '36791994819')), 75, 1, '2019-01-22', '2019-01-22');
INSERT INTO pga_pagamento_divida (dva_id, pgo_id, pga_valor) VALUES ((SELECT max(dva_id) FROM dva_divida), (SELECT max(pgo_id) FROM pgo_pagamento), 75);

INSERT INTO eve_evento_sindicato_participante (eve_id, evo_id, flo_id, eve_nome, eve_participante_telefone, eve_participante_email, eve_cpf, flo_id_responsavel, eve_presenca_confirmada, eve_data_deletado, eve_deletado)
VALUES (11582, 5, (SELECT flo_id FROM flo_filiado WHERE flo_cpf = '41909574880'), 'Natalia Coutinho', '1131063756', 'natalia.coutinho@vitalwork.com.br', '41909574880', (SELECT flo_id FROM flo_filiado WHERE flo_nome = 'Vital Work'), 1, null, 2);
INSERT INTO dva_divida (psa_id_pagador, psa_id_destinatario, cmi_id, dvu_id, dva_valor, dva_valor_pago, dva_valor_acrescimo, dva_valor_desconto, dva_descricao, dvp_id, dva_data_vencimento_atual, dva_data_vencimento_inicial, dva_data_inicio_cobranca_mora, dva_data_cancelamento, dva_motivo_cancelamento, dva_cancelada, dva_tipo_cancelamento)
VALUES ((SELECT psa_id FROM psa_pessoa WHERE psa_cli_id = (SELECT flo_id FROM flo_filiado WHERE flo_cpf = '41909574880')), (SELECT psa_id FROM psa_pessoa WHERE psa_cli_id = (SELECT flo_id FROM flo_filiado WHERE flo_cpf = '41909574880')), 201901, 2, 75, 75, 0, 0, 'Inscrição em evento: O Enfrentamento dos Fatores de Risco de Doenças Crônicas Não Transmissíveis', 15, '2019-01-30', '2019-01-30', '2019-01-31', null, null, 0, null);
INSERT INTO cba_cobranca (cba_situacao, cba_valor, cba_data_cadastro, cba_data_vencimento, cba_tipo_remessa, psa_id, cba_data_limite_recebimento, cba_motivo_cancelamento, cba_data_cancelamento)
VALUES (3, 75, '2019-01-29 09:12', '2019-01-30', 99, (SELECT psa_id FROM psa_pessoa WHERE psa_cli_id = (SELECT flo_id FROM flo_filiado WHERE flo_cpf = '41909574880')), '2019-01-31', null, null);
INSERT INTO dvo_divida_cobranca (dva_id, cba_id) VALUES ((SELECT max(dva_id) FROM dva_divida), (SELECT max(cba_id) FROM cba_cobranca));
INSERT INTO cbn_cobranca_evento_sindicato (cbn_descricao, prve_id, eve_id, evo_id, dva_id) VALUES ('Inscrição em evento', 5, 11582, 5, (SELECT max(dva_id) FROM dva_divida));
INSERT INTO pgo_pagamento (cba_id, psa_id, pgo_valor, pgo_situacao, pgo_data_pagamento, pgo_data_credito) VALUES ((SELECT max(cba_id) FROM cba_cobranca), (SELECT psa_id FROM psa_pessoa WHERE psa_cli_id = (SELECT flo_id FROM flo_filiado WHERE flo_cpf = '41909574880')), 75, 1, '2019-01-29', '2019-01-29');
INSERT INTO pga_pagamento_divida (dva_id, pgo_id, pga_valor) VALUES ((SELECT max(dva_id) FROM dva_divida), (SELECT max(pgo_id) FROM pgo_pagamento), 75);

INSERT INTO eve_evento_sindicato_participante (eve_id, evo_id, flo_id, eve_nome, eve_participante_telefone, eve_participante_email, eve_cpf, flo_id_responsavel, eve_presenca_confirmada, eve_data_deletado, eve_deletado)
VALUES (11048, 5, (SELECT flo_id FROM flo_filiado WHERE flo_cpf = '69157596891'), 'Nelson de Souza Guedes', '11984013637', 'nelson@educathus.com.br', '69157596891', (SELECT flo_id FROM flo_filiado WHERE flo_nome = 'Educathus Desenvolvimento Humano Ltda - ME'), 1, null, 2);
INSERT INTO dva_divida (psa_id_pagador, psa_id_destinatario, cmi_id, dvu_id, dva_valor, dva_valor_pago, dva_valor_acrescimo, dva_valor_desconto, dva_descricao, dvp_id, dva_data_vencimento_atual, dva_data_vencimento_inicial, dva_data_inicio_cobranca_mora, dva_data_cancelamento, dva_motivo_cancelamento, dva_cancelada, dva_tipo_cancelamento)
VALUES ((SELECT psa_id FROM psa_pessoa WHERE psa_cli_id = (SELECT flo_id FROM flo_filiado WHERE flo_cpf = '69157596891')), (SELECT psa_id FROM psa_pessoa WHERE psa_cli_id = (SELECT flo_id FROM flo_filiado WHERE flo_cpf = '69157596891')), 201901, 2, 75, 75, 0, 0, 'Inscrição em evento: O Enfrentamento dos Fatores de Risco de Doenças Crônicas Não Transmissíveis', 15, '2019-01-25', '2019-01-25', '2019-01-26', null, null, 0, null);
INSERT INTO cba_cobranca (cba_situacao, cba_valor, cba_data_cadastro, cba_data_vencimento, cba_tipo_remessa, psa_id, cba_data_limite_recebimento, cba_motivo_cancelamento, cba_data_cancelamento)
VALUES (3, 75, '2019-01-24 09:38', '2019-01-25', 99, (SELECT psa_id FROM psa_pessoa WHERE psa_cli_id = (SELECT flo_id FROM flo_filiado WHERE flo_cpf = '69157596891')), '2019-01-26', null, null);
INSERT INTO dvo_divida_cobranca (dva_id, cba_id) VALUES ((SELECT max(dva_id) FROM dva_divida), (SELECT max(cba_id) FROM cba_cobranca));
INSERT INTO cbn_cobranca_evento_sindicato (cbn_descricao, prve_id, eve_id, evo_id, dva_id) VALUES ('Inscrição em evento', 5, 11048, 5, (SELECT max(dva_id) FROM dva_divida));
INSERT INTO pgo_pagamento (cba_id, psa_id, pgo_valor, pgo_situacao, pgo_data_pagamento, pgo_data_credito) VALUES ((SELECT max(cba_id) FROM cba_cobranca), (SELECT psa_id FROM psa_pessoa WHERE psa_cli_id = (SELECT flo_id FROM flo_filiado WHERE flo_cpf = '69157596891')), 75, 1, '2019-01-24', '2019-01-24');
INSERT INTO pga_pagamento_divida (dva_id, pgo_id, pga_valor) VALUES ((SELECT max(dva_id) FROM dva_divida), (SELECT max(pgo_id) FROM pgo_pagamento), 75);

INSERT INTO eve_evento_sindicato_participante (eve_id, evo_id, flo_id, eve_nome, eve_participante_telefone, eve_participante_email, eve_cpf, flo_id_responsavel, eve_presenca_confirmada, eve_data_deletado, eve_deletado)
VALUES (12027, 5, (SELECT flo_id FROM flo_filiado WHERE flo_cpf = '84257636572'), 'Nicolas Gounin', '11961754358', 'nicolas@gounin.net', '84257636572', null, 1, null, 2);
INSERT INTO dva_divida (psa_id_pagador, psa_id_destinatario, cmi_id, dvu_id, dva_valor, dva_valor_pago, dva_valor_acrescimo, dva_valor_desconto, dva_descricao, dvp_id, dva_data_vencimento_atual, dva_data_vencimento_inicial, dva_data_inicio_cobranca_mora, dva_data_cancelamento, dva_motivo_cancelamento, dva_cancelada, dva_tipo_cancelamento)
VALUES ((SELECT psa_id FROM psa_pessoa WHERE psa_cli_id = (SELECT flo_id FROM flo_filiado WHERE flo_cpf = '84257636572')), (SELECT psa_id FROM psa_pessoa WHERE psa_cli_id = (SELECT flo_id FROM flo_filiado WHERE flo_cpf = '84257636572')), 201902, 2, 75, 0, 0, 75, 'Inscrição em evento: O Enfrentamento dos Fatores de Risco de Doenças Crônicas Não Transmissíveis', 15, '2019-02-05', '2019-02-05', '2019-02-06', null, null, 0, null);
INSERT INTO cba_cobranca (cba_situacao, cba_valor, cba_data_cadastro, cba_data_vencimento, cba_tipo_remessa, psa_id, cba_data_limite_recebimento, cba_motivo_cancelamento, cba_data_cancelamento)
VALUES (4, 75, '2019-02-04 16:55', '2019-02-05', 99, (SELECT psa_id FROM psa_pessoa WHERE psa_cli_id = (SELECT flo_id FROM flo_filiado WHERE flo_cpf = '84257636572')), '2019-02-06', 'Concessão de isenção', '2019-02-04');
INSERT INTO dvo_divida_cobranca (dva_id, cba_id) VALUES ((SELECT max(dva_id) FROM dva_divida), (SELECT max(cba_id) FROM cba_cobranca));
INSERT INTO dvt_divida_desconto (dva_id, dvt_valor, dvt_descricao, dvt_data_cadastro) VALUES ((SELECT max(dva_id) FROM dva_divida), 75, 'Concessão de isenção', '2019-02-04');
INSERT INTO cbn_cobranca_evento_sindicato (cbn_descricao, prve_id, eve_id, evo_id, dva_id) VALUES ('Inscrição em evento', 5, 12027, 5, (SELECT max(dva_id) FROM dva_divida));

INSERT INTO eve_evento_sindicato_participante (eve_id, evo_id, flo_id, eve_nome, eve_participante_telefone, eve_participante_email, eve_cpf, flo_id_responsavel, eve_presenca_confirmada, eve_data_deletado, eve_deletado)
VALUES (10510, 5, (SELECT flo_id FROM flo_filiado WHERE flo_cpf = '32195131829'), 'Paloma Bimbati Costa', '1145256194', 'paloma.costa@jdecoffee.com', '32195131829', 169483, 1, null, 2);
INSERT INTO dva_divida (psa_id_pagador, psa_id_destinatario, cmi_id, dvu_id, dva_valor, dva_valor_pago, dva_valor_acrescimo, dva_valor_desconto, dva_descricao, dvp_id, dva_data_vencimento_atual, dva_data_vencimento_inicial, dva_data_inicio_cobranca_mora, dva_data_cancelamento, dva_motivo_cancelamento, dva_cancelada, dva_tipo_cancelamento)
VALUES ((SELECT psa_id FROM psa_pessoa WHERE psa_cli_id = (SELECT flo_id FROM flo_filiado WHERE flo_cpf = '32195131829')), (SELECT psa_id FROM psa_pessoa WHERE psa_cli_id = (SELECT flo_id FROM flo_filiado WHERE flo_cpf = '32195131829')), 201901, 2, 75, 75, 0, 0, 'Inscrição em evento: O Enfrentamento dos Fatores de Risco de Doenças Crônicas Não Transmissíveis', 15, '2019-01-18', '2019-01-18', '2019-01-19', null, null, 0, null);
INSERT INTO cba_cobranca (cba_situacao, cba_valor, cba_data_cadastro, cba_data_vencimento, cba_tipo_remessa, psa_id, cba_data_limite_recebimento, cba_motivo_cancelamento, cba_data_cancelamento)
VALUES (3, 75, '2019-01-17 15:46', '2019-01-18', 99, (SELECT psa_id FROM psa_pessoa WHERE psa_cli_id = (SELECT flo_id FROM flo_filiado WHERE flo_cpf = '32195131829')), '2019-01-19', null, null);
INSERT INTO dvo_divida_cobranca (dva_id, cba_id) VALUES ((SELECT max(dva_id) FROM dva_divida), (SELECT max(cba_id) FROM cba_cobranca));
INSERT INTO cbn_cobranca_evento_sindicato (cbn_descricao, prve_id, eve_id, evo_id, dva_id) VALUES ('Inscrição em evento', 5, 10510, 5, (SELECT max(dva_id) FROM dva_divida));
INSERT INTO pgo_pagamento (cba_id, psa_id, pgo_valor, pgo_situacao, pgo_data_pagamento, pgo_data_credito) VALUES ((SELECT max(cba_id) FROM cba_cobranca), (SELECT psa_id FROM psa_pessoa WHERE psa_cli_id = (SELECT flo_id FROM flo_filiado WHERE flo_cpf = '32195131829')), 75, 1, '2019-01-17', '2019-01-17');
INSERT INTO pga_pagamento_divida (dva_id, pgo_id, pga_valor) VALUES ((SELECT max(dva_id) FROM dva_divida), (SELECT max(pgo_id) FROM pgo_pagamento), 75);

INSERT INTO eve_evento_sindicato_participante (eve_id, evo_id, flo_id, eve_nome, eve_participante_telefone, eve_participante_email, eve_cpf, flo_id_responsavel, eve_presenca_confirmada, eve_data_deletado, eve_deletado)
VALUES (11866, 5, (SELECT flo_id FROM flo_filiado WHERE flo_cpf = '35115896818'), 'Patricia Mariana Cocuzza', '11996101533', 'patricia.pereira@dorconsultoria.com.br', '35115896818', null, 1, null, 2);
INSERT INTO dva_divida (psa_id_pagador, psa_id_destinatario, cmi_id, dvu_id, dva_valor, dva_valor_pago, dva_valor_acrescimo, dva_valor_desconto, dva_descricao, dvp_id, dva_data_vencimento_atual, dva_data_vencimento_inicial, dva_data_inicio_cobranca_mora, dva_data_cancelamento, dva_motivo_cancelamento, dva_cancelada, dva_tipo_cancelamento)
VALUES ((SELECT psa_id FROM psa_pessoa WHERE psa_cli_id = (SELECT flo_id FROM flo_filiado WHERE flo_cpf = '35115896818')), (SELECT psa_id FROM psa_pessoa WHERE psa_cli_id = (SELECT flo_id FROM flo_filiado WHERE flo_cpf = '35115896818')), 201902, 2, 75, 0, 0, 75, 'Inscrição em evento: O Enfrentamento dos Fatores de Risco de Doenças Crônicas Não Transmissíveis', 15, '2019-02-02', '2019-02-02', '2019-02-03', null, null, 0, null);
INSERT INTO cba_cobranca (cba_situacao, cba_valor, cba_data_cadastro, cba_data_vencimento, cba_tipo_remessa, psa_id, cba_data_limite_recebimento, cba_motivo_cancelamento, cba_data_cancelamento)
VALUES (4, 75, '2019-02-01 10:00', '2019-02-02', 99, (SELECT psa_id FROM psa_pessoa WHERE psa_cli_id = (SELECT flo_id FROM flo_filiado WHERE flo_cpf = '35115896818')), '2019-02-03', 'Concessão de isenção', '2019-02-04');
INSERT INTO dvo_divida_cobranca (dva_id, cba_id) VALUES ((SELECT max(dva_id) FROM dva_divida), (SELECT max(cba_id) FROM cba_cobranca));
INSERT INTO dvt_divida_desconto (dva_id, dvt_valor, dvt_descricao, dvt_data_cadastro) VALUES ((SELECT max(dva_id) FROM dva_divida), 75, 'Concessão de isenção', '2019-02-04');
INSERT INTO cbn_cobranca_evento_sindicato (cbn_descricao, prve_id, eve_id, evo_id, dva_id) VALUES ('Inscrição em evento', 5, 11866, 5, (SELECT max(dva_id) FROM dva_divida));

INSERT INTO eve_evento_sindicato_participante (eve_id, evo_id, flo_id, eve_nome, eve_participante_telefone, eve_participante_email, eve_cpf, flo_id_responsavel, eve_presenca_confirmada, eve_data_deletado, eve_deletado)
VALUES (11701, 5, (SELECT flo_id FROM flo_filiado WHERE flo_cpf = '01923091530'), 'Paula Tamara de Lima', '1131467106', 'paula.lima@sesisp.org.br', '01923091530', null, 1, null, 2);
INSERT INTO dva_divida (psa_id_pagador, psa_id_destinatario, cmi_id, dvu_id, dva_valor, dva_valor_pago, dva_valor_acrescimo, dva_valor_desconto, dva_descricao, dvp_id, dva_data_vencimento_atual, dva_data_vencimento_inicial, dva_data_inicio_cobranca_mora, dva_data_cancelamento, dva_motivo_cancelamento, dva_cancelada, dva_tipo_cancelamento)
VALUES ((SELECT psa_id FROM psa_pessoa WHERE psa_cli_id = (SELECT flo_id FROM flo_filiado WHERE flo_cpf = '01923091530')), (SELECT psa_id FROM psa_pessoa WHERE psa_cli_id = (SELECT flo_id FROM flo_filiado WHERE flo_cpf = '01923091530')), 201901, 2, 75, 0, 0, 75, 'Inscrição em evento: O Enfrentamento dos Fatores de Risco de Doenças Crônicas Não Transmissíveis', 15, '2019-01-31', '2019-01-31', '2019-02-01', null, null, 0, null);
INSERT INTO cba_cobranca (cba_situacao, cba_valor, cba_data_cadastro, cba_data_vencimento, cba_tipo_remessa, psa_id, cba_data_limite_recebimento, cba_motivo_cancelamento, cba_data_cancelamento)
VALUES (4, 75, '2019-01-30 10:11', '2019-01-31', 99, (SELECT psa_id FROM psa_pessoa WHERE psa_cli_id = (SELECT flo_id FROM flo_filiado WHERE flo_cpf = '01923091530')), '2019-02-01', 'Concessão de isenção', '2019-01-30');
INSERT INTO dvo_divida_cobranca (dva_id, cba_id) VALUES ((SELECT max(dva_id) FROM dva_divida), (SELECT max(cba_id) FROM cba_cobranca));
INSERT INTO dvt_divida_desconto (dva_id, dvt_valor, dvt_descricao, dvt_data_cadastro) VALUES ((SELECT max(dva_id) FROM dva_divida), 75, 'Concessão de isenção', '2019-01-30');
INSERT INTO cbn_cobranca_evento_sindicato (cbn_descricao, prve_id, eve_id, evo_id, dva_id) VALUES ('Inscrição em evento', 5, 11701, 5, (SELECT max(dva_id) FROM dva_divida));

INSERT INTO eve_evento_sindicato_participante (eve_id, evo_id, flo_id, eve_nome, eve_participante_telefone, eve_participante_email, eve_cpf, flo_id_responsavel, eve_presenca_confirmada, eve_data_deletado, eve_deletado)
VALUES (10559, 5, (SELECT flo_id FROM flo_filiado WHERE flo_cpf = '31507811837'), 'Priscila Hasan', '1138829221', 'priscila.hasan@e-prosaude.com.br', '31507811837', 169879, 1, null, 2);
INSERT INTO dva_divida (psa_id_pagador, psa_id_destinatario, cmi_id, dvu_id, dva_valor, dva_valor_pago, dva_valor_acrescimo, dva_valor_desconto, dva_descricao, dvp_id, dva_data_vencimento_atual, dva_data_vencimento_inicial, dva_data_inicio_cobranca_mora, dva_data_cancelamento, dva_motivo_cancelamento, dva_cancelada, dva_tipo_cancelamento)
VALUES ((SELECT psa_id FROM psa_pessoa WHERE psa_cli_id = (SELECT flo_id FROM flo_filiado WHERE flo_cpf = '31507811837')), (SELECT psa_id FROM psa_pessoa WHERE psa_cli_id = (SELECT flo_id FROM flo_filiado WHERE flo_cpf = '31507811837')), 201901, 2, 75, 75, 0, 0, 'Inscrição em evento: O Enfrentamento dos Fatores de Risco de Doenças Crônicas Não Transmissíveis', 15, '2019-01-19', '2019-01-19', '2019-01-20', null, null, 0, null);
INSERT INTO cba_cobranca (cba_situacao, cba_valor, cba_data_cadastro, cba_data_vencimento, cba_tipo_remessa, psa_id, cba_data_limite_recebimento, cba_motivo_cancelamento, cba_data_cancelamento)
VALUES (3, 75, '2019-01-18 10:27', '2019-01-19', 99, (SELECT psa_id FROM psa_pessoa WHERE psa_cli_id = (SELECT flo_id FROM flo_filiado WHERE flo_cpf = '31507811837')), '2019-01-20', null, null);
INSERT INTO dvo_divida_cobranca (dva_id, cba_id) VALUES ((SELECT max(dva_id) FROM dva_divida), (SELECT max(cba_id) FROM cba_cobranca));
INSERT INTO cbn_cobranca_evento_sindicato (cbn_descricao, prve_id, eve_id, evo_id, dva_id) VALUES ('Inscrição em evento', 5, 10559, 5, (SELECT max(dva_id) FROM dva_divida));
INSERT INTO pgo_pagamento (cba_id, psa_id, pgo_valor, pgo_situacao, pgo_data_pagamento, pgo_data_credito) VALUES ((SELECT max(cba_id) FROM cba_cobranca), (SELECT psa_id FROM psa_pessoa WHERE psa_cli_id = (SELECT flo_id FROM flo_filiado WHERE flo_cpf = '31507811837')), 75, 1, '2019-01-18', '2019-01-18');
INSERT INTO pga_pagamento_divida (dva_id, pgo_id, pga_valor) VALUES ((SELECT max(dva_id) FROM dva_divida), (SELECT max(pgo_id) FROM pgo_pagamento), 75);

INSERT INTO eve_evento_sindicato_participante (eve_id, evo_id, flo_id, eve_nome, eve_participante_telefone, eve_participante_email, eve_cpf, flo_id_responsavel, eve_presenca_confirmada, eve_data_deletado, eve_deletado)
VALUES (11131, 5, (SELECT flo_id FROM flo_filiado WHERE flo_cpf = '30139517880'), 'Renata Alter', '11997752450', 're_alter@yahoo.com.br', '30139517880', null, 1, null, 2);
INSERT INTO dva_divida (psa_id_pagador, psa_id_destinatario, cmi_id, dvu_id, dva_valor, dva_valor_pago, dva_valor_acrescimo, dva_valor_desconto, dva_descricao, dvp_id, dva_data_vencimento_atual, dva_data_vencimento_inicial, dva_data_inicio_cobranca_mora, dva_data_cancelamento, dva_motivo_cancelamento, dva_cancelada, dva_tipo_cancelamento)
VALUES ((SELECT psa_id FROM psa_pessoa WHERE psa_cli_id = (SELECT flo_id FROM flo_filiado WHERE flo_cpf = '30139517880')), (SELECT psa_id FROM psa_pessoa WHERE psa_cli_id = (SELECT flo_id FROM flo_filiado WHERE flo_cpf = '30139517880')), 201901, 2, 75, 75, 0, 0, 'Inscrição em evento: O Enfrentamento dos Fatores de Risco de Doenças Crônicas Não Transmissíveis', 15, '2019-01-25', '2019-01-25', '2019-01-26', null, null, 0, null);
INSERT INTO cba_cobranca (cba_situacao, cba_valor, cba_data_cadastro, cba_data_vencimento, cba_tipo_remessa, psa_id, cba_data_limite_recebimento, cba_motivo_cancelamento, cba_data_cancelamento)
VALUES (3, 75, '2019-01-24 20:04', '2019-01-25', 99, (SELECT psa_id FROM psa_pessoa WHERE psa_cli_id = (SELECT flo_id FROM flo_filiado WHERE flo_cpf = '30139517880')), '2019-01-26', null, null);
INSERT INTO dvo_divida_cobranca (dva_id, cba_id) VALUES ((SELECT max(dva_id) FROM dva_divida), (SELECT max(cba_id) FROM cba_cobranca));
INSERT INTO cbn_cobranca_evento_sindicato (cbn_descricao, prve_id, eve_id, evo_id, dva_id) VALUES ('Inscrição em evento', 5, 11131, 5, (SELECT max(dva_id) FROM dva_divida));
INSERT INTO pgo_pagamento (cba_id, psa_id, pgo_valor, pgo_situacao, pgo_data_pagamento, pgo_data_credito) VALUES ((SELECT max(cba_id) FROM cba_cobranca), (SELECT psa_id FROM psa_pessoa WHERE psa_cli_id = (SELECT flo_id FROM flo_filiado WHERE flo_cpf = '30139517880')), 75, 1, '2019-01-28', '2019-01-28');
INSERT INTO pga_pagamento_divida (dva_id, pgo_id, pga_valor) VALUES ((SELECT max(dva_id) FROM dva_divida), (SELECT max(pgo_id) FROM pgo_pagamento), 75);

INSERT INTO eve_evento_sindicato_participante (eve_id, evo_id, flo_id, eve_nome, eve_participante_telefone, eve_participante_email, eve_cpf, flo_id_responsavel, eve_presenca_confirmada, eve_data_deletado, eve_deletado)
VALUES (10801, 5, (SELECT flo_id FROM flo_filiado WHERE flo_cpf = '65842332191'), 'Rita Girão Guimarães', '6133228208', 'sinaldf@sinal.org.br', '65842332191', (SELECT flo_id FROM flo_filiado WHERE flo_nome = 'Sindicato Nacional dos Funcionários do Banco Central - Sinal'), 1, null, 2);
INSERT INTO dva_divida (psa_id_pagador, psa_id_destinatario, cmi_id, dvu_id, dva_valor, dva_valor_pago, dva_valor_acrescimo, dva_valor_desconto, dva_descricao, dvp_id, dva_data_vencimento_atual, dva_data_vencimento_inicial, dva_data_inicio_cobranca_mora, dva_data_cancelamento, dva_motivo_cancelamento, dva_cancelada, dva_tipo_cancelamento)
VALUES ((SELECT psa_id FROM psa_pessoa WHERE psa_cli_id = (SELECT flo_id FROM flo_filiado WHERE flo_cpf = '65842332191')), (SELECT psa_id FROM psa_pessoa WHERE psa_cli_id = (SELECT flo_id FROM flo_filiado WHERE flo_cpf = '65842332191')), 201901, 2, 75, 75, 0, 0, 'Inscrição em evento: O Enfrentamento dos Fatores de Risco de Doenças Crônicas Não Transmissíveis', 15, '2019-01-22', '2019-01-22', '2019-01-23', null, null, 0, null);
INSERT INTO cba_cobranca (cba_situacao, cba_valor, cba_data_cadastro, cba_data_vencimento, cba_tipo_remessa, psa_id, cba_data_limite_recebimento, cba_motivo_cancelamento, cba_data_cancelamento)
VALUES (3, 75, '2019-01-21 15:41', '2019-01-22', 99, (SELECT psa_id FROM psa_pessoa WHERE psa_cli_id = (SELECT flo_id FROM flo_filiado WHERE flo_cpf = '65842332191')), '2019-01-23', null, null);
INSERT INTO dvo_divida_cobranca (dva_id, cba_id) VALUES ((SELECT max(dva_id) FROM dva_divida), (SELECT max(cba_id) FROM cba_cobranca));
INSERT INTO cbn_cobranca_evento_sindicato (cbn_descricao, prve_id, eve_id, evo_id, dva_id) VALUES ('Inscrição em evento', 5, 10801, 5, (SELECT max(dva_id) FROM dva_divida));
INSERT INTO pgo_pagamento (cba_id, psa_id, pgo_valor, pgo_situacao, pgo_data_pagamento, pgo_data_credito) VALUES ((SELECT max(cba_id) FROM cba_cobranca), (SELECT psa_id FROM psa_pessoa WHERE psa_cli_id = (SELECT flo_id FROM flo_filiado WHERE flo_cpf = '65842332191')), 75, 1, '2019-01-21', '2019-01-21');
INSERT INTO pga_pagamento_divida (dva_id, pgo_id, pga_valor) VALUES ((SELECT max(dva_id) FROM dva_divida), (SELECT max(pgo_id) FROM pgo_pagamento), 75);

INSERT INTO eve_evento_sindicato_participante (eve_id, evo_id, flo_id, eve_nome, eve_participante_telefone, eve_participante_email, eve_cpf, flo_id_responsavel, eve_presenca_confirmada, eve_data_deletado, eve_deletado)
VALUES (10634, 5, (SELECT flo_id FROM flo_filiado WHERE flo_cpf = '33011759880'), 'Rodrigo Cadima Corradi', '11941611100', 'rocadima@hotmail.com', '33011759880', null, 1, null, 2);
INSERT INTO dva_divida (psa_id_pagador, psa_id_destinatario, cmi_id, dvu_id, dva_valor, dva_valor_pago, dva_valor_acrescimo, dva_valor_desconto, dva_descricao, dvp_id, dva_data_vencimento_atual, dva_data_vencimento_inicial, dva_data_inicio_cobranca_mora, dva_data_cancelamento, dva_motivo_cancelamento, dva_cancelada, dva_tipo_cancelamento)
VALUES ((SELECT psa_id FROM psa_pessoa WHERE psa_cli_id = (SELECT flo_id FROM flo_filiado WHERE flo_cpf = '33011759880')), (SELECT psa_id FROM psa_pessoa WHERE psa_cli_id = (SELECT flo_id FROM flo_filiado WHERE flo_cpf = '33011759880')), 201901, 2, 75, 75, 0, 0, 'Inscrição em evento: O Enfrentamento dos Fatores de Risco de Doenças Crônicas Não Transmissíveis', 15, '2019-01-19', '2019-01-19', '2019-01-20', null, null, 0, null);
INSERT INTO cba_cobranca (cba_situacao, cba_valor, cba_data_cadastro, cba_data_vencimento, cba_tipo_remessa, psa_id, cba_data_limite_recebimento, cba_motivo_cancelamento, cba_data_cancelamento)
VALUES (3, 75, '2019-01-18 15:05', '2019-01-19', 99, (SELECT psa_id FROM psa_pessoa WHERE psa_cli_id = (SELECT flo_id FROM flo_filiado WHERE flo_cpf = '33011759880')), '2019-01-20', null, null);
INSERT INTO dvo_divida_cobranca (dva_id, cba_id) VALUES ((SELECT max(dva_id) FROM dva_divida), (SELECT max(cba_id) FROM cba_cobranca));
INSERT INTO cbn_cobranca_evento_sindicato (cbn_descricao, prve_id, eve_id, evo_id, dva_id) VALUES ('Inscrição em evento', 5, 10634, 5, (SELECT max(dva_id) FROM dva_divida));
INSERT INTO pgo_pagamento (cba_id, psa_id, pgo_valor, pgo_situacao, pgo_data_pagamento, pgo_data_credito) VALUES ((SELECT max(cba_id) FROM cba_cobranca), (SELECT psa_id FROM psa_pessoa WHERE psa_cli_id = (SELECT flo_id FROM flo_filiado WHERE flo_cpf = '33011759880')), 75, 1, '2019-01-18', '2019-01-18');
INSERT INTO pga_pagamento_divida (dva_id, pgo_id, pga_valor) VALUES ((SELECT max(dva_id) FROM dva_divida), (SELECT max(pgo_id) FROM pgo_pagamento), 75);

INSERT INTO eve_evento_sindicato_participante (eve_id, evo_id, flo_id, eve_nome, eve_participante_telefone, eve_participante_email, eve_cpf, flo_id_responsavel, eve_presenca_confirmada, eve_data_deletado, eve_deletado)
VALUES (10757, 5, (SELECT flo_id FROM flo_filiado WHERE flo_cpf = '31127675869'), 'Rodrigo Freitas', '11999062646', 'rodrigo@syligo.com', '31127675869', (SELECT flo_id FROM flo_filiado WHERE flo_nome = 'Syligo'), 1, null, 2);
INSERT INTO dva_divida (psa_id_pagador, psa_id_destinatario, cmi_id, dvu_id, dva_valor, dva_valor_pago, dva_valor_acrescimo, dva_valor_desconto, dva_descricao, dvp_id, dva_data_vencimento_atual, dva_data_vencimento_inicial, dva_data_inicio_cobranca_mora, dva_data_cancelamento, dva_motivo_cancelamento, dva_cancelada, dva_tipo_cancelamento)
VALUES ((SELECT psa_id FROM psa_pessoa WHERE psa_cli_id = (SELECT flo_id FROM flo_filiado WHERE flo_cpf = '31127675869')), (SELECT psa_id FROM psa_pessoa WHERE psa_cli_id = (SELECT flo_id FROM flo_filiado WHERE flo_cpf = '31127675869')), 201901, 2, 75, 75, 0, 0, 'Inscrição em evento: O Enfrentamento dos Fatores de Risco de Doenças Crônicas Não Transmissíveis', 15, '2019-01-22', '2019-01-22', '2019-01-23', null, null, 0, null);
INSERT INTO cba_cobranca (cba_situacao, cba_valor, cba_data_cadastro, cba_data_vencimento, cba_tipo_remessa, psa_id, cba_data_limite_recebimento, cba_motivo_cancelamento, cba_data_cancelamento)
VALUES (3, 75, '2019-01-21 08:00', '2019-01-22', 99, (SELECT psa_id FROM psa_pessoa WHERE psa_cli_id = (SELECT flo_id FROM flo_filiado WHERE flo_cpf = '31127675869')), '2019-01-23', null, null);
INSERT INTO dvo_divida_cobranca (dva_id, cba_id) VALUES ((SELECT max(dva_id) FROM dva_divida), (SELECT max(cba_id) FROM cba_cobranca));
INSERT INTO cbn_cobranca_evento_sindicato (cbn_descricao, prve_id, eve_id, evo_id, dva_id) VALUES ('Inscrição em evento', 5, 10757, 5, (SELECT max(dva_id) FROM dva_divida));
INSERT INTO pgo_pagamento (cba_id, psa_id, pgo_valor, pgo_situacao, pgo_data_pagamento, pgo_data_credito) VALUES ((SELECT max(cba_id) FROM cba_cobranca), (SELECT psa_id FROM psa_pessoa WHERE psa_cli_id = (SELECT flo_id FROM flo_filiado WHERE flo_cpf = '31127675869')), 75, 1, '2019-01-21', '2019-01-21');
INSERT INTO pga_pagamento_divida (dva_id, pgo_id, pga_valor) VALUES ((SELECT max(dva_id) FROM dva_divida), (SELECT max(pgo_id) FROM pgo_pagamento), 75);

INSERT INTO eve_evento_sindicato_participante (eve_id, evo_id, flo_id, eve_nome, eve_participante_telefone, eve_participante_email, eve_cpf, flo_id_responsavel, eve_presenca_confirmada, eve_data_deletado, eve_deletado)
VALUES (10973, 5, (SELECT flo_id FROM flo_filiado WHERE flo_cpf = '16531520876'), 'Ronaldo Botura', '11999412275', 'botura@spiritco.com.br', '16531520876', null, 1, null, 2);
INSERT INTO dva_divida (psa_id_pagador, psa_id_destinatario, cmi_id, dvu_id, dva_valor, dva_valor_pago, dva_valor_acrescimo, dva_valor_desconto, dva_descricao, dvp_id, dva_data_vencimento_atual, dva_data_vencimento_inicial, dva_data_inicio_cobranca_mora, dva_data_cancelamento, dva_motivo_cancelamento, dva_cancelada, dva_tipo_cancelamento)
VALUES ((SELECT psa_id FROM psa_pessoa WHERE psa_cli_id = (SELECT flo_id FROM flo_filiado WHERE flo_cpf = '16531520876')), (SELECT psa_id FROM psa_pessoa WHERE psa_cli_id = (SELECT flo_id FROM flo_filiado WHERE flo_cpf = '16531520876')), 201901, 2, 75, 0, 0, 75, 'Inscrição em evento: O Enfrentamento dos Fatores de Risco de Doenças Crônicas Não Transmissíveis', 15, '2019-01-24', '2019-01-24', '2019-01-25', null, null, 0, null);
INSERT INTO cba_cobranca (cba_situacao, cba_valor, cba_data_cadastro, cba_data_vencimento, cba_tipo_remessa, psa_id, cba_data_limite_recebimento, cba_motivo_cancelamento, cba_data_cancelamento)
VALUES (4, 75, '2019-01-23 12:22', '2019-01-24', 99, (SELECT psa_id FROM psa_pessoa WHERE psa_cli_id = (SELECT flo_id FROM flo_filiado WHERE flo_cpf = '16531520876')), '2019-01-25', 'Concessão de isenção', '2019-01-31');
INSERT INTO dvo_divida_cobranca (dva_id, cba_id) VALUES ((SELECT max(dva_id) FROM dva_divida), (SELECT max(cba_id) FROM cba_cobranca));
INSERT INTO dvt_divida_desconto (dva_id, dvt_valor, dvt_descricao, dvt_data_cadastro) VALUES ((SELECT max(dva_id) FROM dva_divida), 75, 'Concessão de isenção', '2019-01-31');
INSERT INTO cbn_cobranca_evento_sindicato (cbn_descricao, prve_id, eve_id, evo_id, dva_id) VALUES ('Inscrição em evento', 5, 10973, 5, (SELECT max(dva_id) FROM dva_divida));

INSERT INTO eve_evento_sindicato_participante (eve_id, evo_id, flo_id, eve_nome, eve_participante_telefone, eve_participante_email, eve_cpf, flo_id_responsavel, eve_presenca_confirmada, eve_data_deletado, eve_deletado)
VALUES (10560, 5, (SELECT flo_id FROM flo_filiado WHERE flo_cpf = '29707788828'), 'Rosana Ribeiro Marques', '11947512476', 'rosana.silva@nitroquimica.com.br', '29707788828', (SELECT flo_id FROM flo_filiado WHERE flo_nome = 'Companhia Nitro Química Brasileira'), 1, null, 2);
INSERT INTO dva_divida (psa_id_pagador, psa_id_destinatario, cmi_id, dvu_id, dva_valor, dva_valor_pago, dva_valor_acrescimo, dva_valor_desconto, dva_descricao, dvp_id, dva_data_vencimento_atual, dva_data_vencimento_inicial, dva_data_inicio_cobranca_mora, dva_data_cancelamento, dva_motivo_cancelamento, dva_cancelada, dva_tipo_cancelamento)
VALUES ((SELECT psa_id FROM psa_pessoa WHERE psa_cli_id = (SELECT flo_id FROM flo_filiado WHERE flo_cpf = '29707788828')), (SELECT psa_id FROM psa_pessoa WHERE psa_cli_id = (SELECT flo_id FROM flo_filiado WHERE flo_cpf = '29707788828')), 201901, 2, 75, 75, 0, 0, 'Inscrição em evento: O Enfrentamento dos Fatores de Risco de Doenças Crônicas Não Transmissíveis', 15, '2019-01-19', '2019-01-19', '2019-01-20', null, null, 0, null);
INSERT INTO cba_cobranca (cba_situacao, cba_valor, cba_data_cadastro, cba_data_vencimento, cba_tipo_remessa, psa_id, cba_data_limite_recebimento, cba_motivo_cancelamento, cba_data_cancelamento)
VALUES (3, 75, '2019-01-18 10:30', '2019-01-19', 99, (SELECT psa_id FROM psa_pessoa WHERE psa_cli_id = (SELECT flo_id FROM flo_filiado WHERE flo_cpf = '29707788828')), '2019-01-20', null, null);
INSERT INTO dvo_divida_cobranca (dva_id, cba_id) VALUES ((SELECT max(dva_id) FROM dva_divida), (SELECT max(cba_id) FROM cba_cobranca));
INSERT INTO cbn_cobranca_evento_sindicato (cbn_descricao, prve_id, eve_id, evo_id, dva_id) VALUES ('Inscrição em evento', 5, 10560, 5, (SELECT max(dva_id) FROM dva_divida));
INSERT INTO pgo_pagamento (cba_id, psa_id, pgo_valor, pgo_situacao, pgo_data_pagamento, pgo_data_credito) VALUES ((SELECT max(cba_id) FROM cba_cobranca), (SELECT psa_id FROM psa_pessoa WHERE psa_cli_id = (SELECT flo_id FROM flo_filiado WHERE flo_cpf = '29707788828')), 75, 1, '2019-01-18', '2019-01-18');
INSERT INTO pga_pagamento_divida (dva_id, pgo_id, pga_valor) VALUES ((SELECT max(dva_id) FROM dva_divida), (SELECT max(pgo_id) FROM pgo_pagamento), 75);

INSERT INTO eve_evento_sindicato_participante (eve_id, evo_id, flo_id, eve_nome, eve_participante_telefone, eve_participante_email, eve_cpf, flo_id_responsavel, eve_presenca_confirmada, eve_data_deletado, eve_deletado)
VALUES (11761, 5, (SELECT flo_id FROM flo_filiado WHERE flo_cpf = '27404006830'), 'Rosangela Trentim Fernandes', '1141449730', 'rosangela.trentim@eurofarma.com.br', '27404006830', 207713, 1, null, 2);
INSERT INTO dva_divida (psa_id_pagador, psa_id_destinatario, cmi_id, dvu_id, dva_valor, dva_valor_pago, dva_valor_acrescimo, dva_valor_desconto, dva_descricao, dvp_id, dva_data_vencimento_atual, dva_data_vencimento_inicial, dva_data_inicio_cobranca_mora, dva_data_cancelamento, dva_motivo_cancelamento, dva_cancelada, dva_tipo_cancelamento)
VALUES ((SELECT psa_id FROM psa_pessoa WHERE psa_cli_id = (SELECT flo_id FROM flo_filiado WHERE flo_cpf = '27404006830')), (SELECT psa_id FROM psa_pessoa WHERE psa_cli_id = (SELECT flo_id FROM flo_filiado WHERE flo_cpf = '27404006830')), 201901, 2, 75, 0, 0, 75, 'Inscrição em evento: O Enfrentamento dos Fatores de Risco de Doenças Crônicas Não Transmissíveis', 15, '2019-02-01', '2019-02-01', '2019-02-02', null, null, 0, null);
INSERT INTO cba_cobranca (cba_situacao, cba_valor, cba_data_cadastro, cba_data_vencimento, cba_tipo_remessa, psa_id, cba_data_limite_recebimento, cba_motivo_cancelamento, cba_data_cancelamento)
VALUES (4, 75, '2019-01-31 09:17', '2019-02-01', 99, (SELECT psa_id FROM psa_pessoa WHERE psa_cli_id = (SELECT flo_id FROM flo_filiado WHERE flo_cpf = '27404006830')), '2019-02-02', 'Concessão de isenção', '2019-01-31');
INSERT INTO dvo_divida_cobranca (dva_id, cba_id) VALUES ((SELECT max(dva_id) FROM dva_divida), (SELECT max(cba_id) FROM cba_cobranca));
INSERT INTO dvt_divida_desconto (dva_id, dvt_valor, dvt_descricao, dvt_data_cadastro) VALUES ((SELECT max(dva_id) FROM dva_divida), 75, 'Concessão de isenção', '2019-01-31');
INSERT INTO cbn_cobranca_evento_sindicato (cbn_descricao, prve_id, eve_id, evo_id, dva_id) VALUES ('Inscrição em evento', 5, 11761, 5, (SELECT max(dva_id) FROM dva_divida));

INSERT INTO eve_evento_sindicato_participante (eve_id, evo_id, flo_id, eve_nome, eve_participante_telefone, eve_participante_email, eve_cpf, flo_id_responsavel, eve_presenca_confirmada, eve_data_deletado, eve_deletado)
VALUES (10805, 5, (SELECT flo_id FROM flo_filiado WHERE flo_cpf = '01436407800'), 'Sheila Dib', '11995713795', 'sheiladib@hotmail.com', '01436407800', null, 1, null, 2);
INSERT INTO dva_divida (psa_id_pagador, psa_id_destinatario, cmi_id, dvu_id, dva_valor, dva_valor_pago, dva_valor_acrescimo, dva_valor_desconto, dva_descricao, dvp_id, dva_data_vencimento_atual, dva_data_vencimento_inicial, dva_data_inicio_cobranca_mora, dva_data_cancelamento, dva_motivo_cancelamento, dva_cancelada, dva_tipo_cancelamento)
VALUES ((SELECT psa_id FROM psa_pessoa WHERE psa_cli_id = (SELECT flo_id FROM flo_filiado WHERE flo_cpf = '01436407800')), (SELECT psa_id FROM psa_pessoa WHERE psa_cli_id = (SELECT flo_id FROM flo_filiado WHERE flo_cpf = '01436407800')), 201901, 2, 75, 0, 0, 75, 'Inscrição em evento: O Enfrentamento dos Fatores de Risco de Doenças Crônicas Não Transmissíveis', 15, '2019-01-22', '2019-01-22', '2019-01-23', null, null, 0, null);
INSERT INTO cba_cobranca (cba_situacao, cba_valor, cba_data_cadastro, cba_data_vencimento, cba_tipo_remessa, psa_id, cba_data_limite_recebimento, cba_motivo_cancelamento, cba_data_cancelamento)
VALUES (4, 75, '2019-01-21 16:04', '2019-01-22', 99, (SELECT psa_id FROM psa_pessoa WHERE psa_cli_id = (SELECT flo_id FROM flo_filiado WHERE flo_cpf = '01436407800')), '2019-01-23', 'Concessão de isenção', '2019-01-21');
INSERT INTO dvo_divida_cobranca (dva_id, cba_id) VALUES ((SELECT max(dva_id) FROM dva_divida), (SELECT max(cba_id) FROM cba_cobranca));
INSERT INTO dvt_divida_desconto (dva_id, dvt_valor, dvt_descricao, dvt_data_cadastro) VALUES ((SELECT max(dva_id) FROM dva_divida), 75, 'Concessão de isenção', '2019-01-21');
INSERT INTO cbn_cobranca_evento_sindicato (cbn_descricao, prve_id, eve_id, evo_id, dva_id) VALUES ('Inscrição em evento', 5, 10805, 5, (SELECT max(dva_id) FROM dva_divida));

INSERT INTO eve_evento_sindicato_participante (eve_id, evo_id, flo_id, eve_nome, eve_participante_telefone, eve_participante_email, eve_cpf, flo_id_responsavel, eve_presenca_confirmada, eve_data_deletado, eve_deletado)
VALUES (10671, 5, (SELECT flo_id FROM flo_filiado WHERE flo_cpf = '37405436803'), 'Tamires Duarte França Pizzimenti', '11982161541', 'tamiresduarte.nutriqv@gmail.com', '37405436803', null, 1, null, 2);
INSERT INTO dva_divida (psa_id_pagador, psa_id_destinatario, cmi_id, dvu_id, dva_valor, dva_valor_pago, dva_valor_acrescimo, dva_valor_desconto, dva_descricao, dvp_id, dva_data_vencimento_atual, dva_data_vencimento_inicial, dva_data_inicio_cobranca_mora, dva_data_cancelamento, dva_motivo_cancelamento, dva_cancelada, dva_tipo_cancelamento)
VALUES ((SELECT psa_id FROM psa_pessoa WHERE psa_cli_id = (SELECT flo_id FROM flo_filiado WHERE flo_cpf = '37405436803')), (SELECT psa_id FROM psa_pessoa WHERE psa_cli_id = (SELECT flo_id FROM flo_filiado WHERE flo_cpf = '37405436803')), 201901, 2, 75, 75, 0, 0, 'Inscrição em evento: O Enfrentamento dos Fatores de Risco de Doenças Crônicas Não Transmissíveis', 15, '2019-01-20', '2019-01-20', '2019-01-21', null, null, 0, null);
INSERT INTO cba_cobranca (cba_situacao, cba_valor, cba_data_cadastro, cba_data_vencimento, cba_tipo_remessa, psa_id, cba_data_limite_recebimento, cba_motivo_cancelamento, cba_data_cancelamento)
VALUES (3, 75, '2019-01-19 01:21', '2019-01-20', 99, (SELECT psa_id FROM psa_pessoa WHERE psa_cli_id = (SELECT flo_id FROM flo_filiado WHERE flo_cpf = '37405436803')), '2019-01-21', null, null);
INSERT INTO dvo_divida_cobranca (dva_id, cba_id) VALUES ((SELECT max(dva_id) FROM dva_divida), (SELECT max(cba_id) FROM cba_cobranca));
INSERT INTO cbn_cobranca_evento_sindicato (cbn_descricao, prve_id, eve_id, evo_id, dva_id) VALUES ('Inscrição em evento', 5, 10671, 5, (SELECT max(dva_id) FROM dva_divida));
INSERT INTO pgo_pagamento (cba_id, psa_id, pgo_valor, pgo_situacao, pgo_data_pagamento, pgo_data_credito) VALUES ((SELECT max(cba_id) FROM cba_cobranca), (SELECT psa_id FROM psa_pessoa WHERE psa_cli_id = (SELECT flo_id FROM flo_filiado WHERE flo_cpf = '37405436803')), 75, 1, '2019-01-28', '2019-01-28');
INSERT INTO pga_pagamento_divida (dva_id, pgo_id, pga_valor) VALUES ((SELECT max(dva_id) FROM dva_divida), (SELECT max(pgo_id) FROM pgo_pagamento), 75);

INSERT INTO eve_evento_sindicato_participante (eve_id, evo_id, flo_id, eve_nome, eve_participante_telefone, eve_participante_email, eve_cpf, flo_id_responsavel, eve_presenca_confirmada, eve_data_deletado, eve_deletado)
VALUES (11705, 5, (SELECT flo_id FROM flo_filiado WHERE flo_cpf = '34804867899'), 'Thomas Albert Boilesen', '1131467106', 'thomas.boilesen@sesisenaisp.org.br', '34804867899', null, 1, null, 2);
INSERT INTO dva_divida (psa_id_pagador, psa_id_destinatario, cmi_id, dvu_id, dva_valor, dva_valor_pago, dva_valor_acrescimo, dva_valor_desconto, dva_descricao, dvp_id, dva_data_vencimento_atual, dva_data_vencimento_inicial, dva_data_inicio_cobranca_mora, dva_data_cancelamento, dva_motivo_cancelamento, dva_cancelada, dva_tipo_cancelamento)
VALUES ((SELECT psa_id FROM psa_pessoa WHERE psa_cli_id = (SELECT flo_id FROM flo_filiado WHERE flo_cpf = '34804867899')), (SELECT psa_id FROM psa_pessoa WHERE psa_cli_id = (SELECT flo_id FROM flo_filiado WHERE flo_cpf = '34804867899')), 201901, 2, 75, 0, 0, 75, 'Inscrição em evento: O Enfrentamento dos Fatores de Risco de Doenças Crônicas Não Transmissíveis', 15, '2019-01-31', '2019-01-31', '2019-02-01', null, null, 0, null);
INSERT INTO cba_cobranca (cba_situacao, cba_valor, cba_data_cadastro, cba_data_vencimento, cba_tipo_remessa, psa_id, cba_data_limite_recebimento, cba_motivo_cancelamento, cba_data_cancelamento)
VALUES (4, 75, '2019-01-30 10:16', '2019-01-31', 99, (SELECT psa_id FROM psa_pessoa WHERE psa_cli_id = (SELECT flo_id FROM flo_filiado WHERE flo_cpf = '34804867899')), '2019-02-01', 'Concessão de isenção', '2019-01-30');
INSERT INTO dvo_divida_cobranca (dva_id, cba_id) VALUES ((SELECT max(dva_id) FROM dva_divida), (SELECT max(cba_id) FROM cba_cobranca));
INSERT INTO dvt_divida_desconto (dva_id, dvt_valor, dvt_descricao, dvt_data_cadastro) VALUES ((SELECT max(dva_id) FROM dva_divida), 75, 'Concessão de isenção', '2019-01-30');
INSERT INTO cbn_cobranca_evento_sindicato (cbn_descricao, prve_id, eve_id, evo_id, dva_id) VALUES ('Inscrição em evento', 5, 11705, 5, (SELECT max(dva_id) FROM dva_divida));

INSERT INTO eve_evento_sindicato_participante (eve_id, evo_id, flo_id, eve_nome, eve_participante_telefone, eve_participante_email, eve_cpf, flo_id_responsavel, eve_presenca_confirmada, eve_data_deletado, eve_deletado)
VALUES (11998, 5, (SELECT flo_id FROM flo_filiado WHERE flo_cpf = '06017090801'), 'Valdinete Soares Barreto', '11991017576', 'valdinete.barreto@accamargo.org.br', '06017090801', null, 2, '2019-02-04 11:40', 1);
INSERT INTO dva_divida (psa_id_pagador, psa_id_destinatario, cmi_id, dvu_id, dva_valor, dva_valor_pago, dva_valor_acrescimo, dva_valor_desconto, dva_descricao, dvp_id, dva_data_vencimento_atual, dva_data_vencimento_inicial, dva_data_inicio_cobranca_mora, dva_data_cancelamento, dva_motivo_cancelamento, dva_cancelada, dva_tipo_cancelamento)
VALUES ((SELECT psa_id FROM psa_pessoa WHERE psa_cli_id = (SELECT flo_id FROM flo_filiado WHERE flo_cpf = '06017090801')), (SELECT psa_id FROM psa_pessoa WHERE psa_cli_id = (SELECT flo_id FROM flo_filiado WHERE flo_cpf = '06017090801')), 201902, 1, 75, 0, 0, 0, 'Inscrição em evento: O Enfrentamento dos Fatores de Risco de Doenças Crônicas Não Transmissíveis', 15, '2019-02-05', '2019-02-05', '2019-02-06', '2019-02-04 11:40', 'Inscrição Cancelada', 1, 1);
INSERT INTO cba_cobranca (cba_situacao, cba_valor, cba_data_cadastro, cba_data_vencimento, cba_tipo_remessa, psa_id, cba_data_limite_recebimento, cba_motivo_cancelamento, cba_data_cancelamento)
VALUES (4, 75, '2019-02-04 11:40', '2019-02-05', 99, (SELECT psa_id FROM psa_pessoa WHERE psa_cli_id = (SELECT flo_id FROM flo_filiado WHERE flo_cpf = '06017090801')), '2019-02-06', 'Inscrição Cancelada', '2019-02-04 11:40');
INSERT INTO dvo_divida_cobranca (dva_id, cba_id) VALUES ((SELECT max(dva_id) FROM dva_divida), (SELECT max(cba_id) FROM cba_cobranca));

INSERT INTO eve_evento_sindicato_participante (eve_id, evo_id, flo_id, eve_nome, eve_participante_telefone, eve_participante_email, eve_cpf, flo_id_responsavel, eve_presenca_confirmada, eve_data_deletado, eve_deletado)
VALUES (10802, 5, (SELECT flo_id FROM flo_filiado WHERE flo_cpf = '28110005187'), 'Vania Maria Monteiro Souto', '6133228208', 'hellen.cristina@sinal.org.br', '28110005187', (SELECT flo_id FROM flo_filiado WHERE flo_nome = 'Sindicato Nacional dos Funcionários do Banco Central - Sinal'), 1, null, 2);
INSERT INTO dva_divida (psa_id_pagador, psa_id_destinatario, cmi_id, dvu_id, dva_valor, dva_valor_pago, dva_valor_acrescimo, dva_valor_desconto, dva_descricao, dvp_id, dva_data_vencimento_atual, dva_data_vencimento_inicial, dva_data_inicio_cobranca_mora, dva_data_cancelamento, dva_motivo_cancelamento, dva_cancelada, dva_tipo_cancelamento)
VALUES ((SELECT psa_id FROM psa_pessoa WHERE psa_cli_id = (SELECT flo_id FROM flo_filiado WHERE flo_cpf = '28110005187')), (SELECT psa_id FROM psa_pessoa WHERE psa_cli_id = (SELECT flo_id FROM flo_filiado WHERE flo_cpf = '28110005187')), 201901, 2, 75, 75, 0, 0, 'Inscrição em evento: O Enfrentamento dos Fatores de Risco de Doenças Crônicas Não Transmissíveis', 15, '2019-01-22', '2019-01-22', '2019-01-23', null, null, 0, null);
INSERT INTO cba_cobranca (cba_situacao, cba_valor, cba_data_cadastro, cba_data_vencimento, cba_tipo_remessa, psa_id, cba_data_limite_recebimento, cba_motivo_cancelamento, cba_data_cancelamento)
VALUES (3, 75, '2019-01-21 15:45', '2019-01-22', 99, (SELECT psa_id FROM psa_pessoa WHERE psa_cli_id = (SELECT flo_id FROM flo_filiado WHERE flo_cpf = '28110005187')), '2019-01-23', null, null);
INSERT INTO dvo_divida_cobranca (dva_id, cba_id) VALUES ((SELECT max(dva_id) FROM dva_divida), (SELECT max(cba_id) FROM cba_cobranca));
INSERT INTO cbn_cobranca_evento_sindicato (cbn_descricao, prve_id, eve_id, evo_id, dva_id) VALUES ('Inscrição em evento', 5, 10802, 5, (SELECT max(dva_id) FROM dva_divida));
INSERT INTO pgo_pagamento (cba_id, psa_id, pgo_valor, pgo_situacao, pgo_data_pagamento, pgo_data_credito) VALUES ((SELECT max(cba_id) FROM cba_cobranca), (SELECT psa_id FROM psa_pessoa WHERE psa_cli_id = (SELECT flo_id FROM flo_filiado WHERE flo_cpf = '28110005187')), 75, 1, '2019-01-21', '2019-01-21');
INSERT INTO pga_pagamento_divida (dva_id, pgo_id, pga_valor) VALUES ((SELECT max(dva_id) FROM dva_divida), (SELECT max(pgo_id) FROM pgo_pagamento), 75);

INSERT INTO eve_evento_sindicato_participante (eve_id, evo_id, flo_id, eve_nome, eve_participante_telefone, eve_participante_email, eve_cpf, flo_id_responsavel, eve_presenca_confirmada, eve_data_deletado, eve_deletado)
VALUES (10511, 5, (SELECT flo_id FROM flo_filiado WHERE flo_cpf = '26956228807'), 'Viviane Oliveira de Araujo da Silva', '1132659002', 'viviane.araujo@segurosunimed.com.br', '26956228807', 169397, 1, null, 2);
INSERT INTO dva_divida (psa_id_pagador, psa_id_destinatario, cmi_id, dvu_id, dva_valor, dva_valor_pago, dva_valor_acrescimo, dva_valor_desconto, dva_descricao, dvp_id, dva_data_vencimento_atual, dva_data_vencimento_inicial, dva_data_inicio_cobranca_mora, dva_data_cancelamento, dva_motivo_cancelamento, dva_cancelada, dva_tipo_cancelamento)
VALUES ((SELECT psa_id FROM psa_pessoa WHERE psa_cli_id = (SELECT flo_id FROM flo_filiado WHERE flo_cpf = '26956228807')), (SELECT psa_id FROM psa_pessoa WHERE psa_cli_id = (SELECT flo_id FROM flo_filiado WHERE flo_cpf = '26956228807')), 201901, 2, 75, 75, 0, 0, 'Inscrição em evento: O Enfrentamento dos Fatores de Risco de Doenças Crônicas Não Transmissíveis', 15, '2019-01-18', '2019-01-18', '2019-01-19', null, null, 0, null);
INSERT INTO cba_cobranca (cba_situacao, cba_valor, cba_data_cadastro, cba_data_vencimento, cba_tipo_remessa, psa_id, cba_data_limite_recebimento, cba_motivo_cancelamento, cba_data_cancelamento)
VALUES (3, 75, '2019-01-17 15:47', '2019-01-18', 99, (SELECT psa_id FROM psa_pessoa WHERE psa_cli_id = (SELECT flo_id FROM flo_filiado WHERE flo_cpf = '26956228807')), '2019-01-19', null, null);
INSERT INTO dvo_divida_cobranca (dva_id, cba_id) VALUES ((SELECT max(dva_id) FROM dva_divida), (SELECT max(cba_id) FROM cba_cobranca));
INSERT INTO cbn_cobranca_evento_sindicato (cbn_descricao, prve_id, eve_id, evo_id, dva_id) VALUES ('Inscrição em evento', 5, 10511, 5, (SELECT max(dva_id) FROM dva_divida));
INSERT INTO pgo_pagamento (cba_id, psa_id, pgo_valor, pgo_situacao, pgo_data_pagamento, pgo_data_credito) VALUES ((SELECT max(cba_id) FROM cba_cobranca), (SELECT psa_id FROM psa_pessoa WHERE psa_cli_id = (SELECT flo_id FROM flo_filiado WHERE flo_cpf = '26956228807')), 75, 1, '2019-01-17', '2019-01-17');
INSERT INTO pga_pagamento_divida (dva_id, pgo_id, pga_valor) VALUES ((SELECT max(dva_id) FROM dva_divida), (SELECT max(pgo_id) FROM pgo_pagamento), 75);

INSERT INTO eve_evento_sindicato_participante (eve_id, evo_id, flo_id, eve_nome, eve_participante_telefone, eve_participante_email, eve_cpf, flo_id_responsavel, eve_presenca_confirmada, eve_data_deletado, eve_deletado)
VALUES (10563, 5, (SELECT flo_id FROM flo_filiado WHERE flo_cpf = '05907026880'), 'Werther de Camargo Penteado Busato', '19996019767', 'wpbusato@mmm.com', '05907026880', null, 2, '2019-01-18 10:36', 1);
INSERT INTO dva_divida (psa_id_pagador, psa_id_destinatario, cmi_id, dvu_id, dva_valor, dva_valor_pago, dva_valor_acrescimo, dva_valor_desconto, dva_descricao, dvp_id, dva_data_vencimento_atual, dva_data_vencimento_inicial, dva_data_inicio_cobranca_mora, dva_data_cancelamento, dva_motivo_cancelamento, dva_cancelada, dva_tipo_cancelamento)
VALUES ((SELECT psa_id FROM psa_pessoa WHERE psa_cli_id = (SELECT flo_id FROM flo_filiado WHERE flo_cpf = '05907026880')), (SELECT psa_id FROM psa_pessoa WHERE psa_cli_id = (SELECT flo_id FROM flo_filiado WHERE flo_cpf = '05907026880')), 201901, 1, 75, 0, 0, 0, 'Inscrição em evento: O Enfrentamento dos Fatores de Risco de Doenças Crônicas Não Transmissíveis', 15, '2019-01-19', '2019-01-19', '2019-01-20', '2019-01-18 10:36', 'Inscrição Cancelada', 1, 1);
INSERT INTO cba_cobranca (cba_situacao, cba_valor, cba_data_cadastro, cba_data_vencimento, cba_tipo_remessa, psa_id, cba_data_limite_recebimento, cba_motivo_cancelamento, cba_data_cancelamento)
VALUES (4, 75, '2019-01-18 10:36', '2019-01-19', 99, (SELECT psa_id FROM psa_pessoa WHERE psa_cli_id = (SELECT flo_id FROM flo_filiado WHERE flo_cpf = '05907026880')), '2019-01-20', 'Inscrição Cancelada', '2019-01-18 10:36');
INSERT INTO dvo_divida_cobranca (dva_id, cba_id) VALUES ((SELECT max(dva_id) FROM dva_divida), (SELECT max(cba_id) FROM cba_cobranca));

INSERT INTO eve_evento_sindicato_participante (eve_id, evo_id, flo_id, eve_nome, eve_participante_telefone, eve_participante_email, eve_cpf, flo_id_responsavel, eve_presenca_confirmada, eve_data_deletado, eve_deletado)
VALUES (10782, 5, (SELECT flo_id FROM flo_filiado WHERE flo_cpf = '05907026880'), 'Werther de Camargo Penteado Busato', '19996019767', 'wpbusato@mmm.com', '05907026880', null, 1, null, 2);
INSERT INTO dva_divida (psa_id_pagador, psa_id_destinatario, cmi_id, dvu_id, dva_valor, dva_valor_pago, dva_valor_acrescimo, dva_valor_desconto, dva_descricao, dvp_id, dva_data_vencimento_atual, dva_data_vencimento_inicial, dva_data_inicio_cobranca_mora, dva_data_cancelamento, dva_motivo_cancelamento, dva_cancelada, dva_tipo_cancelamento)
VALUES ((SELECT psa_id FROM psa_pessoa WHERE psa_cli_id = (SELECT flo_id FROM flo_filiado WHERE flo_cpf = '05907026880')), (SELECT psa_id FROM psa_pessoa WHERE psa_cli_id = (SELECT flo_id FROM flo_filiado WHERE flo_cpf = '05907026880')), 201901, 2, 75, 75, 0, 0, 'Inscrição em evento: O Enfrentamento dos Fatores de Risco de Doenças Crônicas Não Transmissíveis', 15, '2019-01-22', '2019-01-22', '2019-01-23', null, null, 0, null);
INSERT INTO cba_cobranca (cba_situacao, cba_valor, cba_data_cadastro, cba_data_vencimento, cba_tipo_remessa, psa_id, cba_data_limite_recebimento, cba_motivo_cancelamento, cba_data_cancelamento)
VALUES (3, 75, '2019-01-21 12:22', '2019-01-22', 99, (SELECT psa_id FROM psa_pessoa WHERE psa_cli_id = (SELECT flo_id FROM flo_filiado WHERE flo_cpf = '05907026880')), '2019-01-23', null, null);
INSERT INTO dvo_divida_cobranca (dva_id, cba_id) VALUES ((SELECT max(dva_id) FROM dva_divida), (SELECT max(cba_id) FROM cba_cobranca));
INSERT INTO cbn_cobranca_evento_sindicato (cbn_descricao, prve_id, eve_id, evo_id, dva_id) VALUES ('Inscrição em evento', 5, 10782, 5, (SELECT max(dva_id) FROM dva_divida));
INSERT INTO pgo_pagamento (cba_id, psa_id, pgo_valor, pgo_situacao, pgo_data_pagamento, pgo_data_credito) VALUES ((SELECT max(cba_id) FROM cba_cobranca), (SELECT psa_id FROM psa_pessoa WHERE psa_cli_id = (SELECT flo_id FROM flo_filiado WHERE flo_cpf = '05907026880')), 75, 1, '2019-01-21', '2019-01-21');
INSERT INTO pga_pagamento_divida (dva_id, pgo_id, pga_valor) VALUES ((SELECT max(dva_id) FROM dva_divida), (SELECT max(pgo_id) FROM pgo_pagamento), 75);

INSERT INTO eva_evento_sindicato_presenca (eve_id) VALUE (11845);
INSERT INTO eva_evento_sindicato_presenca (eve_id) VALUE (11758);
INSERT INTO eva_evento_sindicato_presenca (eve_id) VALUE (11508);
INSERT INTO eva_evento_sindicato_presenca (eve_id) VALUE (12032);
INSERT INTO eva_evento_sindicato_presenca (eve_id) VALUE (11542);
INSERT INTO eva_evento_sindicato_presenca (eve_id) VALUE (11844);
INSERT INTO eva_evento_sindicato_presenca (eve_id) VALUE (12226);
INSERT INTO eva_evento_sindicato_presenca (eve_id) VALUE (12006);
INSERT INTO eva_evento_sindicato_presenca (eve_id) VALUE (10568);
INSERT INTO eva_evento_sindicato_presenca (eve_id) VALUE (11102);
INSERT INTO eva_evento_sindicato_presenca (eve_id) VALUE (11762);
INSERT INTO eva_evento_sindicato_presenca (eve_id) VALUE (11049);
INSERT INTO eva_evento_sindicato_presenca (eve_id) VALUE (12024);
INSERT INTO eva_evento_sindicato_presenca (eve_id) VALUE (11807);
INSERT INTO eva_evento_sindicato_presenca (eve_id) VALUE (11696);
INSERT INTO eva_evento_sindicato_presenca (eve_id) VALUE (13188);
INSERT INTO eva_evento_sindicato_presenca (eve_id) VALUE (10556);
INSERT INTO eva_evento_sindicato_presenca (eve_id) VALUE (12227);
INSERT INTO eva_evento_sindicato_presenca (eve_id) VALUE (10861);
INSERT INTO eva_evento_sindicato_presenca (eve_id) VALUE (12023);
INSERT INTO eva_evento_sindicato_presenca (eve_id) VALUE (11516);
INSERT INTO eva_evento_sindicato_presenca (eve_id) VALUE (10562);
INSERT INTO eva_evento_sindicato_presenca (eve_id) VALUE (11101);
INSERT INTO eva_evento_sindicato_presenca (eve_id) VALUE (11891);
INSERT INTO eva_evento_sindicato_presenca (eve_id) VALUE (11884);
INSERT INTO eva_evento_sindicato_presenca (eve_id) VALUE (11760);
INSERT INTO eva_evento_sindicato_presenca (eve_id) VALUE (10804);
INSERT INTO eva_evento_sindicato_presenca (eve_id) VALUE (11703);
INSERT INTO eva_evento_sindicato_presenca (eve_id) VALUE (11048);
INSERT INTO eva_evento_sindicato_presenca (eve_id) VALUE (12027);
INSERT INTO eva_evento_sindicato_presenca (eve_id) VALUE (11866);
INSERT INTO eva_evento_sindicato_presenca (eve_id) VALUE (11701);
INSERT INTO eva_evento_sindicato_presenca (eve_id) VALUE (10559);
INSERT INTO eva_evento_sindicato_presenca (eve_id) VALUE (11131);
INSERT INTO eva_evento_sindicato_presenca (eve_id) VALUE (10801);
INSERT INTO eva_evento_sindicato_presenca (eve_id) VALUE (10973);
INSERT INTO eva_evento_sindicato_presenca (eve_id) VALUE (10560);
INSERT INTO eva_evento_sindicato_presenca (eve_id) VALUE (10805);
INSERT INTO eva_evento_sindicato_presenca (eve_id) VALUE (10671);
INSERT INTO eva_evento_sindicato_presenca (eve_id) VALUE (11705);
INSERT INTO eva_evento_sindicato_presenca (eve_id) VALUE (10802);
INSERT INTO eva_evento_sindicato_presenca (eve_id) VALUE (10511);
INSERT INTO eva_evento_sindicato_presenca (eve_id) VALUE (10782);

COMMIT;