START TRANSACTION;

INSERT INTO eve_evento_sindicato_participante (eve_id, evo_id, flo_id, eve_nome, eve_participante_telefone, eve_participante_email, eve_cpf, flo_id_responsavel, eve_presenca_confirmada, eve_data_deletado, eve_deletado)
VALUES (14989, 7, (SELECT flo_id FROM flo_filiado WHERE flo_cpf = '06017090801'), 'A.c.camargo Câncer Center', '11991017576', 'valdinete.barreto@accamargo.org.br', '06017090801', null, 1, null, 2);
INSERT INTO dva_divida (psa_id_pagador, psa_id_destinatario, cmi_id, dvu_id, dva_valor, dva_valor_pago, dva_valor_acrescimo, dva_valor_desconto, dva_descricao, dvp_id, dva_data_vencimento_atual, dva_data_vencimento_inicial, dva_data_inicio_cobranca_mora, dva_data_cancelamento, dva_motivo_cancelamento, dva_cancelada, dva_tipo_cancelamento)
VALUES ((SELECT psa_id FROM psa_pessoa WHERE psa_cli_id = (SELECT flo_id FROM flo_filiado WHERE flo_cpf = '06017090801')), (SELECT psa_id FROM psa_pessoa WHERE psa_cli_id = (SELECT flo_id FROM flo_filiado WHERE flo_cpf = '06017090801')), 201903, 2, 75, 75, 0, 0, 'Inscrição em evento: Atividade Física e Comportamento Sedentário', 17, '2019-03-19', '2019-03-19', '2019-03-20', null, null, 0, null);
INSERT INTO cba_cobranca (cba_situacao, cba_valor, cba_data_cadastro, cba_data_vencimento, cba_tipo_remessa, psa_id, cba_data_limite_recebimento, cba_motivo_cancelamento, cba_data_cancelamento)
VALUES (3, 75, '2019-03-18 12:38', '2019-03-19', 99, (SELECT psa_id FROM psa_pessoa WHERE psa_cli_id = (SELECT flo_id FROM flo_filiado WHERE flo_cpf = '06017090801')), '2019-03-20', null, null);
INSERT INTO dvo_divida_cobranca (dva_id, cba_id) VALUES ((SELECT max(dva_id) FROM dva_divida), (SELECT max(cba_id) FROM cba_cobranca));
INSERT INTO cbn_cobranca_evento_sindicato (cbn_descricao, prve_id, eve_id, evo_id, dva_id) VALUES ('Inscrição em evento', 5, 14989, 7, (SELECT max(dva_id) FROM dva_divida));
INSERT INTO pgo_pagamento (cba_id, psa_id, pgo_valor, pgo_situacao, pgo_data_pagamento, pgo_data_credito) VALUES ((SELECT max(cba_id) FROM cba_cobranca), (SELECT psa_id FROM psa_pessoa WHERE psa_cli_id = (SELECT flo_id FROM flo_filiado WHERE flo_cpf = '06017090801')), 75, 1, '2019-03-18', '2019-03-18');
INSERT INTO pga_pagamento_divida (dva_id, pgo_id, pga_valor) VALUES ((SELECT max(dva_id) FROM dva_divida), (SELECT max(pgo_id) FROM pgo_pagamento), 75);

INSERT INTO eve_evento_sindicato_participante (eve_id, evo_id, flo_id, eve_nome, eve_participante_telefone, eve_participante_email, eve_cpf, flo_id_responsavel, eve_presenca_confirmada, eve_data_deletado, eve_deletado)
VALUES (17366, 7, (SELECT flo_id FROM flo_filiado WHERE flo_cpf = '34414651808'), 'Adriana Coelho Camillo Zanella', '1150908794', 'adriana.zanella@eurofarma.com.br', '34414651808', 207713, 1, null, 2);
INSERT INTO dva_divida (psa_id_pagador, psa_id_destinatario, cmi_id, dvu_id, dva_valor, dva_valor_pago, dva_valor_acrescimo, dva_valor_desconto, dva_descricao, dvp_id, dva_data_vencimento_atual, dva_data_vencimento_inicial, dva_data_inicio_cobranca_mora, dva_data_cancelamento, dva_motivo_cancelamento, dva_cancelada, dva_tipo_cancelamento)
VALUES ((SELECT psa_id FROM psa_pessoa WHERE psa_cli_id = (SELECT flo_id FROM flo_filiado WHERE flo_cpf = '34414651808')), (SELECT psa_id FROM psa_pessoa WHERE psa_cli_id = (SELECT flo_id FROM flo_filiado WHERE flo_cpf = '34414651808')), 201903, 2, 75, 75, 0, 0, 'Inscrição em evento: Atividade Física e Comportamento Sedentário', 17, '2019-03-28', '2019-03-28', '2019-03-29', null, null, 0, null);
INSERT INTO cba_cobranca (cba_situacao, cba_valor, cba_data_cadastro, cba_data_vencimento, cba_tipo_remessa, psa_id, cba_data_limite_recebimento, cba_motivo_cancelamento, cba_data_cancelamento)
VALUES (3, 75, '2019-03-27 12:14', '2019-03-28', 99, (SELECT psa_id FROM psa_pessoa WHERE psa_cli_id = (SELECT flo_id FROM flo_filiado WHERE flo_cpf = '34414651808')), '2019-03-29', null, null);
INSERT INTO dvo_divida_cobranca (dva_id, cba_id) VALUES ((SELECT max(dva_id) FROM dva_divida), (SELECT max(cba_id) FROM cba_cobranca));
INSERT INTO cbn_cobranca_evento_sindicato (cbn_descricao, prve_id, eve_id, evo_id, dva_id) VALUES ('Inscrição em evento', 5, 17366, 7, (SELECT max(dva_id) FROM dva_divida));
INSERT INTO pgo_pagamento (cba_id, psa_id, pgo_valor, pgo_situacao, pgo_data_pagamento, pgo_data_credito) VALUES ((SELECT max(cba_id) FROM cba_cobranca), (SELECT psa_id FROM psa_pessoa WHERE psa_cli_id = (SELECT flo_id FROM flo_filiado WHERE flo_cpf = '34414651808')), 75, 1, '2019-03-27', '2019-03-27');
INSERT INTO pga_pagamento_divida (dva_id, pgo_id, pga_valor) VALUES ((SELECT max(dva_id) FROM dva_divida), (SELECT max(pgo_id) FROM pgo_pagamento), 75);

INSERT INTO eve_evento_sindicato_participante (eve_id, evo_id, flo_id, eve_nome, eve_participante_telefone, eve_participante_email, eve_cpf, flo_id_responsavel, eve_presenca_confirmada, eve_data_deletado, eve_deletado)
VALUES (17651, 7, (SELECT flo_id FROM flo_filiado WHERE flo_cpf = '36936770851'), 'Alessandra Belickas Carreiro', '11996378259', 'alenutricaoesaude@hotmail.com', '36936770851', null, 1, null, 2);
INSERT INTO dva_divida (psa_id_pagador, psa_id_destinatario, cmi_id, dvu_id, dva_valor, dva_valor_pago, dva_valor_acrescimo, dva_valor_desconto, dva_descricao, dvp_id, dva_data_vencimento_atual, dva_data_vencimento_inicial, dva_data_inicio_cobranca_mora, dva_data_cancelamento, dva_motivo_cancelamento, dva_cancelada, dva_tipo_cancelamento)
VALUES ((SELECT psa_id FROM psa_pessoa WHERE psa_cli_id = (SELECT flo_id FROM flo_filiado WHERE flo_cpf = '36936770851')), (SELECT psa_id FROM psa_pessoa WHERE psa_cli_id = (SELECT flo_id FROM flo_filiado WHERE flo_cpf = '36936770851')), 201904, 2, 75, 75, 0, 0, 'Inscrição em evento: Atividade Física e Comportamento Sedentário', 17, '2019-04-02', '2019-04-02', '2019-04-03', null, null, 0, null);
INSERT INTO cba_cobranca (cba_situacao, cba_valor, cba_data_cadastro, cba_data_vencimento, cba_tipo_remessa, psa_id, cba_data_limite_recebimento, cba_motivo_cancelamento, cba_data_cancelamento)
VALUES (3, 75, '2019-04-01 10:46', '2019-04-02', 99, (SELECT psa_id FROM psa_pessoa WHERE psa_cli_id = (SELECT flo_id FROM flo_filiado WHERE flo_cpf = '36936770851')), '2019-04-03', null, null);
INSERT INTO dvo_divida_cobranca (dva_id, cba_id) VALUES ((SELECT max(dva_id) FROM dva_divida), (SELECT max(cba_id) FROM cba_cobranca));
INSERT INTO cbn_cobranca_evento_sindicato (cbn_descricao, prve_id, eve_id, evo_id, dva_id) VALUES ('Inscrição em evento', 5, 17651, 7, (SELECT max(dva_id) FROM dva_divida));
INSERT INTO pgo_pagamento (cba_id, psa_id, pgo_valor, pgo_situacao, pgo_data_pagamento, pgo_data_credito) VALUES ((SELECT max(cba_id) FROM cba_cobranca), (SELECT psa_id FROM psa_pessoa WHERE psa_cli_id = (SELECT flo_id FROM flo_filiado WHERE flo_cpf = '36936770851')), 75, 1, '2019-04-05', '2019-04-05');
INSERT INTO pga_pagamento_divida (dva_id, pgo_id, pga_valor) VALUES ((SELECT max(dva_id) FROM dva_divida), (SELECT max(pgo_id) FROM pgo_pagamento), 75);

INSERT INTO eve_evento_sindicato_participante (eve_id, evo_id, flo_id, eve_nome, eve_participante_telefone, eve_participante_email, eve_cpf, flo_id_responsavel, eve_presenca_confirmada, eve_data_deletado, eve_deletado)
VALUES (18016, 7, (SELECT flo_id FROM flo_filiado WHERE flo_cpf = '22247867863'), 'Aline Andrade de Lima', '11987576021', 'aline.lima@galcorr.com.br', '22247867863', (SELECT flo_id FROM flo_filiado WHERE flo_nome = 'Galcorr Corretora de Seguros.'), 1, null, 2);
INSERT INTO dva_divida (psa_id_pagador, psa_id_destinatario, cmi_id, dvu_id, dva_valor, dva_valor_pago, dva_valor_acrescimo, dva_valor_desconto, dva_descricao, dvp_id, dva_data_vencimento_atual, dva_data_vencimento_inicial, dva_data_inicio_cobranca_mora, dva_data_cancelamento, dva_motivo_cancelamento, dva_cancelada, dva_tipo_cancelamento)
VALUES ((SELECT psa_id FROM psa_pessoa WHERE psa_cli_id = (SELECT flo_id FROM flo_filiado WHERE flo_cpf = '22247867863')), (SELECT psa_id FROM psa_pessoa WHERE psa_cli_id = (SELECT flo_id FROM flo_filiado WHERE flo_cpf = '22247867863')), 201904, 2, 75, 75, 0, 0, 'Inscrição em evento: Atividade Física e Comportamento Sedentário', 17, '2019-04-06', '2019-04-06', '2019-04-07', null, null, 0, null);
INSERT INTO cba_cobranca (cba_situacao, cba_valor, cba_data_cadastro, cba_data_vencimento, cba_tipo_remessa, psa_id, cba_data_limite_recebimento, cba_motivo_cancelamento, cba_data_cancelamento)
VALUES (3, 75, '2019-04-05 15:09', '2019-04-06', 99, (SELECT psa_id FROM psa_pessoa WHERE psa_cli_id = (SELECT flo_id FROM flo_filiado WHERE flo_cpf = '22247867863')), '2019-04-07', null, null);
INSERT INTO dvo_divida_cobranca (dva_id, cba_id) VALUES ((SELECT max(dva_id) FROM dva_divida), (SELECT max(cba_id) FROM cba_cobranca));
INSERT INTO cbn_cobranca_evento_sindicato (cbn_descricao, prve_id, eve_id, evo_id, dva_id) VALUES ('Inscrição em evento', 5, 18016, 7, (SELECT max(dva_id) FROM dva_divida));
INSERT INTO pgo_pagamento (cba_id, psa_id, pgo_valor, pgo_situacao, pgo_data_pagamento, pgo_data_credito) VALUES ((SELECT max(cba_id) FROM cba_cobranca), (SELECT psa_id FROM psa_pessoa WHERE psa_cli_id = (SELECT flo_id FROM flo_filiado WHERE flo_cpf = '22247867863')), 75, 1, '2019-04-05', '2019-04-05');
INSERT INTO pga_pagamento_divida (dva_id, pgo_id, pga_valor) VALUES ((SELECT max(dva_id) FROM dva_divida), (SELECT max(pgo_id) FROM pgo_pagamento), 75);

INSERT INTO eve_evento_sindicato_participante (eve_id, evo_id, flo_id, eve_nome, eve_participante_telefone, eve_participante_email, eve_cpf, flo_id_responsavel, eve_presenca_confirmada, eve_data_deletado, eve_deletado)
VALUES (17859, 7, (SELECT flo_id FROM flo_filiado WHERE flo_cpf = '37458206810'), 'Aline Damarys de Oliveira', '11981804994', 'saudebemestar@intercement.com', '37458206810', (SELECT flo_id FROM flo_filiado WHERE flo_nome = 'Intercement'), 1, null, 2);
INSERT INTO dva_divida (psa_id_pagador, psa_id_destinatario, cmi_id, dvu_id, dva_valor, dva_valor_pago, dva_valor_acrescimo, dva_valor_desconto, dva_descricao, dvp_id, dva_data_vencimento_atual, dva_data_vencimento_inicial, dva_data_inicio_cobranca_mora, dva_data_cancelamento, dva_motivo_cancelamento, dva_cancelada, dva_tipo_cancelamento)
VALUES ((SELECT psa_id FROM psa_pessoa WHERE psa_cli_id = (SELECT flo_id FROM flo_filiado WHERE flo_cpf = '37458206810')), (SELECT psa_id FROM psa_pessoa WHERE psa_cli_id = (SELECT flo_id FROM flo_filiado WHERE flo_cpf = '37458206810')), 201904, 2, 75, 75, 0, 0, 'Inscrição em evento: Atividade Física e Comportamento Sedentário', 17, '2019-04-05', '2019-04-05', '2019-04-06', null, null, 0, null);
INSERT INTO cba_cobranca (cba_situacao, cba_valor, cba_data_cadastro, cba_data_vencimento, cba_tipo_remessa, psa_id, cba_data_limite_recebimento, cba_motivo_cancelamento, cba_data_cancelamento)
VALUES (3, 75, '2019-04-04 08:28', '2019-04-05', 99, (SELECT psa_id FROM psa_pessoa WHERE psa_cli_id = (SELECT flo_id FROM flo_filiado WHERE flo_cpf = '37458206810')), '2019-04-06', null, null);
INSERT INTO dvo_divida_cobranca (dva_id, cba_id) VALUES ((SELECT max(dva_id) FROM dva_divida), (SELECT max(cba_id) FROM cba_cobranca));
INSERT INTO cbn_cobranca_evento_sindicato (cbn_descricao, prve_id, eve_id, evo_id, dva_id) VALUES ('Inscrição em evento', 5, 17859, 7, (SELECT max(dva_id) FROM dva_divida));
INSERT INTO pgo_pagamento (cba_id, psa_id, pgo_valor, pgo_situacao, pgo_data_pagamento, pgo_data_credito) VALUES ((SELECT max(cba_id) FROM cba_cobranca), (SELECT psa_id FROM psa_pessoa WHERE psa_cli_id = (SELECT flo_id FROM flo_filiado WHERE flo_cpf = '37458206810')), 75, 1, '2019-04-04', '2019-04-04');
INSERT INTO pga_pagamento_divida (dva_id, pgo_id, pga_valor) VALUES ((SELECT max(dva_id) FROM dva_divida), (SELECT max(pgo_id) FROM pgo_pagamento), 75);

INSERT INTO eve_evento_sindicato_participante (eve_id, evo_id, flo_id, eve_nome, eve_participante_telefone, eve_participante_email, eve_cpf, flo_id_responsavel, eve_presenca_confirmada, eve_data_deletado, eve_deletado)
VALUES (18293, 7, (SELECT flo_id FROM flo_filiado WHERE flo_cpf = '24548899863'), 'Amélia Nogueira Dequech', '1131654811', 'melinha.nog@bol.com.br', '24548899863', 207713, 1, null, 2);
INSERT INTO dva_divida (psa_id_pagador, psa_id_destinatario, cmi_id, dvu_id, dva_valor, dva_valor_pago, dva_valor_acrescimo, dva_valor_desconto, dva_descricao, dvp_id, dva_data_vencimento_atual, dva_data_vencimento_inicial, dva_data_inicio_cobranca_mora, dva_data_cancelamento, dva_motivo_cancelamento, dva_cancelada, dva_tipo_cancelamento)
VALUES ((SELECT psa_id FROM psa_pessoa WHERE psa_cli_id = (SELECT flo_id FROM flo_filiado WHERE flo_cpf = '24548899863')), (SELECT psa_id FROM psa_pessoa WHERE psa_cli_id = (SELECT flo_id FROM flo_filiado WHERE flo_cpf = '24548899863')), 201904, 2, 75, 75, 0, 0, 'Inscrição em evento: Atividade Física e Comportamento Sedentário', 17, '2019-04-10', '2019-04-10', '2019-04-11', null, null, 0, null);
INSERT INTO cba_cobranca (cba_situacao, cba_valor, cba_data_cadastro, cba_data_vencimento, cba_tipo_remessa, psa_id, cba_data_limite_recebimento, cba_motivo_cancelamento, cba_data_cancelamento)
VALUES (3, 75, '2019-04-09 11:18', '2019-04-10', 99, (SELECT psa_id FROM psa_pessoa WHERE psa_cli_id = (SELECT flo_id FROM flo_filiado WHERE flo_cpf = '24548899863')), '2019-04-11', null, null);
INSERT INTO dvo_divida_cobranca (dva_id, cba_id) VALUES ((SELECT max(dva_id) FROM dva_divida), (SELECT max(cba_id) FROM cba_cobranca));
INSERT INTO cbn_cobranca_evento_sindicato (cbn_descricao, prve_id, eve_id, evo_id, dva_id) VALUES ('Inscrição em evento', 5, 18293, 7, (SELECT max(dva_id) FROM dva_divida));
INSERT INTO pgo_pagamento (cba_id, psa_id, pgo_valor, pgo_situacao, pgo_data_pagamento, pgo_data_credito) VALUES ((SELECT max(cba_id) FROM cba_cobranca), (SELECT psa_id FROM psa_pessoa WHERE psa_cli_id = (SELECT flo_id FROM flo_filiado WHERE flo_cpf = '24548899863')), 75, 1, '2019-04-09', '2019-04-09');
INSERT INTO pga_pagamento_divida (dva_id, pgo_id, pga_valor) VALUES ((SELECT max(dva_id) FROM dva_divida), (SELECT max(pgo_id) FROM pgo_pagamento), 75);

INSERT INTO eve_evento_sindicato_participante (eve_id, evo_id, flo_id, eve_nome, eve_participante_telefone, eve_participante_email, eve_cpf, flo_id_responsavel, eve_presenca_confirmada, eve_data_deletado, eve_deletado)
VALUES (18287, 7, (SELECT flo_id FROM flo_filiado WHERE flo_cpf = '26792957810'), 'Ana Alice dos Santos Mauriz', '11950609067', 'amauriz@rd.com.br', '26792957810', 207713, 1, null, 2);
INSERT INTO dva_divida (psa_id_pagador, psa_id_destinatario, cmi_id, dvu_id, dva_valor, dva_valor_pago, dva_valor_acrescimo, dva_valor_desconto, dva_descricao, dvp_id, dva_data_vencimento_atual, dva_data_vencimento_inicial, dva_data_inicio_cobranca_mora, dva_data_cancelamento, dva_motivo_cancelamento, dva_cancelada, dva_tipo_cancelamento)
VALUES ((SELECT psa_id FROM psa_pessoa WHERE psa_cli_id = (SELECT flo_id FROM flo_filiado WHERE flo_cpf = '26792957810')), (SELECT psa_id FROM psa_pessoa WHERE psa_cli_id = (SELECT flo_id FROM flo_filiado WHERE flo_cpf = '26792957810')), 201904, 2, 75, 75, 0, 0, 'Inscrição em evento: Atividade Física e Comportamento Sedentário', 17, '2019-04-10', '2019-04-10', '2019-04-11', null, null, 0, null);
INSERT INTO cba_cobranca (cba_situacao, cba_valor, cba_data_cadastro, cba_data_vencimento, cba_tipo_remessa, psa_id, cba_data_limite_recebimento, cba_motivo_cancelamento, cba_data_cancelamento)
VALUES (3, 75, '2019-04-09 10:51', '2019-04-10', 99, (SELECT psa_id FROM psa_pessoa WHERE psa_cli_id = (SELECT flo_id FROM flo_filiado WHERE flo_cpf = '26792957810')), '2019-04-11', null, null);
INSERT INTO dvo_divida_cobranca (dva_id, cba_id) VALUES ((SELECT max(dva_id) FROM dva_divida), (SELECT max(cba_id) FROM cba_cobranca));
INSERT INTO cbn_cobranca_evento_sindicato (cbn_descricao, prve_id, eve_id, evo_id, dva_id) VALUES ('Inscrição em evento', 5, 18287, 7, (SELECT max(dva_id) FROM dva_divida));
INSERT INTO pgo_pagamento (cba_id, psa_id, pgo_valor, pgo_situacao, pgo_data_pagamento, pgo_data_credito) VALUES ((SELECT max(cba_id) FROM cba_cobranca), (SELECT psa_id FROM psa_pessoa WHERE psa_cli_id = (SELECT flo_id FROM flo_filiado WHERE flo_cpf = '26792957810')), 75, 1, '2019-04-09', '2019-04-09');
INSERT INTO pga_pagamento_divida (dva_id, pgo_id, pga_valor) VALUES ((SELECT max(dva_id) FROM dva_divida), (SELECT max(pgo_id) FROM pgo_pagamento), 75);

INSERT INTO eve_evento_sindicato_participante (eve_id, evo_id, flo_id, eve_nome, eve_participante_telefone, eve_participante_email, eve_cpf, flo_id_responsavel, eve_presenca_confirmada, eve_data_deletado, eve_deletado)
VALUES (18023, 7, (SELECT flo_id FROM flo_filiado WHERE flo_cpf = '15431763806'), 'Ana Paula de Oliveira Barbosa Nunes', '11973349119', 'anapaulabarbosa@live.com', '15431763806', null, 1, null, 2);
INSERT INTO dva_divida (psa_id_pagador, psa_id_destinatario, cmi_id, dvu_id, dva_valor, dva_valor_pago, dva_valor_acrescimo, dva_valor_desconto, dva_descricao, dvp_id, dva_data_vencimento_atual, dva_data_vencimento_inicial, dva_data_inicio_cobranca_mora, dva_data_cancelamento, dva_motivo_cancelamento, dva_cancelada, dva_tipo_cancelamento)
VALUES ((SELECT psa_id FROM psa_pessoa WHERE psa_cli_id = (SELECT flo_id FROM flo_filiado WHERE flo_cpf = '15431763806')), (SELECT psa_id FROM psa_pessoa WHERE psa_cli_id = (SELECT flo_id FROM flo_filiado WHERE flo_cpf = '15431763806')), 201904, 2, 75, 0, 0, 75, 'Inscrição em evento: Atividade Física e Comportamento Sedentário', 17, '2019-04-06', '2019-04-06', '2019-04-07', null, null, 0, null);
INSERT INTO cba_cobranca (cba_situacao, cba_valor, cba_data_cadastro, cba_data_vencimento, cba_tipo_remessa, psa_id, cba_data_limite_recebimento, cba_motivo_cancelamento, cba_data_cancelamento)
VALUES (4, 75, '2019-04-05 15:29', '2019-04-06', 99, (SELECT psa_id FROM psa_pessoa WHERE psa_cli_id = (SELECT flo_id FROM flo_filiado WHERE flo_cpf = '15431763806')), '2019-04-07', 'Concessão de isenção', '2019-04-05 15:29');
INSERT INTO dvo_divida_cobranca (dva_id, cba_id) VALUES ((SELECT max(dva_id) FROM dva_divida), (SELECT max(cba_id) FROM cba_cobranca));
INSERT INTO dvt_divida_desconto (dva_id, dvt_valor, dvt_descricao, dvt_data_cadastro) VALUES ((SELECT max(dva_id) FROM dva_divida), 75, 'Concessão de isenção', '2019-04-05 15:29');
INSERT INTO cbn_cobranca_evento_sindicato (cbn_descricao, prve_id, eve_id, evo_id, dva_id) VALUES ('Inscrição em evento', 5, 18023, 7, (SELECT max(dva_id) FROM dva_divida));

INSERT INTO eve_evento_sindicato_participante (eve_id, evo_id, flo_id, eve_nome, eve_participante_telefone, eve_participante_email, eve_cpf, flo_id_responsavel, eve_presenca_confirmada, eve_data_deletado, eve_deletado)
VALUES (16961, 7, (SELECT flo_id FROM flo_filiado WHERE flo_cpf = '28325947861'), 'Ana Paula Martins Vicentin', '11975004685', 'vicentin@sescsp.org.br', '28325947861', null, 2, null, 2);
INSERT INTO dva_divida (psa_id_pagador, psa_id_destinatario, cmi_id, dvu_id, dva_valor, dva_valor_pago, dva_valor_acrescimo, dva_valor_desconto, dva_descricao, dvp_id, dva_data_vencimento_atual, dva_data_vencimento_inicial, dva_data_inicio_cobranca_mora, dva_data_cancelamento, dva_motivo_cancelamento, dva_cancelada, dva_tipo_cancelamento)
VALUES ((SELECT psa_id FROM psa_pessoa WHERE psa_cli_id = (SELECT flo_id FROM flo_filiado WHERE flo_cpf = '28325947861')), (SELECT psa_id FROM psa_pessoa WHERE psa_cli_id = (SELECT flo_id FROM flo_filiado WHERE flo_cpf = '28325947861')), 201903, 1, 75, 0, 0, 0, 'Inscrição em evento: Atividade Física e Comportamento Sedentário', 17, '2019-03-22', '2019-03-22', '2019-03-23', null, null, 0, null);
INSERT INTO cba_cobranca (cba_situacao, cba_valor, cba_data_cadastro, cba_data_vencimento, cba_tipo_remessa, psa_id, cba_data_limite_recebimento, cba_motivo_cancelamento, cba_data_cancelamento)
VALUES (1, 75, '2019-03-21 12:01', '2019-03-22', 99, (SELECT psa_id FROM psa_pessoa WHERE psa_cli_id = (SELECT flo_id FROM flo_filiado WHERE flo_cpf = '28325947861')), '2019-03-23', null, null);
INSERT INTO dvo_divida_cobranca (dva_id, cba_id) VALUES ((SELECT max(dva_id) FROM dva_divida), (SELECT max(cba_id) FROM cba_cobranca));
INSERT INTO cbn_cobranca_evento_sindicato (cbn_descricao, prve_id, eve_id, evo_id, dva_id) VALUES ('Inscrição em evento', 5, 16961, 7, (SELECT max(dva_id) FROM dva_divida));

INSERT INTO eve_evento_sindicato_participante (eve_id, evo_id, flo_id, eve_nome, eve_participante_telefone, eve_participante_email, eve_cpf, flo_id_responsavel, eve_presenca_confirmada, eve_data_deletado, eve_deletado)
VALUES (17518, 7, (SELECT flo_id FROM flo_filiado WHERE flo_cpf = '18163723823'), 'Ana Paula Oliveira', '11989632054', 'oliveira.anapo@gmail.com', '18163723823', (SELECT flo_id FROM flo_filiado WHERE flo_nome = 'Ana Paula de Oliveira'), 1, null, 2);
INSERT INTO dva_divida (psa_id_pagador, psa_id_destinatario, cmi_id, dvu_id, dva_valor, dva_valor_pago, dva_valor_acrescimo, dva_valor_desconto, dva_descricao, dvp_id, dva_data_vencimento_atual, dva_data_vencimento_inicial, dva_data_inicio_cobranca_mora, dva_data_cancelamento, dva_motivo_cancelamento, dva_cancelada, dva_tipo_cancelamento)
VALUES ((SELECT psa_id FROM psa_pessoa WHERE psa_cli_id = (SELECT flo_id FROM flo_filiado WHERE flo_cpf = '18163723823')), (SELECT psa_id FROM psa_pessoa WHERE psa_cli_id = (SELECT flo_id FROM flo_filiado WHERE flo_cpf = '18163723823')), 201903, 2, 75, 0, 0, 75, 'Inscrição em evento: Atividade Física e Comportamento Sedentário', 17, '2019-03-30', '2019-03-30', '2019-03-31', null, null, 0, null);
INSERT INTO cba_cobranca (cba_situacao, cba_valor, cba_data_cadastro, cba_data_vencimento, cba_tipo_remessa, psa_id, cba_data_limite_recebimento, cba_motivo_cancelamento, cba_data_cancelamento)
VALUES (4, 75, '2019-03-29 13:45', '2019-03-30', 99, (SELECT psa_id FROM psa_pessoa WHERE psa_cli_id = (SELECT flo_id FROM flo_filiado WHERE flo_cpf = '18163723823')), '2019-03-31', 'Concessão de isenção', '2019-03-29 13:45');
INSERT INTO dvo_divida_cobranca (dva_id, cba_id) VALUES ((SELECT max(dva_id) FROM dva_divida), (SELECT max(cba_id) FROM cba_cobranca));
INSERT INTO dvt_divida_desconto (dva_id, dvt_valor, dvt_descricao, dvt_data_cadastro) VALUES ((SELECT max(dva_id) FROM dva_divida), 75, 'Concessão de isenção', '2019-03-29 13:45');
INSERT INTO cbn_cobranca_evento_sindicato (cbn_descricao, prve_id, eve_id, evo_id, dva_id) VALUES ('Inscrição em evento', 5, 17518, 7, (SELECT max(dva_id) FROM dva_divida));

INSERT INTO eve_evento_sindicato_participante (eve_id, evo_id, flo_id, eve_nome, eve_participante_telefone, eve_participante_email, eve_cpf, flo_id_responsavel, eve_presenca_confirmada, eve_data_deletado, eve_deletado)
VALUES (18143, 7, (SELECT flo_id FROM flo_filiado WHERE flo_cpf = '16931731823'), 'Andréa Tomanik de Azevedo', '11974953786', 'andreatomanik@hotmail.com', '16931731823', null, 1, null, 2);
INSERT INTO dva_divida (psa_id_pagador, psa_id_destinatario, cmi_id, dvu_id, dva_valor, dva_valor_pago, dva_valor_acrescimo, dva_valor_desconto, dva_descricao, dvp_id, dva_data_vencimento_atual, dva_data_vencimento_inicial, dva_data_inicio_cobranca_mora, dva_data_cancelamento, dva_motivo_cancelamento, dva_cancelada, dva_tipo_cancelamento)
VALUES ((SELECT psa_id FROM psa_pessoa WHERE psa_cli_id = (SELECT flo_id FROM flo_filiado WHERE flo_cpf = '16931731823')), (SELECT psa_id FROM psa_pessoa WHERE psa_cli_id = (SELECT flo_id FROM flo_filiado WHERE flo_cpf = '16931731823')), 201904, 2, 75, 0, 0, 75, 'Inscrição em evento: Atividade Física e Comportamento Sedentário', 17, '2019-04-09', '2019-04-09', '2019-04-10', null, null, 0, null);
INSERT INTO cba_cobranca (cba_situacao, cba_valor, cba_data_cadastro, cba_data_vencimento, cba_tipo_remessa, psa_id, cba_data_limite_recebimento, cba_motivo_cancelamento, cba_data_cancelamento)
VALUES (4, 75, '2019-04-08 11:14', '2019-04-09', 99, (SELECT psa_id FROM psa_pessoa WHERE psa_cli_id = (SELECT flo_id FROM flo_filiado WHERE flo_cpf = '16931731823')), '2019-04-10', 'Concessão de isenção', '2019-04-08 11:14');
INSERT INTO dvo_divida_cobranca (dva_id, cba_id) VALUES ((SELECT max(dva_id) FROM dva_divida), (SELECT max(cba_id) FROM cba_cobranca));
INSERT INTO dvt_divida_desconto (dva_id, dvt_valor, dvt_descricao, dvt_data_cadastro) VALUES ((SELECT max(dva_id) FROM dva_divida), 75, 'Concessão de isenção', '2019-04-08 11:14');
INSERT INTO cbn_cobranca_evento_sindicato (cbn_descricao, prve_id, eve_id, evo_id, dva_id) VALUES ('Inscrição em evento', 5, 18143, 7, (SELECT max(dva_id) FROM dva_divida));

INSERT INTO eve_evento_sindicato_participante (eve_id, evo_id, flo_id, eve_nome, eve_participante_telefone, eve_participante_email, eve_cpf, flo_id_responsavel, eve_presenca_confirmada, eve_data_deletado, eve_deletado)
VALUES (17785, 7, (SELECT flo_id FROM flo_filiado WHERE flo_cpf = '08412643844'), 'Angela Cristina Yano', '11982795992', 'angela.yano@conceitoasaude.com.br', '08412643844', (SELECT flo_id FROM flo_filiado WHERE flo_nome = 'CONCEITO A - EDUCAÇÃO EM SAUDE'), 1, null, 2);
INSERT INTO dva_divida (psa_id_pagador, psa_id_destinatario, cmi_id, dvu_id, dva_valor, dva_valor_pago, dva_valor_acrescimo, dva_valor_desconto, dva_descricao, dvp_id, dva_data_vencimento_atual, dva_data_vencimento_inicial, dva_data_inicio_cobranca_mora, dva_data_cancelamento, dva_motivo_cancelamento, dva_cancelada, dva_tipo_cancelamento)
VALUES ((SELECT psa_id FROM psa_pessoa WHERE psa_cli_id = (SELECT flo_id FROM flo_filiado WHERE flo_cpf = '08412643844')), (SELECT psa_id FROM psa_pessoa WHERE psa_cli_id = (SELECT flo_id FROM flo_filiado WHERE flo_cpf = '08412643844')), 201904, 2, 75, 75, 0, 0, 'Inscrição em evento: Atividade Física e Comportamento Sedentário', 17, '2019-04-03', '2019-04-03', '2019-04-04', null, null, 0, null);
INSERT INTO cba_cobranca (cba_situacao, cba_valor, cba_data_cadastro, cba_data_vencimento, cba_tipo_remessa, psa_id, cba_data_limite_recebimento, cba_motivo_cancelamento, cba_data_cancelamento)
VALUES (3, 75, '2019-04-02 22:02', '2019-04-03', 99, (SELECT psa_id FROM psa_pessoa WHERE psa_cli_id = (SELECT flo_id FROM flo_filiado WHERE flo_cpf = '08412643844')), '2019-04-04', null, null);
INSERT INTO dvo_divida_cobranca (dva_id, cba_id) VALUES ((SELECT max(dva_id) FROM dva_divida), (SELECT max(cba_id) FROM cba_cobranca));
INSERT INTO cbn_cobranca_evento_sindicato (cbn_descricao, prve_id, eve_id, evo_id, dva_id) VALUES ('Inscrição em evento', 5, 17785, 7, (SELECT max(dva_id) FROM dva_divida));
INSERT INTO pgo_pagamento (cba_id, psa_id, pgo_valor, pgo_situacao, pgo_data_pagamento, pgo_data_credito) VALUES ((SELECT max(cba_id) FROM cba_cobranca), (SELECT psa_id FROM psa_pessoa WHERE psa_cli_id = (SELECT flo_id FROM flo_filiado WHERE flo_cpf = '08412643844')), 75, 1, '2019-04-02', '2019-04-02');
INSERT INTO pga_pagamento_divida (dva_id, pgo_id, pga_valor) VALUES ((SELECT max(dva_id) FROM dva_divida), (SELECT max(pgo_id) FROM pgo_pagamento), 75);

INSERT INTO eve_evento_sindicato_participante (eve_id, evo_id, flo_id, eve_nome, eve_participante_telefone, eve_participante_email, eve_cpf, flo_id_responsavel, eve_presenca_confirmada, eve_data_deletado, eve_deletado)
VALUES (18598, 7, (SELECT flo_id FROM flo_filiado WHERE flo_cpf = '34606601809'), 'Angélica C. Silva', '19991936933', 'acsilva5@mmm.com', '34606601809', (SELECT flo_id FROM flo_filiado WHERE flo_nome = '3m'), 1, null, 2);
INSERT INTO dva_divida (psa_id_pagador, psa_id_destinatario, cmi_id, dvu_id, dva_valor, dva_valor_pago, dva_valor_acrescimo, dva_valor_desconto, dva_descricao, dvp_id, dva_data_vencimento_atual, dva_data_vencimento_inicial, dva_data_inicio_cobranca_mora, dva_data_cancelamento, dva_motivo_cancelamento, dva_cancelada, dva_tipo_cancelamento)
VALUES ((SELECT psa_id FROM psa_pessoa WHERE psa_cli_id = (SELECT flo_id FROM flo_filiado WHERE flo_cpf = '34606601809')), (SELECT psa_id FROM psa_pessoa WHERE psa_cli_id = (SELECT flo_id FROM flo_filiado WHERE flo_cpf = '34606601809')), 201904, 2, 75, 75, 0, 0, 'Inscrição em evento: Atividade Física e Comportamento Sedentário', 17, '2019-04-12', '2019-04-12', '2019-04-13', null, null, 0, null);
INSERT INTO cba_cobranca (cba_situacao, cba_valor, cba_data_cadastro, cba_data_vencimento, cba_tipo_remessa, psa_id, cba_data_limite_recebimento, cba_motivo_cancelamento, cba_data_cancelamento)
VALUES (3, 75, '2019-04-11 15:52', '2019-04-12', 99, (SELECT psa_id FROM psa_pessoa WHERE psa_cli_id = (SELECT flo_id FROM flo_filiado WHERE flo_cpf = '34606601809')), '2019-04-13', null, null);
INSERT INTO dvo_divida_cobranca (dva_id, cba_id) VALUES ((SELECT max(dva_id) FROM dva_divida), (SELECT max(cba_id) FROM cba_cobranca));
INSERT INTO cbn_cobranca_evento_sindicato (cbn_descricao, prve_id, eve_id, evo_id, dva_id) VALUES ('Inscrição em evento', 5, 18598, 7, (SELECT max(dva_id) FROM dva_divida));
INSERT INTO pgo_pagamento (cba_id, psa_id, pgo_valor, pgo_situacao, pgo_data_pagamento, pgo_data_credito) VALUES ((SELECT max(cba_id) FROM cba_cobranca), (SELECT psa_id FROM psa_pessoa WHERE psa_cli_id = (SELECT flo_id FROM flo_filiado WHERE flo_cpf = '34606601809')), 75, 1, '2019-04-11', '2019-04-11');
INSERT INTO pga_pagamento_divida (dva_id, pgo_id, pga_valor) VALUES ((SELECT max(dva_id) FROM dva_divida), (SELECT max(pgo_id) FROM pgo_pagamento), 75);

INSERT INTO eve_evento_sindicato_participante (eve_id, evo_id, flo_id, eve_nome, eve_participante_telefone, eve_participante_email, eve_cpf, flo_id_responsavel, eve_presenca_confirmada, eve_data_deletado, eve_deletado)
VALUES (15006, 7, (SELECT flo_id FROM flo_filiado WHERE flo_cpf = '23485057894'), 'Armelle Champetier', '11975997182', 'armelle@yogist.com.br', '23485057894', (SELECT flo_id FROM flo_filiado WHERE flo_nome = 'Yogist'), 1, null, 2);
INSERT INTO dva_divida (psa_id_pagador, psa_id_destinatario, cmi_id, dvu_id, dva_valor, dva_valor_pago, dva_valor_acrescimo, dva_valor_desconto, dva_descricao, dvp_id, dva_data_vencimento_atual, dva_data_vencimento_inicial, dva_data_inicio_cobranca_mora, dva_data_cancelamento, dva_motivo_cancelamento, dva_cancelada, dva_tipo_cancelamento)
VALUES ((SELECT psa_id FROM psa_pessoa WHERE psa_cli_id = (SELECT flo_id FROM flo_filiado WHERE flo_cpf = '23485057894')), (SELECT psa_id FROM psa_pessoa WHERE psa_cli_id = (SELECT flo_id FROM flo_filiado WHERE flo_cpf = '23485057894')), 201903, 2, 75, 75, 0, 0, 'Inscrição em evento: Atividade Física e Comportamento Sedentário', 17, '2019-03-19', '2019-03-19', '2019-03-20', null, null, 0, null);
INSERT INTO cba_cobranca (cba_situacao, cba_valor, cba_data_cadastro, cba_data_vencimento, cba_tipo_remessa, psa_id, cba_data_limite_recebimento, cba_motivo_cancelamento, cba_data_cancelamento)
VALUES (3, 75, '2019-03-18 14:24', '2019-03-19', 99, (SELECT psa_id FROM psa_pessoa WHERE psa_cli_id = (SELECT flo_id FROM flo_filiado WHERE flo_cpf = '23485057894')), '2019-03-20', null, null);
INSERT INTO dvo_divida_cobranca (dva_id, cba_id) VALUES ((SELECT max(dva_id) FROM dva_divida), (SELECT max(cba_id) FROM cba_cobranca));
INSERT INTO cbn_cobranca_evento_sindicato (cbn_descricao, prve_id, eve_id, evo_id, dva_id) VALUES ('Inscrição em evento', 5, 15006, 7, (SELECT max(dva_id) FROM dva_divida));
INSERT INTO pgo_pagamento (cba_id, psa_id, pgo_valor, pgo_situacao, pgo_data_pagamento, pgo_data_credito) VALUES ((SELECT max(cba_id) FROM cba_cobranca), (SELECT psa_id FROM psa_pessoa WHERE psa_cli_id = (SELECT flo_id FROM flo_filiado WHERE flo_cpf = '23485057894')), 75, 1, '2019-03-18', '2019-03-18');
INSERT INTO pga_pagamento_divida (dva_id, pgo_id, pga_valor) VALUES ((SELECT max(dva_id) FROM dva_divida), (SELECT max(pgo_id) FROM pgo_pagamento), 75);

INSERT INTO eve_evento_sindicato_participante (eve_id, evo_id, flo_id, eve_nome, eve_participante_telefone, eve_participante_email, eve_cpf, flo_id_responsavel, eve_presenca_confirmada, eve_data_deletado, eve_deletado)
VALUES (17103, 7, (SELECT flo_id FROM flo_filiado WHERE flo_cpf = '38687504870'), 'Bárbara Nascimento de Brito', '11999257588', 'barbarabritoo@hotmail.com', '38687504870', null, 2, null, 2);
INSERT INTO dva_divida (psa_id_pagador, psa_id_destinatario, cmi_id, dvu_id, dva_valor, dva_valor_pago, dva_valor_acrescimo, dva_valor_desconto, dva_descricao, dvp_id, dva_data_vencimento_atual, dva_data_vencimento_inicial, dva_data_inicio_cobranca_mora, dva_data_cancelamento, dva_motivo_cancelamento, dva_cancelada, dva_tipo_cancelamento)
VALUES ((SELECT psa_id FROM psa_pessoa WHERE psa_cli_id = (SELECT flo_id FROM flo_filiado WHERE flo_cpf = '38687504870')), (SELECT psa_id FROM psa_pessoa WHERE psa_cli_id = (SELECT flo_id FROM flo_filiado WHERE flo_cpf = '38687504870')), 201903, 1, 75, 0, 0, 0, 'Inscrição em evento: Atividade Física e Comportamento Sedentário', 17, '2019-03-23', '2019-03-23', '2019-03-24', null, null, 0, null);
INSERT INTO cba_cobranca (cba_situacao, cba_valor, cba_data_cadastro, cba_data_vencimento, cba_tipo_remessa, psa_id, cba_data_limite_recebimento, cba_motivo_cancelamento, cba_data_cancelamento)
VALUES (1, 75, '2019-03-22 21:46', '2019-03-23', 99, (SELECT psa_id FROM psa_pessoa WHERE psa_cli_id = (SELECT flo_id FROM flo_filiado WHERE flo_cpf = '38687504870')), '2019-03-24', null, null);
INSERT INTO dvo_divida_cobranca (dva_id, cba_id) VALUES ((SELECT max(dva_id) FROM dva_divida), (SELECT max(cba_id) FROM cba_cobranca));
INSERT INTO cbn_cobranca_evento_sindicato (cbn_descricao, prve_id, eve_id, evo_id, dva_id) VALUES ('Inscrição em evento', 5, 17103, 7, (SELECT max(dva_id) FROM dva_divida));

INSERT INTO eve_evento_sindicato_participante (eve_id, evo_id, flo_id, eve_nome, eve_participante_telefone, eve_participante_email, eve_cpf, flo_id_responsavel, eve_presenca_confirmada, eve_data_deletado, eve_deletado)
VALUES (18184, 7, (SELECT flo_id FROM flo_filiado WHERE flo_cpf = '36843742882'), 'Cristiane Aparecida de Oliveira', '11991459581', 'cristiane.oliveira@te.com', '36843742882', null, 1, null, 2);
INSERT INTO dva_divida (psa_id_pagador, psa_id_destinatario, cmi_id, dvu_id, dva_valor, dva_valor_pago, dva_valor_acrescimo, dva_valor_desconto, dva_descricao, dvp_id, dva_data_vencimento_atual, dva_data_vencimento_inicial, dva_data_inicio_cobranca_mora, dva_data_cancelamento, dva_motivo_cancelamento, dva_cancelada, dva_tipo_cancelamento)
VALUES ((SELECT psa_id FROM psa_pessoa WHERE psa_cli_id = (SELECT flo_id FROM flo_filiado WHERE flo_cpf = '36843742882')), (SELECT psa_id FROM psa_pessoa WHERE psa_cli_id = (SELECT flo_id FROM flo_filiado WHERE flo_cpf = '36843742882')), 201904, 2, 75, 75, 0, 0, 'Inscrição em evento: Atividade Física e Comportamento Sedentário', 17, '2019-04-09', '2019-04-09', '2019-04-10', null, null, 0, null);
INSERT INTO cba_cobranca (cba_situacao, cba_valor, cba_data_cadastro, cba_data_vencimento, cba_tipo_remessa, psa_id, cba_data_limite_recebimento, cba_motivo_cancelamento, cba_data_cancelamento)
VALUES (3, 75, '2019-04-08 14:41', '2019-04-09', 99, (SELECT psa_id FROM psa_pessoa WHERE psa_cli_id = (SELECT flo_id FROM flo_filiado WHERE flo_cpf = '36843742882')), '2019-04-10', null, null);
INSERT INTO dvo_divida_cobranca (dva_id, cba_id) VALUES ((SELECT max(dva_id) FROM dva_divida), (SELECT max(cba_id) FROM cba_cobranca));
INSERT INTO cbn_cobranca_evento_sindicato (cbn_descricao, prve_id, eve_id, evo_id, dva_id) VALUES ('Inscrição em evento', 5, 18184, 7, (SELECT max(dva_id) FROM dva_divida));
INSERT INTO pgo_pagamento (cba_id, psa_id, pgo_valor, pgo_situacao, pgo_data_pagamento, pgo_data_credito) VALUES ((SELECT max(cba_id) FROM cba_cobranca), (SELECT psa_id FROM psa_pessoa WHERE psa_cli_id = (SELECT flo_id FROM flo_filiado WHERE flo_cpf = '36843742882')), 75, 1, '2019-04-09', '2019-04-09');
INSERT INTO pga_pagamento_divida (dva_id, pgo_id, pga_valor) VALUES ((SELECT max(dva_id) FROM dva_divida), (SELECT max(pgo_id) FROM pgo_pagamento), 75);

INSERT INTO eve_evento_sindicato_participante (eve_id, evo_id, flo_id, eve_nome, eve_participante_telefone, eve_participante_email, eve_cpf, flo_id_responsavel, eve_presenca_confirmada, eve_data_deletado, eve_deletado)
VALUES (18628, 7, (SELECT flo_id FROM flo_filiado WHERE flo_cpf = '18130096862'), 'Cristiane Vivanco', '11938063757', 'cristhianevivanco@gmail.com', '18130096862', null, 2, '2019-04-11 18:24', 1);
INSERT INTO dva_divida (psa_id_pagador, psa_id_destinatario, cmi_id, dvu_id, dva_valor, dva_valor_pago, dva_valor_acrescimo, dva_valor_desconto, dva_descricao, dvp_id, dva_data_vencimento_atual, dva_data_vencimento_inicial, dva_data_inicio_cobranca_mora, dva_data_cancelamento, dva_motivo_cancelamento, dva_cancelada, dva_tipo_cancelamento)
VALUES ((SELECT psa_id FROM psa_pessoa WHERE psa_cli_id = (SELECT flo_id FROM flo_filiado WHERE flo_cpf = '18130096862')), (SELECT psa_id FROM psa_pessoa WHERE psa_cli_id = (SELECT flo_id FROM flo_filiado WHERE flo_cpf = '18130096862')), 201904, 1, 75, 0, 0, 0, 'Inscrição em evento: Atividade Física e Comportamento Sedentário', 17, '2019-04-12', '2019-04-12', '2019-04-13', '2019-04-11 18:24', 'Inscrição Cancelada', 1, 1);
INSERT INTO cba_cobranca (cba_situacao, cba_valor, cba_data_cadastro, cba_data_vencimento, cba_tipo_remessa, psa_id, cba_data_limite_recebimento, cba_motivo_cancelamento, cba_data_cancelamento)
VALUES (4, 75, '2019-04-11 18:24', '2019-04-12', 99, (SELECT psa_id FROM psa_pessoa WHERE psa_cli_id = (SELECT flo_id FROM flo_filiado WHERE flo_cpf = '18130096862')), '2019-04-13', 'Inscrição Cancelada', '2019-04-11 18:24');
INSERT INTO dvo_divida_cobranca (dva_id, cba_id) VALUES ((SELECT max(dva_id) FROM dva_divida), (SELECT max(cba_id) FROM cba_cobranca));

INSERT INTO eve_evento_sindicato_participante (eve_id, evo_id, flo_id, eve_nome, eve_participante_telefone, eve_participante_email, eve_cpf, flo_id_responsavel, eve_presenca_confirmada, eve_data_deletado, eve_deletado)
VALUES (17862, 7, (SELECT flo_id FROM flo_filiado WHERE flo_cpf = '27632823859'), 'Daniela Guimarães Araujo Miranda Bonesso', '11991251232', 'dbonesso@intercement.com', '27632823859', (SELECT flo_id FROM flo_filiado WHERE flo_nome = 'Intercement'), 1, null, 2);
INSERT INTO dva_divida (psa_id_pagador, psa_id_destinatario, cmi_id, dvu_id, dva_valor, dva_valor_pago, dva_valor_acrescimo, dva_valor_desconto, dva_descricao, dvp_id, dva_data_vencimento_atual, dva_data_vencimento_inicial, dva_data_inicio_cobranca_mora, dva_data_cancelamento, dva_motivo_cancelamento, dva_cancelada, dva_tipo_cancelamento)
VALUES ((SELECT psa_id FROM psa_pessoa WHERE psa_cli_id = (SELECT flo_id FROM flo_filiado WHERE flo_cpf = '27632823859')), (SELECT psa_id FROM psa_pessoa WHERE psa_cli_id = (SELECT flo_id FROM flo_filiado WHERE flo_cpf = '27632823859')), 201904, 2, 75, 75, 0, 0, 'Inscrição em evento: Atividade Física e Comportamento Sedentário', 17, '2019-04-05', '2019-04-05', '2019-04-06', null, null, 0, null);
INSERT INTO cba_cobranca (cba_situacao, cba_valor, cba_data_cadastro, cba_data_vencimento, cba_tipo_remessa, psa_id, cba_data_limite_recebimento, cba_motivo_cancelamento, cba_data_cancelamento)
VALUES (3, 75, '2019-04-04 08:35', '2019-04-05', 99, (SELECT psa_id FROM psa_pessoa WHERE psa_cli_id = (SELECT flo_id FROM flo_filiado WHERE flo_cpf = '27632823859')), '2019-04-06', null, null);
INSERT INTO dvo_divida_cobranca (dva_id, cba_id) VALUES ((SELECT max(dva_id) FROM dva_divida), (SELECT max(cba_id) FROM cba_cobranca));
INSERT INTO cbn_cobranca_evento_sindicato (cbn_descricao, prve_id, eve_id, evo_id, dva_id) VALUES ('Inscrição em evento', 5, 17862, 7, (SELECT max(dva_id) FROM dva_divida));
INSERT INTO pgo_pagamento (cba_id, psa_id, pgo_valor, pgo_situacao, pgo_data_pagamento, pgo_data_credito) VALUES ((SELECT max(cba_id) FROM cba_cobranca), (SELECT psa_id FROM psa_pessoa WHERE psa_cli_id = (SELECT flo_id FROM flo_filiado WHERE flo_cpf = '27632823859')), 75, 1, '2019-04-04', '2019-04-04');
INSERT INTO pga_pagamento_divida (dva_id, pgo_id, pga_valor) VALUES ((SELECT max(dva_id) FROM dva_divida), (SELECT max(pgo_id) FROM pgo_pagamento), 75);

INSERT INTO eve_evento_sindicato_participante (eve_id, evo_id, flo_id, eve_nome, eve_participante_telefone, eve_participante_email, eve_cpf, flo_id_responsavel, eve_presenca_confirmada, eve_data_deletado, eve_deletado)
VALUES (18595, 7, (SELECT flo_id FROM flo_filiado WHERE flo_cpf = '14653651841'), 'Dercilio Loiola de Paula', '15981185457', 'ddjunior@mmm.com', '14653651841', (SELECT flo_id FROM flo_filiado WHERE flo_nome = '3m'), 1, null, 2);
INSERT INTO dva_divida (psa_id_pagador, psa_id_destinatario, cmi_id, dvu_id, dva_valor, dva_valor_pago, dva_valor_acrescimo, dva_valor_desconto, dva_descricao, dvp_id, dva_data_vencimento_atual, dva_data_vencimento_inicial, dva_data_inicio_cobranca_mora, dva_data_cancelamento, dva_motivo_cancelamento, dva_cancelada, dva_tipo_cancelamento)
VALUES ((SELECT psa_id FROM psa_pessoa WHERE psa_cli_id = (SELECT flo_id FROM flo_filiado WHERE flo_cpf = '14653651841')), (SELECT psa_id FROM psa_pessoa WHERE psa_cli_id = (SELECT flo_id FROM flo_filiado WHERE flo_cpf = '14653651841')), 201904, 2, 75, 75, 0, 0, 'Inscrição em evento: Atividade Física e Comportamento Sedentário', 17, '2019-04-12', '2019-04-12', '2019-04-13', null, null, 0, null);
INSERT INTO cba_cobranca (cba_situacao, cba_valor, cba_data_cadastro, cba_data_vencimento, cba_tipo_remessa, psa_id, cba_data_limite_recebimento, cba_motivo_cancelamento, cba_data_cancelamento)
VALUES (3, 75, '2019-04-11 15:44', '2019-04-12', 99, (SELECT psa_id FROM psa_pessoa WHERE psa_cli_id = (SELECT flo_id FROM flo_filiado WHERE flo_cpf = '14653651841')), '2019-04-13', null, null);
INSERT INTO dvo_divida_cobranca (dva_id, cba_id) VALUES ((SELECT max(dva_id) FROM dva_divida), (SELECT max(cba_id) FROM cba_cobranca));
INSERT INTO cbn_cobranca_evento_sindicato (cbn_descricao, prve_id, eve_id, evo_id, dva_id) VALUES ('Inscrição em evento', 5, 18595, 7, (SELECT max(dva_id) FROM dva_divida));
INSERT INTO pgo_pagamento (cba_id, psa_id, pgo_valor, pgo_situacao, pgo_data_pagamento, pgo_data_credito) VALUES ((SELECT max(cba_id) FROM cba_cobranca), (SELECT psa_id FROM psa_pessoa WHERE psa_cli_id = (SELECT flo_id FROM flo_filiado WHERE flo_cpf = '14653651841')), 75, 1, '2019-04-11', '2019-04-11');
INSERT INTO pga_pagamento_divida (dva_id, pgo_id, pga_valor) VALUES ((SELECT max(dva_id) FROM dva_divida), (SELECT max(pgo_id) FROM pgo_pagamento), 75);

INSERT INTO eve_evento_sindicato_participante (eve_id, evo_id, flo_id, eve_nome, eve_participante_telefone, eve_participante_email, eve_cpf, flo_id_responsavel, eve_presenca_confirmada, eve_data_deletado, eve_deletado)
VALUES (17368, 7, (SELECT flo_id FROM flo_filiado WHERE flo_cpf = '52651053872'), 'Dr. Joao Carlos de Moura Vaccarelli', '1141449564', 'joao.vaccarelli@eurofarma.com.br', '52651053872', 207713, 1, null, 2);
INSERT INTO dva_divida (psa_id_pagador, psa_id_destinatario, cmi_id, dvu_id, dva_valor, dva_valor_pago, dva_valor_acrescimo, dva_valor_desconto, dva_descricao, dvp_id, dva_data_vencimento_atual, dva_data_vencimento_inicial, dva_data_inicio_cobranca_mora, dva_data_cancelamento, dva_motivo_cancelamento, dva_cancelada, dva_tipo_cancelamento)
VALUES ((SELECT psa_id FROM psa_pessoa WHERE psa_cli_id = (SELECT flo_id FROM flo_filiado WHERE flo_cpf = '52651053872')), (SELECT psa_id FROM psa_pessoa WHERE psa_cli_id = (SELECT flo_id FROM flo_filiado WHERE flo_cpf = '52651053872')), 201903, 2, 75, 75, 0, 0, 'Inscrição em evento: Atividade Física e Comportamento Sedentário', 17, '2019-03-28', '2019-03-28', '2019-03-29', null, null, 0, null);
INSERT INTO cba_cobranca (cba_situacao, cba_valor, cba_data_cadastro, cba_data_vencimento, cba_tipo_remessa, psa_id, cba_data_limite_recebimento, cba_motivo_cancelamento, cba_data_cancelamento)
VALUES (3, 75, '2019-03-27 12:23', '2019-03-28', 99, (SELECT psa_id FROM psa_pessoa WHERE psa_cli_id = (SELECT flo_id FROM flo_filiado WHERE flo_cpf = '52651053872')), '2019-03-29', null, null);
INSERT INTO dvo_divida_cobranca (dva_id, cba_id) VALUES ((SELECT max(dva_id) FROM dva_divida), (SELECT max(cba_id) FROM cba_cobranca));
INSERT INTO cbn_cobranca_evento_sindicato (cbn_descricao, prve_id, eve_id, evo_id, dva_id) VALUES ('Inscrição em evento', 5, 17368, 7, (SELECT max(dva_id) FROM dva_divida));
INSERT INTO pgo_pagamento (cba_id, psa_id, pgo_valor, pgo_situacao, pgo_data_pagamento, pgo_data_credito) VALUES ((SELECT max(cba_id) FROM cba_cobranca), (SELECT psa_id FROM psa_pessoa WHERE psa_cli_id = (SELECT flo_id FROM flo_filiado WHERE flo_cpf = '52651053872')), 75, 1, '2019-03-27', '2019-03-27');
INSERT INTO pga_pagamento_divida (dva_id, pgo_id, pga_valor) VALUES ((SELECT max(dva_id) FROM dva_divida), (SELECT max(pgo_id) FROM pgo_pagamento), 75);

INSERT INTO eve_evento_sindicato_participante (eve_id, evo_id, flo_id, eve_nome, eve_participante_telefone, eve_participante_email, eve_cpf, flo_id_responsavel, eve_presenca_confirmada, eve_data_deletado, eve_deletado)
VALUES (17878, 7, (SELECT flo_id FROM flo_filiado WHERE flo_cpf = '34910693866'), 'Eduardo Affonso Latrova', '11951313885', 'eduardo.latrova@beecorp.com.br', '34910693866', null, 1, null, 2);
INSERT INTO dva_divida (psa_id_pagador, psa_id_destinatario, cmi_id, dvu_id, dva_valor, dva_valor_pago, dva_valor_acrescimo, dva_valor_desconto, dva_descricao, dvp_id, dva_data_vencimento_atual, dva_data_vencimento_inicial, dva_data_inicio_cobranca_mora, dva_data_cancelamento, dva_motivo_cancelamento, dva_cancelada, dva_tipo_cancelamento)
VALUES ((SELECT psa_id FROM psa_pessoa WHERE psa_cli_id = (SELECT flo_id FROM flo_filiado WHERE flo_cpf = '34910693866')), (SELECT psa_id FROM psa_pessoa WHERE psa_cli_id = (SELECT flo_id FROM flo_filiado WHERE flo_cpf = '34910693866')), 201904, 2, 75, 0, 0, 75, 'Inscrição em evento: Atividade Física e Comportamento Sedentário', 17, '2019-04-05', '2019-04-05', '2019-04-06', null, null, 0, null);
INSERT INTO cba_cobranca (cba_situacao, cba_valor, cba_data_cadastro, cba_data_vencimento, cba_tipo_remessa, psa_id, cba_data_limite_recebimento, cba_motivo_cancelamento, cba_data_cancelamento)
VALUES (4, 75, '2019-04-04 10:46', '2019-04-05', 99, (SELECT psa_id FROM psa_pessoa WHERE psa_cli_id = (SELECT flo_id FROM flo_filiado WHERE flo_cpf = '34910693866')), '2019-04-06', 'Concessão de isenção', '2019-04-04 10:46');
INSERT INTO dvo_divida_cobranca (dva_id, cba_id) VALUES ((SELECT max(dva_id) FROM dva_divida), (SELECT max(cba_id) FROM cba_cobranca));
INSERT INTO dvt_divida_desconto (dva_id, dvt_valor, dvt_descricao, dvt_data_cadastro) VALUES ((SELECT max(dva_id) FROM dva_divida), 75, 'Concessão de isenção', '2019-04-04 10:46');
INSERT INTO cbn_cobranca_evento_sindicato (cbn_descricao, prve_id, eve_id, evo_id, dva_id) VALUES ('Inscrição em evento', 5, 17878, 7, (SELECT max(dva_id) FROM dva_divida));

INSERT INTO eve_evento_sindicato_participante (eve_id, evo_id, flo_id, eve_nome, eve_participante_telefone, eve_participante_email, eve_cpf, flo_id_responsavel, eve_presenca_confirmada, eve_data_deletado, eve_deletado)
VALUES (17517, 7, (SELECT flo_id FROM flo_filiado WHERE flo_cpf = '35858293840'), 'Eduardo Potenza Ramos', '11966157443', 'eduardo.potenza@novartis.com', '35858293840', null, 1, null, 2);
INSERT INTO dva_divida (psa_id_pagador, psa_id_destinatario, cmi_id, dvu_id, dva_valor, dva_valor_pago, dva_valor_acrescimo, dva_valor_desconto, dva_descricao, dvp_id, dva_data_vencimento_atual, dva_data_vencimento_inicial, dva_data_inicio_cobranca_mora, dva_data_cancelamento, dva_motivo_cancelamento, dva_cancelada, dva_tipo_cancelamento)
VALUES ((SELECT psa_id FROM psa_pessoa WHERE psa_cli_id = (SELECT flo_id FROM flo_filiado WHERE flo_cpf = '35858293840')), (SELECT psa_id FROM psa_pessoa WHERE psa_cli_id = (SELECT flo_id FROM flo_filiado WHERE flo_cpf = '35858293840')), 201903, 2, 75, 0, 0, 75, 'Inscrição em evento: Atividade Física e Comportamento Sedentário', 17, '2019-03-30', '2019-03-30', '2019-03-31', null, null, 0, null);
INSERT INTO cba_cobranca (cba_situacao, cba_valor, cba_data_cadastro, cba_data_vencimento, cba_tipo_remessa, psa_id, cba_data_limite_recebimento, cba_motivo_cancelamento, cba_data_cancelamento)
VALUES (4, 75, '2019-03-29 13:39', '2019-03-30', 99, (SELECT psa_id FROM psa_pessoa WHERE psa_cli_id = (SELECT flo_id FROM flo_filiado WHERE flo_cpf = '35858293840')), '2019-03-31', 'Concessão de isenção', '2019-03-29 13:39');
INSERT INTO dvo_divida_cobranca (dva_id, cba_id) VALUES ((SELECT max(dva_id) FROM dva_divida), (SELECT max(cba_id) FROM cba_cobranca));
INSERT INTO dvt_divida_desconto (dva_id, dvt_valor, dvt_descricao, dvt_data_cadastro) VALUES ((SELECT max(dva_id) FROM dva_divida), 75, 'Concessão de isenção', '2019-03-29 13:39');
INSERT INTO cbn_cobranca_evento_sindicato (cbn_descricao, prve_id, eve_id, evo_id, dva_id) VALUES ('Inscrição em evento', 5, 17517, 7, (SELECT max(dva_id) FROM dva_divida));

INSERT INTO eve_evento_sindicato_participante (eve_id, evo_id, flo_id, eve_nome, eve_participante_telefone, eve_participante_email, eve_cpf, flo_id_responsavel, eve_presenca_confirmada, eve_data_deletado, eve_deletado)
VALUES (18556, 7, (SELECT flo_id FROM flo_filiado WHERE flo_cpf = '11376379864'), 'Elisabete Martin', '11989705740', 'betemartin@maratonaqv.com', '11376379864', 169766, 1, null, 2);
INSERT INTO dva_divida (psa_id_pagador, psa_id_destinatario, cmi_id, dvu_id, dva_valor, dva_valor_pago, dva_valor_acrescimo, dva_valor_desconto, dva_descricao, dvp_id, dva_data_vencimento_atual, dva_data_vencimento_inicial, dva_data_inicio_cobranca_mora, dva_data_cancelamento, dva_motivo_cancelamento, dva_cancelada, dva_tipo_cancelamento)
VALUES ((SELECT psa_id FROM psa_pessoa WHERE psa_cli_id = (SELECT flo_id FROM flo_filiado WHERE flo_cpf = '11376379864')), (SELECT psa_id FROM psa_pessoa WHERE psa_cli_id = (SELECT flo_id FROM flo_filiado WHERE flo_cpf = '11376379864')), 201904, 2, 75, 75, 0, 0, 'Inscrição em evento: Atividade Física e Comportamento Sedentário', 17, '2019-04-12', '2019-04-12', '2019-04-13', null, null, 0, null);
INSERT INTO cba_cobranca (cba_situacao, cba_valor, cba_data_cadastro, cba_data_vencimento, cba_tipo_remessa, psa_id, cba_data_limite_recebimento, cba_motivo_cancelamento, cba_data_cancelamento)
VALUES (3, 75, '2019-04-11 08:35', '2019-04-12', 99, (SELECT psa_id FROM psa_pessoa WHERE psa_cli_id = (SELECT flo_id FROM flo_filiado WHERE flo_cpf = '11376379864')), '2019-04-13', null, null);
INSERT INTO dvo_divida_cobranca (dva_id, cba_id) VALUES ((SELECT max(dva_id) FROM dva_divida), (SELECT max(cba_id) FROM cba_cobranca));
INSERT INTO cbn_cobranca_evento_sindicato (cbn_descricao, prve_id, eve_id, evo_id, dva_id) VALUES ('Inscrição em evento', 5, 18556, 7, (SELECT max(dva_id) FROM dva_divida));
INSERT INTO pgo_pagamento (cba_id, psa_id, pgo_valor, pgo_situacao, pgo_data_pagamento, pgo_data_credito) VALUES ((SELECT max(cba_id) FROM cba_cobranca), (SELECT psa_id FROM psa_pessoa WHERE psa_cli_id = (SELECT flo_id FROM flo_filiado WHERE flo_cpf = '11376379864')), 75, 1, '2019-04-11', '2019-04-11');
INSERT INTO pga_pagamento_divida (dva_id, pgo_id, pga_valor) VALUES ((SELECT max(dva_id) FROM dva_divida), (SELECT max(pgo_id) FROM pgo_pagamento), 75);

INSERT INTO eve_evento_sindicato_participante (eve_id, evo_id, flo_id, eve_nome, eve_participante_telefone, eve_participante_email, eve_cpf, flo_id_responsavel, eve_presenca_confirmada, eve_data_deletado, eve_deletado)
VALUES (17738, 7, (SELECT flo_id FROM flo_filiado WHERE flo_cpf = '26606646847'), 'Fernanda de Carvalho Braga', '11996116717', 'fernanda@medicsaude.com.br', '26606646847', null, 1, null, 2);
INSERT INTO dva_divida (psa_id_pagador, psa_id_destinatario, cmi_id, dvu_id, dva_valor, dva_valor_pago, dva_valor_acrescimo, dva_valor_desconto, dva_descricao, dvp_id, dva_data_vencimento_atual, dva_data_vencimento_inicial, dva_data_inicio_cobranca_mora, dva_data_cancelamento, dva_motivo_cancelamento, dva_cancelada, dva_tipo_cancelamento)
VALUES ((SELECT psa_id FROM psa_pessoa WHERE psa_cli_id = (SELECT flo_id FROM flo_filiado WHERE flo_cpf = '26606646847')), (SELECT psa_id FROM psa_pessoa WHERE psa_cli_id = (SELECT flo_id FROM flo_filiado WHERE flo_cpf = '26606646847')), 201904, 2, 75, 75, 0, 0, 'Inscrição em evento: Atividade Física e Comportamento Sedentário', 17, '2019-04-03', '2019-04-03', '2019-04-04', null, null, 0, null);
INSERT INTO cba_cobranca (cba_situacao, cba_valor, cba_data_cadastro, cba_data_vencimento, cba_tipo_remessa, psa_id, cba_data_limite_recebimento, cba_motivo_cancelamento, cba_data_cancelamento)
VALUES (3, 75, '2019-04-02 11:32', '2019-04-03', 99, (SELECT psa_id FROM psa_pessoa WHERE psa_cli_id = (SELECT flo_id FROM flo_filiado WHERE flo_cpf = '26606646847')), '2019-04-04', null, null);
INSERT INTO dvo_divida_cobranca (dva_id, cba_id) VALUES ((SELECT max(dva_id) FROM dva_divida), (SELECT max(cba_id) FROM cba_cobranca));
INSERT INTO cbn_cobranca_evento_sindicato (cbn_descricao, prve_id, eve_id, evo_id, dva_id) VALUES ('Inscrição em evento', 5, 17738, 7, (SELECT max(dva_id) FROM dva_divida));
INSERT INTO pgo_pagamento (cba_id, psa_id, pgo_valor, pgo_situacao, pgo_data_pagamento, pgo_data_credito) VALUES ((SELECT max(cba_id) FROM cba_cobranca), (SELECT psa_id FROM psa_pessoa WHERE psa_cli_id = (SELECT flo_id FROM flo_filiado WHERE flo_cpf = '26606646847')), 75, 1, '2019-04-02', '2019-04-02');
INSERT INTO pga_pagamento_divida (dva_id, pgo_id, pga_valor) VALUES ((SELECT max(dva_id) FROM dva_divida), (SELECT max(pgo_id) FROM pgo_pagamento), 75);

INSERT INTO eve_evento_sindicato_participante (eve_id, evo_id, flo_id, eve_nome, eve_participante_telefone, eve_participante_email, eve_cpf, flo_id_responsavel, eve_presenca_confirmada, eve_data_deletado, eve_deletado)
VALUES (16723, 7, (SELECT flo_id FROM flo_filiado WHERE flo_cpf = '32639632876'), 'Fernanda Kawaguti Fujimura de Andrade', '11986809151', 'fernandafujimura@yahoo.com.br', '32639632876', null, 1, null, 2);
INSERT INTO dva_divida (psa_id_pagador, psa_id_destinatario, cmi_id, dvu_id, dva_valor, dva_valor_pago, dva_valor_acrescimo, dva_valor_desconto, dva_descricao, dvp_id, dva_data_vencimento_atual, dva_data_vencimento_inicial, dva_data_inicio_cobranca_mora, dva_data_cancelamento, dva_motivo_cancelamento, dva_cancelada, dva_tipo_cancelamento)
VALUES ((SELECT psa_id FROM psa_pessoa WHERE psa_cli_id = (SELECT flo_id FROM flo_filiado WHERE flo_cpf = '32639632876')), (SELECT psa_id FROM psa_pessoa WHERE psa_cli_id = (SELECT flo_id FROM flo_filiado WHERE flo_cpf = '32639632876')), 201903, 2, 75, 75, 0, 0, 'Inscrição em evento: Atividade Física e Comportamento Sedentário', 17, '2019-03-20', '2019-03-20', '2019-03-21', null, null, 0, null);
INSERT INTO cba_cobranca (cba_situacao, cba_valor, cba_data_cadastro, cba_data_vencimento, cba_tipo_remessa, psa_id, cba_data_limite_recebimento, cba_motivo_cancelamento, cba_data_cancelamento)
VALUES (3, 75, '2019-03-19 08:42', '2019-03-20', 99, (SELECT psa_id FROM psa_pessoa WHERE psa_cli_id = (SELECT flo_id FROM flo_filiado WHERE flo_cpf = '32639632876')), '2019-03-21', null, null);
INSERT INTO dvo_divida_cobranca (dva_id, cba_id) VALUES ((SELECT max(dva_id) FROM dva_divida), (SELECT max(cba_id) FROM cba_cobranca));
INSERT INTO cbn_cobranca_evento_sindicato (cbn_descricao, prve_id, eve_id, evo_id, dva_id) VALUES ('Inscrição em evento', 5, 16723, 7, (SELECT max(dva_id) FROM dva_divida));
INSERT INTO pgo_pagamento (cba_id, psa_id, pgo_valor, pgo_situacao, pgo_data_pagamento, pgo_data_credito) VALUES ((SELECT max(cba_id) FROM cba_cobranca), (SELECT psa_id FROM psa_pessoa WHERE psa_cli_id = (SELECT flo_id FROM flo_filiado WHERE flo_cpf = '32639632876')), 75, 1, '2019-03-20', '2019-03-20');
INSERT INTO pga_pagamento_divida (dva_id, pgo_id, pga_valor) VALUES ((SELECT max(dva_id) FROM dva_divida), (SELECT max(pgo_id) FROM pgo_pagamento), 75);

INSERT INTO eve_evento_sindicato_participante (eve_id, evo_id, flo_id, eve_nome, eve_participante_telefone, eve_participante_email, eve_cpf, flo_id_responsavel, eve_presenca_confirmada, eve_data_deletado, eve_deletado)
VALUES (18323, 7, (SELECT flo_id FROM flo_filiado WHERE flo_cpf = '28222382861'), 'Flavia Massabni Destro', '11974021777', 'flavia.destro@te.com', '28222382861', null, 1, null, 2);
INSERT INTO dva_divida (psa_id_pagador, psa_id_destinatario, cmi_id, dvu_id, dva_valor, dva_valor_pago, dva_valor_acrescimo, dva_valor_desconto, dva_descricao, dvp_id, dva_data_vencimento_atual, dva_data_vencimento_inicial, dva_data_inicio_cobranca_mora, dva_data_cancelamento, dva_motivo_cancelamento, dva_cancelada, dva_tipo_cancelamento)
VALUES ((SELECT psa_id FROM psa_pessoa WHERE psa_cli_id = (SELECT flo_id FROM flo_filiado WHERE flo_cpf = '28222382861')), (SELECT psa_id FROM psa_pessoa WHERE psa_cli_id = (SELECT flo_id FROM flo_filiado WHERE flo_cpf = '28222382861')), 201904, 2, 75, 75, 0, 0, 'Inscrição em evento: Atividade Física e Comportamento Sedentário', 17, '2019-04-10', '2019-04-10', '2019-04-11', null, null, 0, null);
INSERT INTO cba_cobranca (cba_situacao, cba_valor, cba_data_cadastro, cba_data_vencimento, cba_tipo_remessa, psa_id, cba_data_limite_recebimento, cba_motivo_cancelamento, cba_data_cancelamento)
VALUES (3, 75, '2019-04-09 15:46', '2019-04-10', 99, (SELECT psa_id FROM psa_pessoa WHERE psa_cli_id = (SELECT flo_id FROM flo_filiado WHERE flo_cpf = '28222382861')), '2019-04-11', null, null);
INSERT INTO dvo_divida_cobranca (dva_id, cba_id) VALUES ((SELECT max(dva_id) FROM dva_divida), (SELECT max(cba_id) FROM cba_cobranca));
INSERT INTO cbn_cobranca_evento_sindicato (cbn_descricao, prve_id, eve_id, evo_id, dva_id) VALUES ('Inscrição em evento', 5, 18323, 7, (SELECT max(dva_id) FROM dva_divida));
INSERT INTO pgo_pagamento (cba_id, psa_id, pgo_valor, pgo_situacao, pgo_data_pagamento, pgo_data_credito) VALUES ((SELECT max(cba_id) FROM cba_cobranca), (SELECT psa_id FROM psa_pessoa WHERE psa_cli_id = (SELECT flo_id FROM flo_filiado WHERE flo_cpf = '28222382861')), 75, 1, '2019-04-09', '2019-04-09');
INSERT INTO pga_pagamento_divida (dva_id, pgo_id, pga_valor) VALUES ((SELECT max(dva_id) FROM dva_divida), (SELECT max(pgo_id) FROM pgo_pagamento), 75);

INSERT INTO eve_evento_sindicato_participante (eve_id, evo_id, flo_id, eve_nome, eve_participante_telefone, eve_participante_email, eve_cpf, flo_id_responsavel, eve_presenca_confirmada, eve_data_deletado, eve_deletado)
VALUES (18578, 7, (SELECT flo_id FROM flo_filiado WHERE flo_cpf = '12758977893'), 'Gisele Chinelato', '11998100433', 'gisele.chinelato@segurosunimed.com.br', '12758977893', 169397, 1, null, 2);
INSERT INTO dva_divida (psa_id_pagador, psa_id_destinatario, cmi_id, dvu_id, dva_valor, dva_valor_pago, dva_valor_acrescimo, dva_valor_desconto, dva_descricao, dvp_id, dva_data_vencimento_atual, dva_data_vencimento_inicial, dva_data_inicio_cobranca_mora, dva_data_cancelamento, dva_motivo_cancelamento, dva_cancelada, dva_tipo_cancelamento)
VALUES ((SELECT psa_id FROM psa_pessoa WHERE psa_cli_id = (SELECT flo_id FROM flo_filiado WHERE flo_cpf = '12758977893')), (SELECT psa_id FROM psa_pessoa WHERE psa_cli_id = (SELECT flo_id FROM flo_filiado WHERE flo_cpf = '12758977893')), 201904, 2, 75, 75, 0, 0, 'Inscrição em evento: Atividade Física e Comportamento Sedentário', 17, '2019-04-12', '2019-04-12', '2019-04-13', null, null, 0, null);
INSERT INTO cba_cobranca (cba_situacao, cba_valor, cba_data_cadastro, cba_data_vencimento, cba_tipo_remessa, psa_id, cba_data_limite_recebimento, cba_motivo_cancelamento, cba_data_cancelamento)
VALUES (3, 75, '2019-04-11 14:55', '2019-04-12', 99, (SELECT psa_id FROM psa_pessoa WHERE psa_cli_id = (SELECT flo_id FROM flo_filiado WHERE flo_cpf = '12758977893')), '2019-04-13', null, null);
INSERT INTO dvo_divida_cobranca (dva_id, cba_id) VALUES ((SELECT max(dva_id) FROM dva_divida), (SELECT max(cba_id) FROM cba_cobranca));
INSERT INTO cbn_cobranca_evento_sindicato (cbn_descricao, prve_id, eve_id, evo_id, dva_id) VALUES ('Inscrição em evento', 5, 18578, 7, (SELECT max(dva_id) FROM dva_divida));
INSERT INTO pgo_pagamento (cba_id, psa_id, pgo_valor, pgo_situacao, pgo_data_pagamento, pgo_data_credito) VALUES ((SELECT max(cba_id) FROM cba_cobranca), (SELECT psa_id FROM psa_pessoa WHERE psa_cli_id = (SELECT flo_id FROM flo_filiado WHERE flo_cpf = '12758977893')), 75, 1, '2019-04-11', '2019-04-11');
INSERT INTO pga_pagamento_divida (dva_id, pgo_id, pga_valor) VALUES ((SELECT max(dva_id) FROM dva_divida), (SELECT max(pgo_id) FROM pgo_pagamento), 75);

INSERT INTO eve_evento_sindicato_participante (eve_id, evo_id, flo_id, eve_nome, eve_participante_telefone, eve_participante_email, eve_cpf, flo_id_responsavel, eve_presenca_confirmada, eve_data_deletado, eve_deletado)
VALUES (18491, 7, (SELECT flo_id FROM flo_filiado WHERE flo_cpf = '10191637718'), 'Graziela Oliveira', '51998645535', 'OliveiraGrazielaL@JohnDeere.com', '10191637718', null, 1, null, 2);
INSERT INTO dva_divida (psa_id_pagador, psa_id_destinatario, cmi_id, dvu_id, dva_valor, dva_valor_pago, dva_valor_acrescimo, dva_valor_desconto, dva_descricao, dvp_id, dva_data_vencimento_atual, dva_data_vencimento_inicial, dva_data_inicio_cobranca_mora, dva_data_cancelamento, dva_motivo_cancelamento, dva_cancelada, dva_tipo_cancelamento)
VALUES ((SELECT psa_id FROM psa_pessoa WHERE psa_cli_id = (SELECT flo_id FROM flo_filiado WHERE flo_cpf = '10191637718')), (SELECT psa_id FROM psa_pessoa WHERE psa_cli_id = (SELECT flo_id FROM flo_filiado WHERE flo_cpf = '10191637718')), 201904, 2, 75, 75, 0, 0, 'Inscrição em evento: Atividade Física e Comportamento Sedentário', 17, '2019-04-11', '2019-04-11', '2019-04-12', null, null, 0, null);
INSERT INTO cba_cobranca (cba_situacao, cba_valor, cba_data_cadastro, cba_data_vencimento, cba_tipo_remessa, psa_id, cba_data_limite_recebimento, cba_motivo_cancelamento, cba_data_cancelamento)
VALUES (3, 75, '2019-04-10 20:04', '2019-04-11', 99, (SELECT psa_id FROM psa_pessoa WHERE psa_cli_id = (SELECT flo_id FROM flo_filiado WHERE flo_cpf = '10191637718')), '2019-04-12', null, null);
INSERT INTO dvo_divida_cobranca (dva_id, cba_id) VALUES ((SELECT max(dva_id) FROM dva_divida), (SELECT max(cba_id) FROM cba_cobranca));
INSERT INTO cbn_cobranca_evento_sindicato (cbn_descricao, prve_id, eve_id, evo_id, dva_id) VALUES ('Inscrição em evento', 5, 18491, 7, (SELECT max(dva_id) FROM dva_divida));
INSERT INTO pgo_pagamento (cba_id, psa_id, pgo_valor, pgo_situacao, pgo_data_pagamento, pgo_data_credito) VALUES ((SELECT max(cba_id) FROM cba_cobranca), (SELECT psa_id FROM psa_pessoa WHERE psa_cli_id = (SELECT flo_id FROM flo_filiado WHERE flo_cpf = '10191637718')), 75, 1, '2019-04-10', '2019-04-10');
INSERT INTO pga_pagamento_divida (dva_id, pgo_id, pga_valor) VALUES ((SELECT max(dva_id) FROM dva_divida), (SELECT max(pgo_id) FROM pgo_pagamento), 75);

INSERT INTO eve_evento_sindicato_participante (eve_id, evo_id, flo_id, eve_nome, eve_participante_telefone, eve_participante_email, eve_cpf, flo_id_responsavel, eve_presenca_confirmada, eve_data_deletado, eve_deletado)
VALUES (18157, 7, (SELECT flo_id FROM flo_filiado WHERE flo_cpf = '82458740510'), 'Hellen Ferreira', '11974579611', 'hellen.ferreira@conceitoasaude.com.br', '82458740510', (SELECT flo_id FROM flo_filiado WHERE flo_nome = 'CONCEITO A - EDUCAÇÃO EM SAUDE'), 1, null, 2);
INSERT INTO dva_divida (psa_id_pagador, psa_id_destinatario, cmi_id, dvu_id, dva_valor, dva_valor_pago, dva_valor_acrescimo, dva_valor_desconto, dva_descricao, dvp_id, dva_data_vencimento_atual, dva_data_vencimento_inicial, dva_data_inicio_cobranca_mora, dva_data_cancelamento, dva_motivo_cancelamento, dva_cancelada, dva_tipo_cancelamento)
VALUES ((SELECT psa_id FROM psa_pessoa WHERE psa_cli_id = (SELECT flo_id FROM flo_filiado WHERE flo_cpf = '82458740510')), (SELECT psa_id FROM psa_pessoa WHERE psa_cli_id = (SELECT flo_id FROM flo_filiado WHERE flo_cpf = '82458740510')), 201904, 2, 75, 75, 0, 0, 'Inscrição em evento: Atividade Física e Comportamento Sedentário', 17, '2019-04-09', '2019-04-09', '2019-04-10', null, null, 0, null);
INSERT INTO cba_cobranca (cba_situacao, cba_valor, cba_data_cadastro, cba_data_vencimento, cba_tipo_remessa, psa_id, cba_data_limite_recebimento, cba_motivo_cancelamento, cba_data_cancelamento)
VALUES (3, 75, '2019-04-08 11:56', '2019-04-09', 99, (SELECT psa_id FROM psa_pessoa WHERE psa_cli_id = (SELECT flo_id FROM flo_filiado WHERE flo_cpf = '82458740510')), '2019-04-10', null, null);
INSERT INTO dvo_divida_cobranca (dva_id, cba_id) VALUES ((SELECT max(dva_id) FROM dva_divida), (SELECT max(cba_id) FROM cba_cobranca));
INSERT INTO cbn_cobranca_evento_sindicato (cbn_descricao, prve_id, eve_id, evo_id, dva_id) VALUES ('Inscrição em evento', 5, 18157, 7, (SELECT max(dva_id) FROM dva_divida));
INSERT INTO pgo_pagamento (cba_id, psa_id, pgo_valor, pgo_situacao, pgo_data_pagamento, pgo_data_credito) VALUES ((SELECT max(cba_id) FROM cba_cobranca), (SELECT psa_id FROM psa_pessoa WHERE psa_cli_id = (SELECT flo_id FROM flo_filiado WHERE flo_cpf = '82458740510')), 75, 1, '2019-04-08', '2019-04-08');
INSERT INTO pga_pagamento_divida (dva_id, pgo_id, pga_valor) VALUES ((SELECT max(dva_id) FROM dva_divida), (SELECT max(pgo_id) FROM pgo_pagamento), 75);

INSERT INTO eve_evento_sindicato_participante (eve_id, evo_id, flo_id, eve_nome, eve_participante_telefone, eve_participante_email, eve_cpf, flo_id_responsavel, eve_presenca_confirmada, eve_data_deletado, eve_deletado)
VALUES (18706, 7, (SELECT flo_id FROM flo_filiado WHERE flo_cpf = '38671920810'), 'Iramaia de Almeida Gonçalves', '11975485238', 'iramaia.goncalves@cielo.com.br', '38671920810', null, 1, null, 2);
INSERT INTO dva_divida (psa_id_pagador, psa_id_destinatario, cmi_id, dvu_id, dva_valor, dva_valor_pago, dva_valor_acrescimo, dva_valor_desconto, dva_descricao, dvp_id, dva_data_vencimento_atual, dva_data_vencimento_inicial, dva_data_inicio_cobranca_mora, dva_data_cancelamento, dva_motivo_cancelamento, dva_cancelada, dva_tipo_cancelamento)
VALUES ((SELECT psa_id FROM psa_pessoa WHERE psa_cli_id = (SELECT flo_id FROM flo_filiado WHERE flo_cpf = '38671920810')), (SELECT psa_id FROM psa_pessoa WHERE psa_cli_id = (SELECT flo_id FROM flo_filiado WHERE flo_cpf = '38671920810')), 201904, 2, 75, 0, 0, 75, 'Inscrição em evento: Atividade Física e Comportamento Sedentário', 17, '2019-04-13', '2019-04-13', '2019-04-14', null, null, 0, null);
INSERT INTO cba_cobranca (cba_situacao, cba_valor, cba_data_cadastro, cba_data_vencimento, cba_tipo_remessa, psa_id, cba_data_limite_recebimento, cba_motivo_cancelamento, cba_data_cancelamento)
VALUES (4, 75, '2019-04-12 14:28', '2019-04-13', 99, (SELECT psa_id FROM psa_pessoa WHERE psa_cli_id = (SELECT flo_id FROM flo_filiado WHERE flo_cpf = '38671920810')), '2019-04-14', 'Concessão de isenção', '2019-04-12 14:28');
INSERT INTO dvo_divida_cobranca (dva_id, cba_id) VALUES ((SELECT max(dva_id) FROM dva_divida), (SELECT max(cba_id) FROM cba_cobranca));
INSERT INTO dvt_divida_desconto (dva_id, dvt_valor, dvt_descricao, dvt_data_cadastro) VALUES ((SELECT max(dva_id) FROM dva_divida), 75, 'Concessão de isenção', '2019-04-12 14:28');
INSERT INTO cbn_cobranca_evento_sindicato (cbn_descricao, prve_id, eve_id, evo_id, dva_id) VALUES ('Inscrição em evento', 5, 18706, 7, (SELECT max(dva_id) FROM dva_divida));

INSERT INTO eve_evento_sindicato_participante (eve_id, evo_id, flo_id, eve_nome, eve_participante_telefone, eve_participante_email, eve_cpf, flo_id_responsavel, eve_presenca_confirmada, eve_data_deletado, eve_deletado)
VALUES (18195, 7, (SELECT flo_id FROM flo_filiado WHERE flo_cpf = '08483424886'), 'Jacqueline da Cruz', '11992817023', 'jackline.cruz@hotmail.com', '08483424886', null, 1, null, 2);
INSERT INTO dva_divida (psa_id_pagador, psa_id_destinatario, cmi_id, dvu_id, dva_valor, dva_valor_pago, dva_valor_acrescimo, dva_valor_desconto, dva_descricao, dvp_id, dva_data_vencimento_atual, dva_data_vencimento_inicial, dva_data_inicio_cobranca_mora, dva_data_cancelamento, dva_motivo_cancelamento, dva_cancelada, dva_tipo_cancelamento)
VALUES ((SELECT psa_id FROM psa_pessoa WHERE psa_cli_id = (SELECT flo_id FROM flo_filiado WHERE flo_cpf = '08483424886')), (SELECT psa_id FROM psa_pessoa WHERE psa_cli_id = (SELECT flo_id FROM flo_filiado WHERE flo_cpf = '08483424886')), 201904, 2, 75, 0, 0, 75, 'Inscrição em evento: Atividade Física e Comportamento Sedentário', 17, '2019-04-09', '2019-04-09', '2019-04-10', null, null, 0, null);
INSERT INTO cba_cobranca (cba_situacao, cba_valor, cba_data_cadastro, cba_data_vencimento, cba_tipo_remessa, psa_id, cba_data_limite_recebimento, cba_motivo_cancelamento, cba_data_cancelamento)
VALUES (4, 75, '2019-04-08 15:18', '2019-04-09', 99, (SELECT psa_id FROM psa_pessoa WHERE psa_cli_id = (SELECT flo_id FROM flo_filiado WHERE flo_cpf = '08483424886')), '2019-04-10', 'Concessão de isenção', '2019-04-08 15:18');
INSERT INTO dvo_divida_cobranca (dva_id, cba_id) VALUES ((SELECT max(dva_id) FROM dva_divida), (SELECT max(cba_id) FROM cba_cobranca));
INSERT INTO dvt_divida_desconto (dva_id, dvt_valor, dvt_descricao, dvt_data_cadastro) VALUES ((SELECT max(dva_id) FROM dva_divida), 75, 'Concessão de isenção', '2019-04-08 15:18');
INSERT INTO cbn_cobranca_evento_sindicato (cbn_descricao, prve_id, eve_id, evo_id, dva_id) VALUES ('Inscrição em evento', 5, 18195, 7, (SELECT max(dva_id) FROM dva_divida));

INSERT INTO eve_evento_sindicato_participante (eve_id, evo_id, flo_id, eve_nome, eve_participante_telefone, eve_participante_email, eve_cpf, flo_id_responsavel, eve_presenca_confirmada, eve_data_deletado, eve_deletado)
VALUES (16766, 7, (SELECT flo_id FROM flo_filiado WHERE flo_cpf = '34562234806'), 'Janaina Pontes Negrão', '11940564454', 'janaina.negrao@edenred.com', '34562234806', (SELECT flo_id FROM flo_filiado WHERE flo_nome = 'Ticket'), 1, null, 2);
INSERT INTO dva_divida (psa_id_pagador, psa_id_destinatario, cmi_id, dvu_id, dva_valor, dva_valor_pago, dva_valor_acrescimo, dva_valor_desconto, dva_descricao, dvp_id, dva_data_vencimento_atual, dva_data_vencimento_inicial, dva_data_inicio_cobranca_mora, dva_data_cancelamento, dva_motivo_cancelamento, dva_cancelada, dva_tipo_cancelamento)
VALUES ((SELECT psa_id FROM psa_pessoa WHERE psa_cli_id = (SELECT flo_id FROM flo_filiado WHERE flo_cpf = '34562234806')), (SELECT psa_id FROM psa_pessoa WHERE psa_cli_id = (SELECT flo_id FROM flo_filiado WHERE flo_cpf = '34562234806')), 201903, 2, 75, 75, 0, 0, 'Inscrição em evento: Atividade Física e Comportamento Sedentário', 17, '2019-03-20', '2019-03-20', '2019-03-21', null, null, 0, null);
INSERT INTO cba_cobranca (cba_situacao, cba_valor, cba_data_cadastro, cba_data_vencimento, cba_tipo_remessa, psa_id, cba_data_limite_recebimento, cba_motivo_cancelamento, cba_data_cancelamento)
VALUES (3, 75, '2019-03-19 12:15', '2019-03-20', 99, (SELECT psa_id FROM psa_pessoa WHERE psa_cli_id = (SELECT flo_id FROM flo_filiado WHERE flo_cpf = '34562234806')), '2019-03-21', null, null);
INSERT INTO dvo_divida_cobranca (dva_id, cba_id) VALUES ((SELECT max(dva_id) FROM dva_divida), (SELECT max(cba_id) FROM cba_cobranca));
INSERT INTO cbn_cobranca_evento_sindicato (cbn_descricao, prve_id, eve_id, evo_id, dva_id) VALUES ('Inscrição em evento', 5, 16766, 7, (SELECT max(dva_id) FROM dva_divida));
INSERT INTO pgo_pagamento (cba_id, psa_id, pgo_valor, pgo_situacao, pgo_data_pagamento, pgo_data_credito) VALUES ((SELECT max(cba_id) FROM cba_cobranca), (SELECT psa_id FROM psa_pessoa WHERE psa_cli_id = (SELECT flo_id FROM flo_filiado WHERE flo_cpf = '34562234806')), 75, 1, '2019-03-19', '2019-03-19');
INSERT INTO pga_pagamento_divida (dva_id, pgo_id, pga_valor) VALUES ((SELECT max(dva_id) FROM dva_divida), (SELECT max(pgo_id) FROM pgo_pagamento), 75);

INSERT INTO eve_evento_sindicato_participante (eve_id, evo_id, flo_id, eve_nome, eve_participante_telefone, eve_participante_email, eve_cpf, flo_id_responsavel, eve_presenca_confirmada, eve_data_deletado, eve_deletado)
VALUES (17590, 7, (SELECT flo_id FROM flo_filiado WHERE flo_cpf = '31921547804'), 'Jessyca Cristina Leoni', '11992043440', 'jessyca.c.leoni@gmail.com', '31921547804', null, 1, null, 2);
INSERT INTO dva_divida (psa_id_pagador, psa_id_destinatario, cmi_id, dvu_id, dva_valor, dva_valor_pago, dva_valor_acrescimo, dva_valor_desconto, dva_descricao, dvp_id, dva_data_vencimento_atual, dva_data_vencimento_inicial, dva_data_inicio_cobranca_mora, dva_data_cancelamento, dva_motivo_cancelamento, dva_cancelada, dva_tipo_cancelamento)
VALUES ((SELECT psa_id FROM psa_pessoa WHERE psa_cli_id = (SELECT flo_id FROM flo_filiado WHERE flo_cpf = '31921547804')), (SELECT psa_id FROM psa_pessoa WHERE psa_cli_id = (SELECT flo_id FROM flo_filiado WHERE flo_cpf = '31921547804')), 201903, 2, 75, 75, 0, 0, 'Inscrição em evento: Atividade Física e Comportamento Sedentário', 17, '2019-03-31', '2019-03-31', '2019-04-01', null, null, 0, null);
INSERT INTO cba_cobranca (cba_situacao, cba_valor, cba_data_cadastro, cba_data_vencimento, cba_tipo_remessa, psa_id, cba_data_limite_recebimento, cba_motivo_cancelamento, cba_data_cancelamento)
VALUES (3, 75, '2019-03-30 18:19', '2019-03-31', 99, (SELECT psa_id FROM psa_pessoa WHERE psa_cli_id = (SELECT flo_id FROM flo_filiado WHERE flo_cpf = '31921547804')), '2019-04-01', null, null);
INSERT INTO dvo_divida_cobranca (dva_id, cba_id) VALUES ((SELECT max(dva_id) FROM dva_divida), (SELECT max(cba_id) FROM cba_cobranca));
INSERT INTO cbn_cobranca_evento_sindicato (cbn_descricao, prve_id, eve_id, evo_id, dva_id) VALUES ('Inscrição em evento', 5, 17590, 7, (SELECT max(dva_id) FROM dva_divida));
INSERT INTO pgo_pagamento (cba_id, psa_id, pgo_valor, pgo_situacao, pgo_data_pagamento, pgo_data_credito) VALUES ((SELECT max(cba_id) FROM cba_cobranca), (SELECT psa_id FROM psa_pessoa WHERE psa_cli_id = (SELECT flo_id FROM flo_filiado WHERE flo_cpf = '31921547804')), 75, 1, '2019-03-30', '2019-03-30');
INSERT INTO pga_pagamento_divida (dva_id, pgo_id, pga_valor) VALUES ((SELECT max(dva_id) FROM dva_divida), (SELECT max(pgo_id) FROM pgo_pagamento), 75);

INSERT INTO eve_evento_sindicato_participante (eve_id, evo_id, flo_id, eve_nome, eve_participante_telefone, eve_participante_email, eve_cpf, flo_id_responsavel, eve_presenca_confirmada, eve_data_deletado, eve_deletado)
VALUES (18696, 7, (SELECT flo_id FROM flo_filiado WHERE flo_cpf = '20609440829'), 'João Audi', '11944471976', 'joao@austernet.com.br', '20609440829', null, 1, null, 2);
INSERT INTO dva_divida (psa_id_pagador, psa_id_destinatario, cmi_id, dvu_id, dva_valor, dva_valor_pago, dva_valor_acrescimo, dva_valor_desconto, dva_descricao, dvp_id, dva_data_vencimento_atual, dva_data_vencimento_inicial, dva_data_inicio_cobranca_mora, dva_data_cancelamento, dva_motivo_cancelamento, dva_cancelada, dva_tipo_cancelamento)
VALUES ((SELECT psa_id FROM psa_pessoa WHERE psa_cli_id = (SELECT flo_id FROM flo_filiado WHERE flo_cpf = '20609440829')), (SELECT psa_id FROM psa_pessoa WHERE psa_cli_id = (SELECT flo_id FROM flo_filiado WHERE flo_cpf = '20609440829')), 201904, 2, 75, 75, 0, 0, 'Inscrição em evento: Atividade Física e Comportamento Sedentário', 17, '2019-04-13', '2019-04-13', '2019-04-14', null, null, 0, null);
INSERT INTO cba_cobranca (cba_situacao, cba_valor, cba_data_cadastro, cba_data_vencimento, cba_tipo_remessa, psa_id, cba_data_limite_recebimento, cba_motivo_cancelamento, cba_data_cancelamento)
VALUES (3, 75, '2019-04-12 13:03', '2019-04-13', 99, (SELECT psa_id FROM psa_pessoa WHERE psa_cli_id = (SELECT flo_id FROM flo_filiado WHERE flo_cpf = '20609440829')), '2019-04-14', null, null);
INSERT INTO dvo_divida_cobranca (dva_id, cba_id) VALUES ((SELECT max(dva_id) FROM dva_divida), (SELECT max(cba_id) FROM cba_cobranca));
INSERT INTO cbn_cobranca_evento_sindicato (cbn_descricao, prve_id, eve_id, evo_id, dva_id) VALUES ('Inscrição em evento', 5, 18696, 7, (SELECT max(dva_id) FROM dva_divida));
INSERT INTO pgo_pagamento (cba_id, psa_id, pgo_valor, pgo_situacao, pgo_data_pagamento, pgo_data_credito) VALUES ((SELECT max(cba_id) FROM cba_cobranca), (SELECT psa_id FROM psa_pessoa WHERE psa_cli_id = (SELECT flo_id FROM flo_filiado WHERE flo_cpf = '20609440829')), 75, 1, '2019-04-15', '2019-04-15');
INSERT INTO pga_pagamento_divida (dva_id, pgo_id, pga_valor) VALUES ((SELECT max(dva_id) FROM dva_divida), (SELECT max(pgo_id) FROM pgo_pagamento), 75);

INSERT INTO eve_evento_sindicato_participante (eve_id, evo_id, flo_id, eve_nome, eve_participante_telefone, eve_participante_email, eve_cpf, flo_id_responsavel, eve_presenca_confirmada, eve_data_deletado, eve_deletado)
VALUES (18629, 7, (SELECT flo_id FROM flo_filiado WHERE flo_cpf = '02859318810'), 'João Geronymo Pereira Junior', '11991178040', 'GERONYMO@AFQUALIVIDA.COM.BR', '02859318810', null, 1, null, 2);
INSERT INTO dva_divida (psa_id_pagador, psa_id_destinatario, cmi_id, dvu_id, dva_valor, dva_valor_pago, dva_valor_acrescimo, dva_valor_desconto, dva_descricao, dvp_id, dva_data_vencimento_atual, dva_data_vencimento_inicial, dva_data_inicio_cobranca_mora, dva_data_cancelamento, dva_motivo_cancelamento, dva_cancelada, dva_tipo_cancelamento)
VALUES ((SELECT psa_id FROM psa_pessoa WHERE psa_cli_id = (SELECT flo_id FROM flo_filiado WHERE flo_cpf = '02859318810')), (SELECT psa_id FROM psa_pessoa WHERE psa_cli_id = (SELECT flo_id FROM flo_filiado WHERE flo_cpf = '02859318810')), 201904, 2, 75, 75, 0, 0, 'Inscrição em evento: Atividade Física e Comportamento Sedentário', 17, '2019-04-12', '2019-04-12', '2019-04-13', null, null, 0, null);
INSERT INTO cba_cobranca (cba_situacao, cba_valor, cba_data_cadastro, cba_data_vencimento, cba_tipo_remessa, psa_id, cba_data_limite_recebimento, cba_motivo_cancelamento, cba_data_cancelamento)
VALUES (3, 75, '2019-04-11 18:32', '2019-04-12', 99, (SELECT psa_id FROM psa_pessoa WHERE psa_cli_id = (SELECT flo_id FROM flo_filiado WHERE flo_cpf = '02859318810')), '2019-04-13', null, null);
INSERT INTO dvo_divida_cobranca (dva_id, cba_id) VALUES ((SELECT max(dva_id) FROM dva_divida), (SELECT max(cba_id) FROM cba_cobranca));
INSERT INTO cbn_cobranca_evento_sindicato (cbn_descricao, prve_id, eve_id, evo_id, dva_id) VALUES ('Inscrição em evento', 5, 18629, 7, (SELECT max(dva_id) FROM dva_divida));
INSERT INTO pgo_pagamento (cba_id, psa_id, pgo_valor, pgo_situacao, pgo_data_pagamento, pgo_data_credito) VALUES ((SELECT max(cba_id) FROM cba_cobranca), (SELECT psa_id FROM psa_pessoa WHERE psa_cli_id = (SELECT flo_id FROM flo_filiado WHERE flo_cpf = '02859318810')), 75, 1, '2019-04-11', '2019-04-11');
INSERT INTO pga_pagamento_divida (dva_id, pgo_id, pga_valor) VALUES ((SELECT max(dva_id) FROM dva_divida), (SELECT max(pgo_id) FROM pgo_pagamento), 75);

INSERT INTO eve_evento_sindicato_participante (eve_id, evo_id, flo_id, eve_nome, eve_participante_telefone, eve_participante_email, eve_cpf, flo_id_responsavel, eve_presenca_confirmada, eve_data_deletado, eve_deletado)
VALUES (17226, 7, (SELECT flo_id FROM flo_filiado WHERE flo_cpf = '40733690831'), 'Jocimara Gomes de Assis', '1132666497', 'comunicacao@abqv.org.br', '40733690831', null, 1, null, 2);
INSERT INTO dva_divida (psa_id_pagador, psa_id_destinatario, cmi_id, dvu_id, dva_valor, dva_valor_pago, dva_valor_acrescimo, dva_valor_desconto, dva_descricao, dvp_id, dva_data_vencimento_atual, dva_data_vencimento_inicial, dva_data_inicio_cobranca_mora, dva_data_cancelamento, dva_motivo_cancelamento, dva_cancelada, dva_tipo_cancelamento)
VALUES ((SELECT psa_id FROM psa_pessoa WHERE psa_cli_id = (SELECT flo_id FROM flo_filiado WHERE flo_cpf = '40733690831')), (SELECT psa_id FROM psa_pessoa WHERE psa_cli_id = (SELECT flo_id FROM flo_filiado WHERE flo_cpf = '40733690831')), 201903, 2, 75, 75, 0, 0, 'Inscrição em evento: Atividade Física e Comportamento Sedentário', 17, '2019-03-26', '2019-03-26', '2019-03-27', null, null, 0, null);
INSERT INTO cba_cobranca (cba_situacao, cba_valor, cba_data_cadastro, cba_data_vencimento, cba_tipo_remessa, psa_id, cba_data_limite_recebimento, cba_motivo_cancelamento, cba_data_cancelamento)
VALUES (3, 75, '2019-03-25 16:10', '2019-03-26', 99, (SELECT psa_id FROM psa_pessoa WHERE psa_cli_id = (SELECT flo_id FROM flo_filiado WHERE flo_cpf = '40733690831')), '2019-03-27', null, null);
INSERT INTO dvo_divida_cobranca (dva_id, cba_id) VALUES ((SELECT max(dva_id) FROM dva_divida), (SELECT max(cba_id) FROM cba_cobranca));
INSERT INTO cbn_cobranca_evento_sindicato (cbn_descricao, prve_id, eve_id, evo_id, dva_id) VALUES ('Inscrição em evento', 5, 17226, 7, (SELECT max(dva_id) FROM dva_divida));
INSERT INTO pgo_pagamento (cba_id, psa_id, pgo_valor, pgo_situacao, pgo_data_pagamento, pgo_data_credito) VALUES ((SELECT max(cba_id) FROM cba_cobranca), (SELECT psa_id FROM psa_pessoa WHERE psa_cli_id = (SELECT flo_id FROM flo_filiado WHERE flo_cpf = '40733690831')), 75, 1, '2019-03-25', '2019-03-25');
INSERT INTO pga_pagamento_divida (dva_id, pgo_id, pga_valor) VALUES ((SELECT max(dva_id) FROM dva_divida), (SELECT max(pgo_id) FROM pgo_pagamento), 75);

INSERT INTO eve_evento_sindicato_participante (eve_id, evo_id, flo_id, eve_nome, eve_participante_telefone, eve_participante_email, eve_cpf, flo_id_responsavel, eve_presenca_confirmada, eve_data_deletado, eve_deletado)
VALUES (17446, 7, (SELECT flo_id FROM flo_filiado WHERE flo_cpf = '01389959660'), 'Jorge Emanuel Morato', '11938017131', 'jorge.morato@mdlz.com', '01389959660', null, 2, null, 2);
INSERT INTO dva_divida (psa_id_pagador, psa_id_destinatario, cmi_id, dvu_id, dva_valor, dva_valor_pago, dva_valor_acrescimo, dva_valor_desconto, dva_descricao, dvp_id, dva_data_vencimento_atual, dva_data_vencimento_inicial, dva_data_inicio_cobranca_mora, dva_data_cancelamento, dva_motivo_cancelamento, dva_cancelada, dva_tipo_cancelamento)
VALUES ((SELECT psa_id FROM psa_pessoa WHERE psa_cli_id = (SELECT flo_id FROM flo_filiado WHERE flo_cpf = '01389959660')), (SELECT psa_id FROM psa_pessoa WHERE psa_cli_id = (SELECT flo_id FROM flo_filiado WHERE flo_cpf = '01389959660')), 201903, 1, 75, 0, 0, 0, 'Inscrição em evento: Atividade Física e Comportamento Sedentário', 17, '2019-03-29', '2019-03-29', '2019-03-30', null, null, 0, null);
INSERT INTO cba_cobranca (cba_situacao, cba_valor, cba_data_cadastro, cba_data_vencimento, cba_tipo_remessa, psa_id, cba_data_limite_recebimento, cba_motivo_cancelamento, cba_data_cancelamento)
VALUES (1, 75, '2019-03-28 13:34', '2019-03-29', 99, (SELECT psa_id FROM psa_pessoa WHERE psa_cli_id = (SELECT flo_id FROM flo_filiado WHERE flo_cpf = '01389959660')), '2019-03-30', null, null);
INSERT INTO dvo_divida_cobranca (dva_id, cba_id) VALUES ((SELECT max(dva_id) FROM dva_divida), (SELECT max(cba_id) FROM cba_cobranca));
INSERT INTO cbn_cobranca_evento_sindicato (cbn_descricao, prve_id, eve_id, evo_id, dva_id) VALUES ('Inscrição em evento', 5, 17446, 7, (SELECT max(dva_id) FROM dva_divida));

INSERT INTO eve_evento_sindicato_participante (eve_id, evo_id, flo_id, eve_nome, eve_participante_telefone, eve_participante_email, eve_cpf, flo_id_responsavel, eve_presenca_confirmada, eve_data_deletado, eve_deletado)
VALUES (16979, 7, (SELECT flo_id FROM flo_filiado WHERE flo_cpf = '05545959742'), 'José Maciel de Almeida Filho', '1132661606', 'maciel.filho@portoseguro.com.br', '05545959742', (SELECT flo_id FROM flo_filiado WHERE flo_nome = 'Porto Seguro Cia de Seguros Gerais'), 1, null, 2);
INSERT INTO dva_divida (psa_id_pagador, psa_id_destinatario, cmi_id, dvu_id, dva_valor, dva_valor_pago, dva_valor_acrescimo, dva_valor_desconto, dva_descricao, dvp_id, dva_data_vencimento_atual, dva_data_vencimento_inicial, dva_data_inicio_cobranca_mora, dva_data_cancelamento, dva_motivo_cancelamento, dva_cancelada, dva_tipo_cancelamento)
VALUES ((SELECT psa_id FROM psa_pessoa WHERE psa_cli_id = (SELECT flo_id FROM flo_filiado WHERE flo_cpf = '05545959742')), (SELECT psa_id FROM psa_pessoa WHERE psa_cli_id = (SELECT flo_id FROM flo_filiado WHERE flo_cpf = '05545959742')), 201903, 2, 75, 75, 0, 0, 'Inscrição em evento: Atividade Física e Comportamento Sedentário', 17, '2019-03-22', '2019-03-22', '2019-03-23', null, null, 0, null);
INSERT INTO cba_cobranca (cba_situacao, cba_valor, cba_data_cadastro, cba_data_vencimento, cba_tipo_remessa, psa_id, cba_data_limite_recebimento, cba_motivo_cancelamento, cba_data_cancelamento)
VALUES (3, 75, '2019-03-21 16:14', '2019-03-22', 99, (SELECT psa_id FROM psa_pessoa WHERE psa_cli_id = (SELECT flo_id FROM flo_filiado WHERE flo_cpf = '05545959742')), '2019-03-23', null, null);
INSERT INTO dvo_divida_cobranca (dva_id, cba_id) VALUES ((SELECT max(dva_id) FROM dva_divida), (SELECT max(cba_id) FROM cba_cobranca));
INSERT INTO cbn_cobranca_evento_sindicato (cbn_descricao, prve_id, eve_id, evo_id, dva_id) VALUES ('Inscrição em evento', 5, 16979, 7, (SELECT max(dva_id) FROM dva_divida));
INSERT INTO pgo_pagamento (cba_id, psa_id, pgo_valor, pgo_situacao, pgo_data_pagamento, pgo_data_credito) VALUES ((SELECT max(cba_id) FROM cba_cobranca), (SELECT psa_id FROM psa_pessoa WHERE psa_cli_id = (SELECT flo_id FROM flo_filiado WHERE flo_cpf = '05545959742')), 75, 1, '2019-03-21', '2019-03-21');
INSERT INTO pga_pagamento_divida (dva_id, pgo_id, pga_valor) VALUES ((SELECT max(dva_id) FROM dva_divida), (SELECT max(pgo_id) FROM pgo_pagamento), 75);

INSERT INTO eve_evento_sindicato_participante (eve_id, evo_id, flo_id, eve_nome, eve_participante_telefone, eve_participante_email, eve_cpf, flo_id_responsavel, eve_presenca_confirmada, eve_data_deletado, eve_deletado)
VALUES (18063, 7, (SELECT flo_id FROM flo_filiado WHERE flo_cpf = '09665581708'), 'Julia Gongora Rodrigues', '11966300955', 'jgongora@uhgbrasil.com.br', '09665581708', null, 1, null, 2);
INSERT INTO dva_divida (psa_id_pagador, psa_id_destinatario, cmi_id, dvu_id, dva_valor, dva_valor_pago, dva_valor_acrescimo, dva_valor_desconto, dva_descricao, dvp_id, dva_data_vencimento_atual, dva_data_vencimento_inicial, dva_data_inicio_cobranca_mora, dva_data_cancelamento, dva_motivo_cancelamento, dva_cancelada, dva_tipo_cancelamento)
VALUES ((SELECT psa_id FROM psa_pessoa WHERE psa_cli_id = (SELECT flo_id FROM flo_filiado WHERE flo_cpf = '09665581708')), (SELECT psa_id FROM psa_pessoa WHERE psa_cli_id = (SELECT flo_id FROM flo_filiado WHERE flo_cpf = '09665581708')), 201904, 2, 75, 75, 0, 0, 'Inscrição em evento: Atividade Física e Comportamento Sedentário', 17, '2019-04-06', '2019-04-06', '2019-04-07', null, null, 0, null);
INSERT INTO cba_cobranca (cba_situacao, cba_valor, cba_data_cadastro, cba_data_vencimento, cba_tipo_remessa, psa_id, cba_data_limite_recebimento, cba_motivo_cancelamento, cba_data_cancelamento)
VALUES (3, 75, '2019-04-05 21:54', '2019-04-06', 99, (SELECT psa_id FROM psa_pessoa WHERE psa_cli_id = (SELECT flo_id FROM flo_filiado WHERE flo_cpf = '09665581708')), '2019-04-07', null, null);
INSERT INTO dvo_divida_cobranca (dva_id, cba_id) VALUES ((SELECT max(dva_id) FROM dva_divida), (SELECT max(cba_id) FROM cba_cobranca));
INSERT INTO cbn_cobranca_evento_sindicato (cbn_descricao, prve_id, eve_id, evo_id, dva_id) VALUES ('Inscrição em evento', 5, 18063, 7, (SELECT max(dva_id) FROM dva_divida));
INSERT INTO pgo_pagamento (cba_id, psa_id, pgo_valor, pgo_situacao, pgo_data_pagamento, pgo_data_credito) VALUES ((SELECT max(cba_id) FROM cba_cobranca), (SELECT psa_id FROM psa_pessoa WHERE psa_cli_id = (SELECT flo_id FROM flo_filiado WHERE flo_cpf = '09665581708')), 75, 1, '2019-04-15', '2019-04-15');
INSERT INTO pga_pagamento_divida (dva_id, pgo_id, pga_valor) VALUES ((SELECT max(dva_id) FROM dva_divida), (SELECT max(pgo_id) FROM pgo_pagamento), 75);

INSERT INTO eve_evento_sindicato_participante (eve_id, evo_id, flo_id, eve_nome, eve_participante_telefone, eve_participante_email, eve_cpf, flo_id_responsavel, eve_presenca_confirmada, eve_data_deletado, eve_deletado)
VALUES (14969, 7, (SELECT flo_id FROM flo_filiado WHERE flo_cpf = '93550340753'), 'Karla Costa Kurtz', '21999715341', 'karlakurtz4572@gmail.com', '93550340753', null, 1, null, 2);
INSERT INTO dva_divida (psa_id_pagador, psa_id_destinatario, cmi_id, dvu_id, dva_valor, dva_valor_pago, dva_valor_acrescimo, dva_valor_desconto, dva_descricao, dvp_id, dva_data_vencimento_atual, dva_data_vencimento_inicial, dva_data_inicio_cobranca_mora, dva_data_cancelamento, dva_motivo_cancelamento, dva_cancelada, dva_tipo_cancelamento)
VALUES ((SELECT psa_id FROM psa_pessoa WHERE psa_cli_id = (SELECT flo_id FROM flo_filiado WHERE flo_cpf = '93550340753')), (SELECT psa_id FROM psa_pessoa WHERE psa_cli_id = (SELECT flo_id FROM flo_filiado WHERE flo_cpf = '93550340753')), 201903, 2, 75, 75, 0, 0, 'Inscrição em evento: Atividade Física e Comportamento Sedentário', 17, '2019-03-19', '2019-03-19', '2019-03-20', null, null, 0, null);
INSERT INTO cba_cobranca (cba_situacao, cba_valor, cba_data_cadastro, cba_data_vencimento, cba_tipo_remessa, psa_id, cba_data_limite_recebimento, cba_motivo_cancelamento, cba_data_cancelamento)
VALUES (3, 75, '2019-03-18 11:44', '2019-03-19', 99, (SELECT psa_id FROM psa_pessoa WHERE psa_cli_id = (SELECT flo_id FROM flo_filiado WHERE flo_cpf = '93550340753')), '2019-03-20', null, null);
INSERT INTO dvo_divida_cobranca (dva_id, cba_id) VALUES ((SELECT max(dva_id) FROM dva_divida), (SELECT max(cba_id) FROM cba_cobranca));
INSERT INTO cbn_cobranca_evento_sindicato (cbn_descricao, prve_id, eve_id, evo_id, dva_id) VALUES ('Inscrição em evento', 5, 14969, 7, (SELECT max(dva_id) FROM dva_divida));
INSERT INTO pgo_pagamento (cba_id, psa_id, pgo_valor, pgo_situacao, pgo_data_pagamento, pgo_data_credito) VALUES ((SELECT max(cba_id) FROM cba_cobranca), (SELECT psa_id FROM psa_pessoa WHERE psa_cli_id = (SELECT flo_id FROM flo_filiado WHERE flo_cpf = '93550340753')), 75, 1, '2019-03-18', '2019-03-18');
INSERT INTO pga_pagamento_divida (dva_id, pgo_id, pga_valor) VALUES ((SELECT max(dva_id) FROM dva_divida), (SELECT max(pgo_id) FROM pgo_pagamento), 75);

INSERT INTO eve_evento_sindicato_participante (eve_id, evo_id, flo_id, eve_nome, eve_participante_telefone, eve_participante_email, eve_cpf, flo_id_responsavel, eve_presenca_confirmada, eve_data_deletado, eve_deletado)
VALUES (17194, 7, (SELECT flo_id FROM flo_filiado WHERE flo_cpf = '34994120803'), 'Leonardo Calix Soares', '11999321712', 'leonardo.calix@sescsp.org.br', '34994120803', null, 1, null, 2);
INSERT INTO dva_divida (psa_id_pagador, psa_id_destinatario, cmi_id, dvu_id, dva_valor, dva_valor_pago, dva_valor_acrescimo, dva_valor_desconto, dva_descricao, dvp_id, dva_data_vencimento_atual, dva_data_vencimento_inicial, dva_data_inicio_cobranca_mora, dva_data_cancelamento, dva_motivo_cancelamento, dva_cancelada, dva_tipo_cancelamento)
VALUES ((SELECT psa_id FROM psa_pessoa WHERE psa_cli_id = (SELECT flo_id FROM flo_filiado WHERE flo_cpf = '34994120803')), (SELECT psa_id FROM psa_pessoa WHERE psa_cli_id = (SELECT flo_id FROM flo_filiado WHERE flo_cpf = '34994120803')), 201903, 2, 75, 0, 0, 75, 'Inscrição em evento: Atividade Física e Comportamento Sedentário', 17, '2019-03-26', '2019-03-26', '2019-03-27', null, null, 0, null);
INSERT INTO cba_cobranca (cba_situacao, cba_valor, cba_data_cadastro, cba_data_vencimento, cba_tipo_remessa, psa_id, cba_data_limite_recebimento, cba_motivo_cancelamento, cba_data_cancelamento)
VALUES (4, 75, '2019-03-25 14:17', '2019-03-26', 99, (SELECT psa_id FROM psa_pessoa WHERE psa_cli_id = (SELECT flo_id FROM flo_filiado WHERE flo_cpf = '34994120803')), '2019-03-27', 'Concessão de isenção', '2019-03-25 14:17');
INSERT INTO dvo_divida_cobranca (dva_id, cba_id) VALUES ((SELECT max(dva_id) FROM dva_divida), (SELECT max(cba_id) FROM cba_cobranca));
INSERT INTO dvt_divida_desconto (dva_id, dvt_valor, dvt_descricao, dvt_data_cadastro) VALUES ((SELECT max(dva_id) FROM dva_divida), 75, 'Concessão de isenção', '2019-03-25 14:17');
INSERT INTO cbn_cobranca_evento_sindicato (cbn_descricao, prve_id, eve_id, evo_id, dva_id) VALUES ('Inscrição em evento', 5, 17194, 7, (SELECT max(dva_id) FROM dva_divida));

INSERT INTO eve_evento_sindicato_participante (eve_id, evo_id, flo_id, eve_nome, eve_participante_telefone, eve_participante_email, eve_cpf, flo_id_responsavel, eve_presenca_confirmada, eve_data_deletado, eve_deletado)
VALUES (18025, 7, (SELECT flo_id FROM flo_filiado WHERE flo_cpf = '35244843877'), 'Leonardo Venancio', '11987576021', 'leonardo.venancio@galcorr.com.br', '35244843877', (SELECT flo_id FROM flo_filiado WHERE flo_nome = 'Galcorr Corretora de Seguros.'), 1, null, 2);
INSERT INTO dva_divida (psa_id_pagador, psa_id_destinatario, cmi_id, dvu_id, dva_valor, dva_valor_pago, dva_valor_acrescimo, dva_valor_desconto, dva_descricao, dvp_id, dva_data_vencimento_atual, dva_data_vencimento_inicial, dva_data_inicio_cobranca_mora, dva_data_cancelamento, dva_motivo_cancelamento, dva_cancelada, dva_tipo_cancelamento)
VALUES ((SELECT psa_id FROM psa_pessoa WHERE psa_cli_id = (SELECT flo_id FROM flo_filiado WHERE flo_cpf = '35244843877')), (SELECT psa_id FROM psa_pessoa WHERE psa_cli_id = (SELECT flo_id FROM flo_filiado WHERE flo_cpf = '35244843877')), 201904, 2, 75, 75, 0, 0, 'Inscrição em evento: Atividade Física e Comportamento Sedentário', 17, '2019-04-06', '2019-04-06', '2019-04-07', null, null, 0, null);
INSERT INTO cba_cobranca (cba_situacao, cba_valor, cba_data_cadastro, cba_data_vencimento, cba_tipo_remessa, psa_id, cba_data_limite_recebimento, cba_motivo_cancelamento, cba_data_cancelamento)
VALUES (3, 75, '2019-04-05 15:34', '2019-04-06', 99, (SELECT psa_id FROM psa_pessoa WHERE psa_cli_id = (SELECT flo_id FROM flo_filiado WHERE flo_cpf = '35244843877')), '2019-04-07', null, null);
INSERT INTO dvo_divida_cobranca (dva_id, cba_id) VALUES ((SELECT max(dva_id) FROM dva_divida), (SELECT max(cba_id) FROM cba_cobranca));
INSERT INTO cbn_cobranca_evento_sindicato (cbn_descricao, prve_id, eve_id, evo_id, dva_id) VALUES ('Inscrição em evento', 5, 18025, 7, (SELECT max(dva_id) FROM dva_divida));
INSERT INTO pgo_pagamento (cba_id, psa_id, pgo_valor, pgo_situacao, pgo_data_pagamento, pgo_data_credito) VALUES ((SELECT max(cba_id) FROM cba_cobranca), (SELECT psa_id FROM psa_pessoa WHERE psa_cli_id = (SELECT flo_id FROM flo_filiado WHERE flo_cpf = '35244843877')), 75, 1, '2019-04-05', '2019-04-05');
INSERT INTO pga_pagamento_divida (dva_id, pgo_id, pga_valor) VALUES ((SELECT max(dva_id) FROM dva_divida), (SELECT max(pgo_id) FROM pgo_pagamento), 75);

INSERT INTO eve_evento_sindicato_participante (eve_id, evo_id, flo_id, eve_nome, eve_participante_telefone, eve_participante_email, eve_cpf, flo_id_responsavel, eve_presenca_confirmada, eve_data_deletado, eve_deletado)
VALUES (18579, 7, (SELECT flo_id FROM flo_filiado WHERE flo_cpf = '21580470890'), 'Ligia Lacerda da Costa Meirelles', '11992160849', 'ligia.meirelles@segurosunimed.com.br', '21580470890', 169397, 1, null, 2);
INSERT INTO dva_divida (psa_id_pagador, psa_id_destinatario, cmi_id, dvu_id, dva_valor, dva_valor_pago, dva_valor_acrescimo, dva_valor_desconto, dva_descricao, dvp_id, dva_data_vencimento_atual, dva_data_vencimento_inicial, dva_data_inicio_cobranca_mora, dva_data_cancelamento, dva_motivo_cancelamento, dva_cancelada, dva_tipo_cancelamento)
VALUES ((SELECT psa_id FROM psa_pessoa WHERE psa_cli_id = (SELECT flo_id FROM flo_filiado WHERE flo_cpf = '21580470890')), (SELECT psa_id FROM psa_pessoa WHERE psa_cli_id = (SELECT flo_id FROM flo_filiado WHERE flo_cpf = '21580470890')), 201904, 2, 75, 75, 0, 0, 'Inscrição em evento: Atividade Física e Comportamento Sedentário', 17, '2019-04-12', '2019-04-12', '2019-04-13', null, null, 0, null);
INSERT INTO cba_cobranca (cba_situacao, cba_valor, cba_data_cadastro, cba_data_vencimento, cba_tipo_remessa, psa_id, cba_data_limite_recebimento, cba_motivo_cancelamento, cba_data_cancelamento)
VALUES (3, 75, '2019-04-11 14:57', '2019-04-12', 99, (SELECT psa_id FROM psa_pessoa WHERE psa_cli_id = (SELECT flo_id FROM flo_filiado WHERE flo_cpf = '21580470890')), '2019-04-13', null, null);
INSERT INTO dvo_divida_cobranca (dva_id, cba_id) VALUES ((SELECT max(dva_id) FROM dva_divida), (SELECT max(cba_id) FROM cba_cobranca));
INSERT INTO cbn_cobranca_evento_sindicato (cbn_descricao, prve_id, eve_id, evo_id, dva_id) VALUES ('Inscrição em evento', 5, 18579, 7, (SELECT max(dva_id) FROM dva_divida));
INSERT INTO pgo_pagamento (cba_id, psa_id, pgo_valor, pgo_situacao, pgo_data_pagamento, pgo_data_credito) VALUES ((SELECT max(cba_id) FROM cba_cobranca), (SELECT psa_id FROM psa_pessoa WHERE psa_cli_id = (SELECT flo_id FROM flo_filiado WHERE flo_cpf = '21580470890')), 75, 1, '2019-04-11', '2019-04-11');
INSERT INTO pga_pagamento_divida (dva_id, pgo_id, pga_valor) VALUES ((SELECT max(dva_id) FROM dva_divida), (SELECT max(pgo_id) FROM pgo_pagamento), 75);

INSERT INTO eve_evento_sindicato_participante (eve_id, evo_id, flo_id, eve_nome, eve_participante_telefone, eve_participante_email, eve_cpf, flo_id_responsavel, eve_presenca_confirmada, eve_data_deletado, eve_deletado)
VALUES (17994, 7, (SELECT flo_id FROM flo_filiado WHERE flo_cpf = '24672966879'), 'Luciana Crosariol', '11984042627', 'luciana.crosariol@gmail.com', '24672966879', null, 1, null, 2);
INSERT INTO dva_divida (psa_id_pagador, psa_id_destinatario, cmi_id, dvu_id, dva_valor, dva_valor_pago, dva_valor_acrescimo, dva_valor_desconto, dva_descricao, dvp_id, dva_data_vencimento_atual, dva_data_vencimento_inicial, dva_data_inicio_cobranca_mora, dva_data_cancelamento, dva_motivo_cancelamento, dva_cancelada, dva_tipo_cancelamento)
VALUES ((SELECT psa_id FROM psa_pessoa WHERE psa_cli_id = (SELECT flo_id FROM flo_filiado WHERE flo_cpf = '24672966879')), (SELECT psa_id FROM psa_pessoa WHERE psa_cli_id = (SELECT flo_id FROM flo_filiado WHERE flo_cpf = '24672966879')), 201904, 2, 75, 75, 0, 0, 'Inscrição em evento: Atividade Física e Comportamento Sedentário', 17, '2019-04-06', '2019-04-06', '2019-04-07', null, null, 0, null);
INSERT INTO cba_cobranca (cba_situacao, cba_valor, cba_data_cadastro, cba_data_vencimento, cba_tipo_remessa, psa_id, cba_data_limite_recebimento, cba_motivo_cancelamento, cba_data_cancelamento)
VALUES (3, 75, '2019-04-05 10:39', '2019-04-06', 99, (SELECT psa_id FROM psa_pessoa WHERE psa_cli_id = (SELECT flo_id FROM flo_filiado WHERE flo_cpf = '24672966879')), '2019-04-07', null, null);
INSERT INTO dvo_divida_cobranca (dva_id, cba_id) VALUES ((SELECT max(dva_id) FROM dva_divida), (SELECT max(cba_id) FROM cba_cobranca));
INSERT INTO cbn_cobranca_evento_sindicato (cbn_descricao, prve_id, eve_id, evo_id, dva_id) VALUES ('Inscrição em evento', 5, 17994, 7, (SELECT max(dva_id) FROM dva_divida));
INSERT INTO pgo_pagamento (cba_id, psa_id, pgo_valor, pgo_situacao, pgo_data_pagamento, pgo_data_credito) VALUES ((SELECT max(cba_id) FROM cba_cobranca), (SELECT psa_id FROM psa_pessoa WHERE psa_cli_id = (SELECT flo_id FROM flo_filiado WHERE flo_cpf = '24672966879')), 75, 1, '2019-04-06', '2019-04-06');
INSERT INTO pga_pagamento_divida (dva_id, pgo_id, pga_valor) VALUES ((SELECT max(dva_id) FROM dva_divida), (SELECT max(pgo_id) FROM pgo_pagamento), 75);

INSERT INTO eve_evento_sindicato_participante (eve_id, evo_id, flo_id, eve_nome, eve_participante_telefone, eve_participante_email, eve_cpf, flo_id_responsavel, eve_presenca_confirmada, eve_data_deletado, eve_deletado)
VALUES (18267, 7, (SELECT flo_id FROM flo_filiado WHERE flo_cpf = '28514577808'), 'Luis Gustavo Gomes da Silva', '11987576021', 'saude@galcorr.com.br', '28514577808', (SELECT flo_id FROM flo_filiado WHERE flo_nome = 'Galcorr Corretora de Seguros.'), 1, null, 2);
INSERT INTO dva_divida (psa_id_pagador, psa_id_destinatario, cmi_id, dvu_id, dva_valor, dva_valor_pago, dva_valor_acrescimo, dva_valor_desconto, dva_descricao, dvp_id, dva_data_vencimento_atual, dva_data_vencimento_inicial, dva_data_inicio_cobranca_mora, dva_data_cancelamento, dva_motivo_cancelamento, dva_cancelada, dva_tipo_cancelamento)
VALUES ((SELECT psa_id FROM psa_pessoa WHERE psa_cli_id = (SELECT flo_id FROM flo_filiado WHERE flo_cpf = '28514577808')), (SELECT psa_id FROM psa_pessoa WHERE psa_cli_id = (SELECT flo_id FROM flo_filiado WHERE flo_cpf = '28514577808')), 201904, 2, 75, 75, 0, 0, 'Inscrição em evento: Atividade Física e Comportamento Sedentário', 17, '2019-04-10', '2019-04-10', '2019-04-11', null, null, 0, null);
INSERT INTO cba_cobranca (cba_situacao, cba_valor, cba_data_cadastro, cba_data_vencimento, cba_tipo_remessa, psa_id, cba_data_limite_recebimento, cba_motivo_cancelamento, cba_data_cancelamento)
VALUES (3, 75, '2019-04-09 08:58', '2019-04-10', 99, (SELECT psa_id FROM psa_pessoa WHERE psa_cli_id = (SELECT flo_id FROM flo_filiado WHERE flo_cpf = '28514577808')), '2019-04-11', null, null);
INSERT INTO dvo_divida_cobranca (dva_id, cba_id) VALUES ((SELECT max(dva_id) FROM dva_divida), (SELECT max(cba_id) FROM cba_cobranca));
INSERT INTO cbn_cobranca_evento_sindicato (cbn_descricao, prve_id, eve_id, evo_id, dva_id) VALUES ('Inscrição em evento', 5, 18267, 7, (SELECT max(dva_id) FROM dva_divida));
INSERT INTO pgo_pagamento (cba_id, psa_id, pgo_valor, pgo_situacao, pgo_data_pagamento, pgo_data_credito) VALUES ((SELECT max(cba_id) FROM cba_cobranca), (SELECT psa_id FROM psa_pessoa WHERE psa_cli_id = (SELECT flo_id FROM flo_filiado WHERE flo_cpf = '28514577808')), 75, 1, '2019-04-09', '2019-04-09');
INSERT INTO pga_pagamento_divida (dva_id, pgo_id, pga_valor) VALUES ((SELECT max(dva_id) FROM dva_divida), (SELECT max(pgo_id) FROM pgo_pagamento), 75);

INSERT INTO eve_evento_sindicato_participante (eve_id, evo_id, flo_id, eve_nome, eve_participante_telefone, eve_participante_email, eve_cpf, flo_id_responsavel, eve_presenca_confirmada, eve_data_deletado, eve_deletado)
VALUES (17694, 7, (SELECT flo_id FROM flo_filiado WHERE flo_cpf = '09609883869'), 'Luiz Fernando de Barros', '11996262950', 'peritolfb@gmail.com', '09609883869', null, 1, null, 2);
INSERT INTO dva_divida (psa_id_pagador, psa_id_destinatario, cmi_id, dvu_id, dva_valor, dva_valor_pago, dva_valor_acrescimo, dva_valor_desconto, dva_descricao, dvp_id, dva_data_vencimento_atual, dva_data_vencimento_inicial, dva_data_inicio_cobranca_mora, dva_data_cancelamento, dva_motivo_cancelamento, dva_cancelada, dva_tipo_cancelamento)
VALUES ((SELECT psa_id FROM psa_pessoa WHERE psa_cli_id = (SELECT flo_id FROM flo_filiado WHERE flo_cpf = '09609883869')), (SELECT psa_id FROM psa_pessoa WHERE psa_cli_id = (SELECT flo_id FROM flo_filiado WHERE flo_cpf = '09609883869')), 201904, 2, 75, 0, 0, 75, 'Inscrição em evento: Atividade Física e Comportamento Sedentário', 17, '2019-04-02', '2019-04-02', '2019-04-03', null, null, 0, null);
INSERT INTO cba_cobranca (cba_situacao, cba_valor, cba_data_cadastro, cba_data_vencimento, cba_tipo_remessa, psa_id, cba_data_limite_recebimento, cba_motivo_cancelamento, cba_data_cancelamento)
VALUES (4, 75, '2019-04-01 15:21', '2019-04-02', 99, (SELECT psa_id FROM psa_pessoa WHERE psa_cli_id = (SELECT flo_id FROM flo_filiado WHERE flo_cpf = '09609883869')), '2019-04-03', 'Concessão de isenção', '2019-04-01 15:21');
INSERT INTO dvo_divida_cobranca (dva_id, cba_id) VALUES ((SELECT max(dva_id) FROM dva_divida), (SELECT max(cba_id) FROM cba_cobranca));
INSERT INTO dvt_divida_desconto (dva_id, dvt_valor, dvt_descricao, dvt_data_cadastro) VALUES ((SELECT max(dva_id) FROM dva_divida), 75, 'Concessão de isenção', '2019-04-01 15:21');
INSERT INTO cbn_cobranca_evento_sindicato (cbn_descricao, prve_id, eve_id, evo_id, dva_id) VALUES ('Inscrição em evento', 5, 17694, 7, (SELECT max(dva_id) FROM dva_divida));

INSERT INTO eve_evento_sindicato_participante (eve_id, evo_id, flo_id, eve_nome, eve_participante_telefone, eve_participante_email, eve_cpf, flo_id_responsavel, eve_presenca_confirmada, eve_data_deletado, eve_deletado)
VALUES (17793, 7, (SELECT flo_id FROM flo_filiado WHERE flo_cpf = '05806803805'), 'Marcia Cristina Castanhari Mandelli', '11999005986', 'feramandelli@yahoo.com.br', '05806803805', null, 1, null, 2);
INSERT INTO dva_divida (psa_id_pagador, psa_id_destinatario, cmi_id, dvu_id, dva_valor, dva_valor_pago, dva_valor_acrescimo, dva_valor_desconto, dva_descricao, dvp_id, dva_data_vencimento_atual, dva_data_vencimento_inicial, dva_data_inicio_cobranca_mora, dva_data_cancelamento, dva_motivo_cancelamento, dva_cancelada, dva_tipo_cancelamento)
VALUES ((SELECT psa_id FROM psa_pessoa WHERE psa_cli_id = (SELECT flo_id FROM flo_filiado WHERE flo_cpf = '05806803805')), (SELECT psa_id FROM psa_pessoa WHERE psa_cli_id = (SELECT flo_id FROM flo_filiado WHERE flo_cpf = '05806803805')), 201904, 2, 75, 75, 0, 0, 'Inscrição em evento: Atividade Física e Comportamento Sedentário', 17, '2019-04-04', '2019-04-04', '2019-04-05', null, null, 0, null);
INSERT INTO cba_cobranca (cba_situacao, cba_valor, cba_data_cadastro, cba_data_vencimento, cba_tipo_remessa, psa_id, cba_data_limite_recebimento, cba_motivo_cancelamento, cba_data_cancelamento)
VALUES (3, 75, '2019-04-03 09:33', '2019-04-04', 99, (SELECT psa_id FROM psa_pessoa WHERE psa_cli_id = (SELECT flo_id FROM flo_filiado WHERE flo_cpf = '05806803805')), '2019-04-05', null, null);
INSERT INTO dvo_divida_cobranca (dva_id, cba_id) VALUES ((SELECT max(dva_id) FROM dva_divida), (SELECT max(cba_id) FROM cba_cobranca));
INSERT INTO cbn_cobranca_evento_sindicato (cbn_descricao, prve_id, eve_id, evo_id, dva_id) VALUES ('Inscrição em evento', 5, 17793, 7, (SELECT max(dva_id) FROM dva_divida));
INSERT INTO pgo_pagamento (cba_id, psa_id, pgo_valor, pgo_situacao, pgo_data_pagamento, pgo_data_credito) VALUES ((SELECT max(cba_id) FROM cba_cobranca), (SELECT psa_id FROM psa_pessoa WHERE psa_cli_id = (SELECT flo_id FROM flo_filiado WHERE flo_cpf = '05806803805')), 75, 1, '2019-04-05', '2019-04-05');
INSERT INTO pga_pagamento_divida (dva_id, pgo_id, pga_valor) VALUES ((SELECT max(dva_id) FROM dva_divida), (SELECT max(pgo_id) FROM pgo_pagamento), 75);

INSERT INTO eve_evento_sindicato_participante (eve_id, evo_id, flo_id, eve_nome, eve_participante_telefone, eve_participante_email, eve_cpf, flo_id_responsavel, eve_presenca_confirmada, eve_data_deletado, eve_deletado)
VALUES (17869, 7, (SELECT flo_id FROM flo_filiado WHERE flo_cpf = '08936780824'), 'Marcos Antonio Franco', '11981804994', 'marcos.franco@intercement.com', '08936780824', (SELECT flo_id FROM flo_filiado WHERE flo_nome = 'Intercement'), 1, null, 2);
INSERT INTO dva_divida (psa_id_pagador, psa_id_destinatario, cmi_id, dvu_id, dva_valor, dva_valor_pago, dva_valor_acrescimo, dva_valor_desconto, dva_descricao, dvp_id, dva_data_vencimento_atual, dva_data_vencimento_inicial, dva_data_inicio_cobranca_mora, dva_data_cancelamento, dva_motivo_cancelamento, dva_cancelada, dva_tipo_cancelamento)
VALUES ((SELECT psa_id FROM psa_pessoa WHERE psa_cli_id = (SELECT flo_id FROM flo_filiado WHERE flo_cpf = '08936780824')), (SELECT psa_id FROM psa_pessoa WHERE psa_cli_id = (SELECT flo_id FROM flo_filiado WHERE flo_cpf = '08936780824')), 201904, 2, 75, 75, 0, 0, 'Inscrição em evento: Atividade Física e Comportamento Sedentário', 17, '2019-04-05', '2019-04-05', '2019-04-06', null, null, 0, null);
INSERT INTO cba_cobranca (cba_situacao, cba_valor, cba_data_cadastro, cba_data_vencimento, cba_tipo_remessa, psa_id, cba_data_limite_recebimento, cba_motivo_cancelamento, cba_data_cancelamento)
VALUES (3, 75, '2019-04-04 09:27', '2019-04-05', 99, (SELECT psa_id FROM psa_pessoa WHERE psa_cli_id = (SELECT flo_id FROM flo_filiado WHERE flo_cpf = '08936780824')), '2019-04-06', null, null);
INSERT INTO dvo_divida_cobranca (dva_id, cba_id) VALUES ((SELECT max(dva_id) FROM dva_divida), (SELECT max(cba_id) FROM cba_cobranca));
INSERT INTO cbn_cobranca_evento_sindicato (cbn_descricao, prve_id, eve_id, evo_id, dva_id) VALUES ('Inscrição em evento', 5, 17869, 7, (SELECT max(dva_id) FROM dva_divida));
INSERT INTO pgo_pagamento (cba_id, psa_id, pgo_valor, pgo_situacao, pgo_data_pagamento, pgo_data_credito) VALUES ((SELECT max(cba_id) FROM cba_cobranca), (SELECT psa_id FROM psa_pessoa WHERE psa_cli_id = (SELECT flo_id FROM flo_filiado WHERE flo_cpf = '08936780824')), 75, 1, '2019-04-04', '2019-04-04');
INSERT INTO pga_pagamento_divida (dva_id, pgo_id, pga_valor) VALUES ((SELECT max(dva_id) FROM dva_divida), (SELECT max(pgo_id) FROM pgo_pagamento), 75);

INSERT INTO eve_evento_sindicato_participante (eve_id, evo_id, flo_id, eve_nome, eve_participante_telefone, eve_participante_email, eve_cpf, flo_id_responsavel, eve_presenca_confirmada, eve_data_deletado, eve_deletado)
VALUES (16881, 7, (SELECT flo_id FROM flo_filiado WHERE flo_cpf = '33949158049'), 'Maria Cristina de Azevedo', '11991427242', 'crisdeazevedo@hotmail.com', '33949158049', null, 1, null, 2);
INSERT INTO dva_divida (psa_id_pagador, psa_id_destinatario, cmi_id, dvu_id, dva_valor, dva_valor_pago, dva_valor_acrescimo, dva_valor_desconto, dva_descricao, dvp_id, dva_data_vencimento_atual, dva_data_vencimento_inicial, dva_data_inicio_cobranca_mora, dva_data_cancelamento, dva_motivo_cancelamento, dva_cancelada, dva_tipo_cancelamento)
VALUES ((SELECT psa_id FROM psa_pessoa WHERE psa_cli_id = (SELECT flo_id FROM flo_filiado WHERE flo_cpf = '33949158049')), (SELECT psa_id FROM psa_pessoa WHERE psa_cli_id = (SELECT flo_id FROM flo_filiado WHERE flo_cpf = '33949158049')), 201903, 2, 75, 75, 0, 0, 'Inscrição em evento: Atividade Física e Comportamento Sedentário', 17, '2019-03-21', '2019-03-21', '2019-03-22', null, null, 0, null);
INSERT INTO cba_cobranca (cba_situacao, cba_valor, cba_data_cadastro, cba_data_vencimento, cba_tipo_remessa, psa_id, cba_data_limite_recebimento, cba_motivo_cancelamento, cba_data_cancelamento)
VALUES (3, 75, '2019-03-20 10:14', '2019-03-21', 99, (SELECT psa_id FROM psa_pessoa WHERE psa_cli_id = (SELECT flo_id FROM flo_filiado WHERE flo_cpf = '33949158049')), '2019-03-22', null, null);
INSERT INTO dvo_divida_cobranca (dva_id, cba_id) VALUES ((SELECT max(dva_id) FROM dva_divida), (SELECT max(cba_id) FROM cba_cobranca));
INSERT INTO cbn_cobranca_evento_sindicato (cbn_descricao, prve_id, eve_id, evo_id, dva_id) VALUES ('Inscrição em evento', 5, 16881, 7, (SELECT max(dva_id) FROM dva_divida));
INSERT INTO pgo_pagamento (cba_id, psa_id, pgo_valor, pgo_situacao, pgo_data_pagamento, pgo_data_credito) VALUES ((SELECT max(cba_id) FROM cba_cobranca), (SELECT psa_id FROM psa_pessoa WHERE psa_cli_id = (SELECT flo_id FROM flo_filiado WHERE flo_cpf = '33949158049')), 75, 1, '2019-03-27', '2019-03-27');
INSERT INTO pga_pagamento_divida (dva_id, pgo_id, pga_valor) VALUES ((SELECT max(dva_id) FROM dva_divida), (SELECT max(pgo_id) FROM pgo_pagamento), 75);

INSERT INTO eve_evento_sindicato_participante (eve_id, evo_id, flo_id, eve_nome, eve_participante_telefone, eve_participante_email, eve_cpf, flo_id_responsavel, eve_presenca_confirmada, eve_data_deletado, eve_deletado)
VALUES (18289, 7, (SELECT flo_id FROM flo_filiado WHERE flo_cpf = '36885400858'), 'Mariana Bregion Lourenço', '1131654811', 'mblourenco@rd.com.br', '36885400858', 207713, 1, null, 2);
INSERT INTO dva_divida (psa_id_pagador, psa_id_destinatario, cmi_id, dvu_id, dva_valor, dva_valor_pago, dva_valor_acrescimo, dva_valor_desconto, dva_descricao, dvp_id, dva_data_vencimento_atual, dva_data_vencimento_inicial, dva_data_inicio_cobranca_mora, dva_data_cancelamento, dva_motivo_cancelamento, dva_cancelada, dva_tipo_cancelamento)
VALUES ((SELECT psa_id FROM psa_pessoa WHERE psa_cli_id = (SELECT flo_id FROM flo_filiado WHERE flo_cpf = '36885400858')), (SELECT psa_id FROM psa_pessoa WHERE psa_cli_id = (SELECT flo_id FROM flo_filiado WHERE flo_cpf = '36885400858')), 201904, 2, 75, 75, 0, 0, 'Inscrição em evento: Atividade Física e Comportamento Sedentário', 17, '2019-04-10', '2019-04-10', '2019-04-11', null, null, 0, null);
INSERT INTO cba_cobranca (cba_situacao, cba_valor, cba_data_cadastro, cba_data_vencimento, cba_tipo_remessa, psa_id, cba_data_limite_recebimento, cba_motivo_cancelamento, cba_data_cancelamento)
VALUES (3, 75, '2019-04-09 10:58', '2019-04-10', 99, (SELECT psa_id FROM psa_pessoa WHERE psa_cli_id = (SELECT flo_id FROM flo_filiado WHERE flo_cpf = '36885400858')), '2019-04-11', null, null);
INSERT INTO dvo_divida_cobranca (dva_id, cba_id) VALUES ((SELECT max(dva_id) FROM dva_divida), (SELECT max(cba_id) FROM cba_cobranca));
INSERT INTO cbn_cobranca_evento_sindicato (cbn_descricao, prve_id, eve_id, evo_id, dva_id) VALUES ('Inscrição em evento', 5, 18289, 7, (SELECT max(dva_id) FROM dva_divida));
INSERT INTO pgo_pagamento (cba_id, psa_id, pgo_valor, pgo_situacao, pgo_data_pagamento, pgo_data_credito) VALUES ((SELECT max(cba_id) FROM cba_cobranca), (SELECT psa_id FROM psa_pessoa WHERE psa_cli_id = (SELECT flo_id FROM flo_filiado WHERE flo_cpf = '36885400858')), 75, 1, '2019-04-09', '2019-04-09');
INSERT INTO pga_pagamento_divida (dva_id, pgo_id, pga_valor) VALUES ((SELECT max(dva_id) FROM dva_divida), (SELECT max(pgo_id) FROM pgo_pagamento), 75);

INSERT INTO eve_evento_sindicato_participante (eve_id, evo_id, flo_id, eve_nome, eve_participante_telefone, eve_participante_email, eve_cpf, flo_id_responsavel, eve_presenca_confirmada, eve_data_deletado, eve_deletado)
VALUES (17747, 7, (SELECT flo_id FROM flo_filiado WHERE flo_cpf = '11566074851'), 'Marisa Mateus dos Santos', '11993896777', 'msantos@espm.br', '11566074851', null, 2, '2019-04-02 13:59', 1);
INSERT INTO dva_divida (psa_id_pagador, psa_id_destinatario, cmi_id, dvu_id, dva_valor, dva_valor_pago, dva_valor_acrescimo, dva_valor_desconto, dva_descricao, dvp_id, dva_data_vencimento_atual, dva_data_vencimento_inicial, dva_data_inicio_cobranca_mora, dva_data_cancelamento, dva_motivo_cancelamento, dva_cancelada, dva_tipo_cancelamento)
VALUES ((SELECT psa_id FROM psa_pessoa WHERE psa_cli_id = (SELECT flo_id FROM flo_filiado WHERE flo_cpf = '11566074851')), (SELECT psa_id FROM psa_pessoa WHERE psa_cli_id = (SELECT flo_id FROM flo_filiado WHERE flo_cpf = '11566074851')), 201904, 1, 75, 0, 0, 0, 'Inscrição em evento: Atividade Física e Comportamento Sedentário', 17, '2019-04-03', '2019-04-03', '2019-04-04', '2019-04-02 13:59', 'Inscrição Cancelada', 1, 1);
INSERT INTO cba_cobranca (cba_situacao, cba_valor, cba_data_cadastro, cba_data_vencimento, cba_tipo_remessa, psa_id, cba_data_limite_recebimento, cba_motivo_cancelamento, cba_data_cancelamento)
VALUES (4, 75, '2019-04-02 13:59', '2019-04-03', 99, (SELECT psa_id FROM psa_pessoa WHERE psa_cli_id = (SELECT flo_id FROM flo_filiado WHERE flo_cpf = '11566074851')), '2019-04-04', 'Inscrição Cancelada', '2019-04-02 13:59');
INSERT INTO dvo_divida_cobranca (dva_id, cba_id) VALUES ((SELECT max(dva_id) FROM dva_divida), (SELECT max(cba_id) FROM cba_cobranca));

INSERT INTO eve_evento_sindicato_participante (eve_id, evo_id, flo_id, eve_nome, eve_participante_telefone, eve_participante_email, eve_cpf, flo_id_responsavel, eve_presenca_confirmada, eve_data_deletado, eve_deletado)
VALUES (18470, 7, (SELECT flo_id FROM flo_filiado WHERE flo_cpf = '16515106874'), 'Melissa Almeida da Silva', '11985558648', 'melissaalmeida2001@gmail.com', '16515106874', null, 2, '2019-04-10 18:20', 1);
INSERT INTO dva_divida (psa_id_pagador, psa_id_destinatario, cmi_id, dvu_id, dva_valor, dva_valor_pago, dva_valor_acrescimo, dva_valor_desconto, dva_descricao, dvp_id, dva_data_vencimento_atual, dva_data_vencimento_inicial, dva_data_inicio_cobranca_mora, dva_data_cancelamento, dva_motivo_cancelamento, dva_cancelada, dva_tipo_cancelamento)
VALUES ((SELECT psa_id FROM psa_pessoa WHERE psa_cli_id = (SELECT flo_id FROM flo_filiado WHERE flo_cpf = '16515106874')), (SELECT psa_id FROM psa_pessoa WHERE psa_cli_id = (SELECT flo_id FROM flo_filiado WHERE flo_cpf = '16515106874')), 201904, 1, 75, 0, 0, 0, 'Inscrição em evento: Atividade Física e Comportamento Sedentário', 17, '2019-04-11', '2019-04-11', '2019-04-12', '2019-04-10 18:20', 'Inscrição Cancelada', 1, 1);
INSERT INTO cba_cobranca (cba_situacao, cba_valor, cba_data_cadastro, cba_data_vencimento, cba_tipo_remessa, psa_id, cba_data_limite_recebimento, cba_motivo_cancelamento, cba_data_cancelamento)
VALUES (4, 75, '2019-04-10 18:20', '2019-04-11', 99, (SELECT psa_id FROM psa_pessoa WHERE psa_cli_id = (SELECT flo_id FROM flo_filiado WHERE flo_cpf = '16515106874')), '2019-04-12', 'Inscrição Cancelada', '2019-04-10 18:20');
INSERT INTO dvo_divida_cobranca (dva_id, cba_id) VALUES ((SELECT max(dva_id) FROM dva_divida), (SELECT max(cba_id) FROM cba_cobranca));

INSERT INTO eve_evento_sindicato_participante (eve_id, evo_id, flo_id, eve_nome, eve_participante_telefone, eve_participante_email, eve_cpf, flo_id_responsavel, eve_presenca_confirmada, eve_data_deletado, eve_deletado)
VALUES (18691, 7, (SELECT flo_id FROM flo_filiado WHERE flo_cpf = '29523483838'), 'Michelle Cons Andrades', '11987300069', 'mandrades@espm.br', '29523483838', (SELECT flo_id FROM flo_filiado WHERE flo_nome = 'Espm'), 1, null, 2);
INSERT INTO dva_divida (psa_id_pagador, psa_id_destinatario, cmi_id, dvu_id, dva_valor, dva_valor_pago, dva_valor_acrescimo, dva_valor_desconto, dva_descricao, dvp_id, dva_data_vencimento_atual, dva_data_vencimento_inicial, dva_data_inicio_cobranca_mora, dva_data_cancelamento, dva_motivo_cancelamento, dva_cancelada, dva_tipo_cancelamento)
VALUES ((SELECT psa_id FROM psa_pessoa WHERE psa_cli_id = (SELECT flo_id FROM flo_filiado WHERE flo_cpf = '29523483838')), (SELECT psa_id FROM psa_pessoa WHERE psa_cli_id = (SELECT flo_id FROM flo_filiado WHERE flo_cpf = '29523483838')), 201904, 2, 75, 75, 0, 0, 'Inscrição em evento: Atividade Física e Comportamento Sedentário', 17, '2019-04-13', '2019-04-13', '2019-04-14', null, null, 0, null);
INSERT INTO cba_cobranca (cba_situacao, cba_valor, cba_data_cadastro, cba_data_vencimento, cba_tipo_remessa, psa_id, cba_data_limite_recebimento, cba_motivo_cancelamento, cba_data_cancelamento)
VALUES (3, 75, '2019-04-12 11:53', '2019-04-13', 99, (SELECT psa_id FROM psa_pessoa WHERE psa_cli_id = (SELECT flo_id FROM flo_filiado WHERE flo_cpf = '29523483838')), '2019-04-14', null, null);
INSERT INTO dvo_divida_cobranca (dva_id, cba_id) VALUES ((SELECT max(dva_id) FROM dva_divida), (SELECT max(cba_id) FROM cba_cobranca));
INSERT INTO cbn_cobranca_evento_sindicato (cbn_descricao, prve_id, eve_id, evo_id, dva_id) VALUES ('Inscrição em evento', 5, 18691, 7, (SELECT max(dva_id) FROM dva_divida));
INSERT INTO pgo_pagamento (cba_id, psa_id, pgo_valor, pgo_situacao, pgo_data_pagamento, pgo_data_credito) VALUES ((SELECT max(cba_id) FROM cba_cobranca), (SELECT psa_id FROM psa_pessoa WHERE psa_cli_id = (SELECT flo_id FROM flo_filiado WHERE flo_cpf = '29523483838')), 75, 1, '2019-04-12', '2019-04-12');
INSERT INTO pga_pagamento_divida (dva_id, pgo_id, pga_valor) VALUES ((SELECT max(dva_id) FROM dva_divida), (SELECT max(pgo_id) FROM pgo_pagamento), 75);

INSERT INTO eve_evento_sindicato_participante (eve_id, evo_id, flo_id, eve_nome, eve_participante_telefone, eve_participante_email, eve_cpf, flo_id_responsavel, eve_presenca_confirmada, eve_data_deletado, eve_deletado)
VALUES (18588, 7, (SELECT flo_id FROM flo_filiado WHERE flo_cpf = '28846989813'), 'Miele Altimare Pilla', '19981519072', 'mapilla@mmm.com', '28846989813', (SELECT flo_id FROM flo_filiado WHERE flo_nome = '3m'), 1, null, 2);
INSERT INTO dva_divida (psa_id_pagador, psa_id_destinatario, cmi_id, dvu_id, dva_valor, dva_valor_pago, dva_valor_acrescimo, dva_valor_desconto, dva_descricao, dvp_id, dva_data_vencimento_atual, dva_data_vencimento_inicial, dva_data_inicio_cobranca_mora, dva_data_cancelamento, dva_motivo_cancelamento, dva_cancelada, dva_tipo_cancelamento)
VALUES ((SELECT psa_id FROM psa_pessoa WHERE psa_cli_id = (SELECT flo_id FROM flo_filiado WHERE flo_cpf = '28846989813')), (SELECT psa_id FROM psa_pessoa WHERE psa_cli_id = (SELECT flo_id FROM flo_filiado WHERE flo_cpf = '28846989813')), 201904, 2, 75, 75, 0, 0, 'Inscrição em evento: Atividade Física e Comportamento Sedentário', 17, '2019-04-12', '2019-04-12', '2019-04-13', null, null, 0, null);
INSERT INTO cba_cobranca (cba_situacao, cba_valor, cba_data_cadastro, cba_data_vencimento, cba_tipo_remessa, psa_id, cba_data_limite_recebimento, cba_motivo_cancelamento, cba_data_cancelamento)
VALUES (3, 75, '2019-04-11 15:28', '2019-04-12', 99, (SELECT psa_id FROM psa_pessoa WHERE psa_cli_id = (SELECT flo_id FROM flo_filiado WHERE flo_cpf = '28846989813')), '2019-04-13', null, null);
INSERT INTO dvo_divida_cobranca (dva_id, cba_id) VALUES ((SELECT max(dva_id) FROM dva_divida), (SELECT max(cba_id) FROM cba_cobranca));
INSERT INTO cbn_cobranca_evento_sindicato (cbn_descricao, prve_id, eve_id, evo_id, dva_id) VALUES ('Inscrição em evento', 5, 18588, 7, (SELECT max(dva_id) FROM dva_divida));
INSERT INTO pgo_pagamento (cba_id, psa_id, pgo_valor, pgo_situacao, pgo_data_pagamento, pgo_data_credito) VALUES ((SELECT max(cba_id) FROM cba_cobranca), (SELECT psa_id FROM psa_pessoa WHERE psa_cli_id = (SELECT flo_id FROM flo_filiado WHERE flo_cpf = '28846989813')), 75, 1, '2019-04-11', '2019-04-11');
INSERT INTO pga_pagamento_divida (dva_id, pgo_id, pga_valor) VALUES ((SELECT max(dva_id) FROM dva_divida), (SELECT max(pgo_id) FROM pgo_pagamento), 75);

INSERT INTO eve_evento_sindicato_participante (eve_id, evo_id, flo_id, eve_nome, eve_participante_telefone, eve_participante_email, eve_cpf, flo_id_responsavel, eve_presenca_confirmada, eve_data_deletado, eve_deletado)
VALUES (17861, 7, (SELECT flo_id FROM flo_filiado WHERE flo_cpf = '22188321863'), 'Milene Zulim', '11997607700', 'mzulim@intercement.com', '22188321863', (SELECT flo_id FROM flo_filiado WHERE flo_nome = 'Intercement'), 1, null, 2);
INSERT INTO dva_divida (psa_id_pagador, psa_id_destinatario, cmi_id, dvu_id, dva_valor, dva_valor_pago, dva_valor_acrescimo, dva_valor_desconto, dva_descricao, dvp_id, dva_data_vencimento_atual, dva_data_vencimento_inicial, dva_data_inicio_cobranca_mora, dva_data_cancelamento, dva_motivo_cancelamento, dva_cancelada, dva_tipo_cancelamento)
VALUES ((SELECT psa_id FROM psa_pessoa WHERE psa_cli_id = (SELECT flo_id FROM flo_filiado WHERE flo_cpf = '22188321863')), (SELECT psa_id FROM psa_pessoa WHERE psa_cli_id = (SELECT flo_id FROM flo_filiado WHERE flo_cpf = '22188321863')), 201904, 2, 75, 75, 0, 0, 'Inscrição em evento: Atividade Física e Comportamento Sedentário', 17, '2019-04-05', '2019-04-05', '2019-04-06', null, null, 0, null);
INSERT INTO cba_cobranca (cba_situacao, cba_valor, cba_data_cadastro, cba_data_vencimento, cba_tipo_remessa, psa_id, cba_data_limite_recebimento, cba_motivo_cancelamento, cba_data_cancelamento)
VALUES (3, 75, '2019-04-04 08:33', '2019-04-05', 99, (SELECT psa_id FROM psa_pessoa WHERE psa_cli_id = (SELECT flo_id FROM flo_filiado WHERE flo_cpf = '22188321863')), '2019-04-06', null, null);
INSERT INTO dvo_divida_cobranca (dva_id, cba_id) VALUES ((SELECT max(dva_id) FROM dva_divida), (SELECT max(cba_id) FROM cba_cobranca));
INSERT INTO cbn_cobranca_evento_sindicato (cbn_descricao, prve_id, eve_id, evo_id, dva_id) VALUES ('Inscrição em evento', 5, 17861, 7, (SELECT max(dva_id) FROM dva_divida));
INSERT INTO pgo_pagamento (cba_id, psa_id, pgo_valor, pgo_situacao, pgo_data_pagamento, pgo_data_credito) VALUES ((SELECT max(cba_id) FROM cba_cobranca), (SELECT psa_id FROM psa_pessoa WHERE psa_cli_id = (SELECT flo_id FROM flo_filiado WHERE flo_cpf = '22188321863')), 75, 1, '2019-04-04', '2019-04-04');
INSERT INTO pga_pagamento_divida (dva_id, pgo_id, pga_valor) VALUES ((SELECT max(dva_id) FROM dva_divida), (SELECT max(pgo_id) FROM pgo_pagamento), 75);

INSERT INTO eve_evento_sindicato_participante (eve_id, evo_id, flo_id, eve_nome, eve_participante_telefone, eve_participante_email, eve_cpf, flo_id_responsavel, eve_presenca_confirmada, eve_data_deletado, eve_deletado)
VALUES (18697, 7, (SELECT flo_id FROM flo_filiado WHERE flo_cpf = '01621916774'), 'Monica Damasceno', '11997179867', 'monicadamasceno@papauster.com.br', '01621916774', null, 1, null, 2);
INSERT INTO dva_divida (psa_id_pagador, psa_id_destinatario, cmi_id, dvu_id, dva_valor, dva_valor_pago, dva_valor_acrescimo, dva_valor_desconto, dva_descricao, dvp_id, dva_data_vencimento_atual, dva_data_vencimento_inicial, dva_data_inicio_cobranca_mora, dva_data_cancelamento, dva_motivo_cancelamento, dva_cancelada, dva_tipo_cancelamento)
VALUES ((SELECT psa_id FROM psa_pessoa WHERE psa_cli_id = (SELECT flo_id FROM flo_filiado WHERE flo_cpf = '01621916774')), (SELECT psa_id FROM psa_pessoa WHERE psa_cli_id = (SELECT flo_id FROM flo_filiado WHERE flo_cpf = '01621916774')), 201904, 2, 75, 75, 0, 0, 'Inscrição em evento: Atividade Física e Comportamento Sedentário', 17, '2019-04-13', '2019-04-13', '2019-04-14', null, null, 0, null);
INSERT INTO cba_cobranca (cba_situacao, cba_valor, cba_data_cadastro, cba_data_vencimento, cba_tipo_remessa, psa_id, cba_data_limite_recebimento, cba_motivo_cancelamento, cba_data_cancelamento)
VALUES (3, 75, '2019-04-12 13:12', '2019-04-13', 99, (SELECT psa_id FROM psa_pessoa WHERE psa_cli_id = (SELECT flo_id FROM flo_filiado WHERE flo_cpf = '01621916774')), '2019-04-14', null, null);
INSERT INTO dvo_divida_cobranca (dva_id, cba_id) VALUES ((SELECT max(dva_id) FROM dva_divida), (SELECT max(cba_id) FROM cba_cobranca));
INSERT INTO cbn_cobranca_evento_sindicato (cbn_descricao, prve_id, eve_id, evo_id, dva_id) VALUES ('Inscrição em evento', 5, 18697, 7, (SELECT max(dva_id) FROM dva_divida));
INSERT INTO pgo_pagamento (cba_id, psa_id, pgo_valor, pgo_situacao, pgo_data_pagamento, pgo_data_credito) VALUES ((SELECT max(cba_id) FROM cba_cobranca), (SELECT psa_id FROM psa_pessoa WHERE psa_cli_id = (SELECT flo_id FROM flo_filiado WHERE flo_cpf = '01621916774')), 75, 1, '2019-04-15', '2019-04-15');
INSERT INTO pga_pagamento_divida (dva_id, pgo_id, pga_valor) VALUES ((SELECT max(dva_id) FROM dva_divida), (SELECT max(pgo_id) FROM pgo_pagamento), 75);

INSERT INTO eve_evento_sindicato_participante (eve_id, evo_id, flo_id, eve_nome, eve_participante_telefone, eve_participante_email, eve_cpf, flo_id_responsavel, eve_presenca_confirmada, eve_data_deletado, eve_deletado)
VALUES (14977, 7, (SELECT flo_id FROM flo_filiado WHERE flo_cpf = '35376205860'), 'Orlando Nogueira', '1231231231', 'orlando.jva@gmail.com', '35376205860', null, 2, '2019-03-18 12:01', 1);
INSERT INTO dva_divida (psa_id_pagador, psa_id_destinatario, cmi_id, dvu_id, dva_valor, dva_valor_pago, dva_valor_acrescimo, dva_valor_desconto, dva_descricao, dvp_id, dva_data_vencimento_atual, dva_data_vencimento_inicial, dva_data_inicio_cobranca_mora, dva_data_cancelamento, dva_motivo_cancelamento, dva_cancelada, dva_tipo_cancelamento)
VALUES ((SELECT psa_id FROM psa_pessoa WHERE psa_cli_id = (SELECT flo_id FROM flo_filiado WHERE flo_cpf = '35376205860')), (SELECT psa_id FROM psa_pessoa WHERE psa_cli_id = (SELECT flo_id FROM flo_filiado WHERE flo_cpf = '35376205860')), 201903, 1, 75, 0, 0, 0, 'Inscrição em evento: Atividade Física e Comportamento Sedentário', 17, '2019-03-19', '2019-03-19', '2019-03-20', '2019-03-18 12:01', 'Inscrição Cancelada', 1, 1);
INSERT INTO cba_cobranca (cba_situacao, cba_valor, cba_data_cadastro, cba_data_vencimento, cba_tipo_remessa, psa_id, cba_data_limite_recebimento, cba_motivo_cancelamento, cba_data_cancelamento)
VALUES (4, 75, '2019-03-18 12:01', '2019-03-19', 99, (SELECT psa_id FROM psa_pessoa WHERE psa_cli_id = (SELECT flo_id FROM flo_filiado WHERE flo_cpf = '35376205860')), '2019-03-20', 'Inscrição Cancelada', '2019-03-18 12:01');
INSERT INTO dvo_divida_cobranca (dva_id, cba_id) VALUES ((SELECT max(dva_id) FROM dva_divida), (SELECT max(cba_id) FROM cba_cobranca));

INSERT INTO eve_evento_sindicato_participante (eve_id, evo_id, flo_id, eve_nome, eve_participante_telefone, eve_participante_email, eve_cpf, flo_id_responsavel, eve_presenca_confirmada, eve_data_deletado, eve_deletado)
VALUES (17629, 7, (SELECT flo_id FROM flo_filiado WHERE flo_cpf = '34162147817'), 'Paula Fiquetti Silveira', '11997705955', 'paula.fiquetti@aon.com', '34162147817', (SELECT flo_id FROM flo_filiado WHERE flo_nome = 'Aon Holdings Corretora de Seguros Ltda'), 1, null, 2);
INSERT INTO dva_divida (psa_id_pagador, psa_id_destinatario, cmi_id, dvu_id, dva_valor, dva_valor_pago, dva_valor_acrescimo, dva_valor_desconto, dva_descricao, dvp_id, dva_data_vencimento_atual, dva_data_vencimento_inicial, dva_data_inicio_cobranca_mora, dva_data_cancelamento, dva_motivo_cancelamento, dva_cancelada, dva_tipo_cancelamento)
VALUES ((SELECT psa_id FROM psa_pessoa WHERE psa_cli_id = (SELECT flo_id FROM flo_filiado WHERE flo_cpf = '34162147817')), (SELECT psa_id FROM psa_pessoa WHERE psa_cli_id = (SELECT flo_id FROM flo_filiado WHERE flo_cpf = '34162147817')), 201904, 2, 75, 0, 0, 75, 'Inscrição em evento: Atividade Física e Comportamento Sedentário', 17, '2019-04-02', '2019-04-02', '2019-04-03', null, null, 0, null);
INSERT INTO cba_cobranca (cba_situacao, cba_valor, cba_data_cadastro, cba_data_vencimento, cba_tipo_remessa, psa_id, cba_data_limite_recebimento, cba_motivo_cancelamento, cba_data_cancelamento)
VALUES (4, 75, '2019-04-01 08:23', '2019-04-02', 99, (SELECT psa_id FROM psa_pessoa WHERE psa_cli_id = (SELECT flo_id FROM flo_filiado WHERE flo_cpf = '34162147817')), '2019-04-03', 'Concessão de isenção', '2019-04-01 08:23');
INSERT INTO dvo_divida_cobranca (dva_id, cba_id) VALUES ((SELECT max(dva_id) FROM dva_divida), (SELECT max(cba_id) FROM cba_cobranca));
INSERT INTO dvt_divida_desconto (dva_id, dvt_valor, dvt_descricao, dvt_data_cadastro) VALUES ((SELECT max(dva_id) FROM dva_divida), 75, 'Concessão de isenção', '2019-04-01 08:23');
INSERT INTO cbn_cobranca_evento_sindicato (cbn_descricao, prve_id, eve_id, evo_id, dva_id) VALUES ('Inscrição em evento', 5, 17629, 7, (SELECT max(dva_id) FROM dva_divida));

INSERT INTO eve_evento_sindicato_participante (eve_id, evo_id, flo_id, eve_nome, eve_participante_telefone, eve_participante_email, eve_cpf, flo_id_responsavel, eve_presenca_confirmada, eve_data_deletado, eve_deletado)
VALUES (15013, 7, (SELECT flo_id FROM flo_filiado WHERE flo_cpf = '12530669813'), 'Porto Seguro Cia de Seguros Gerais', '11984565224', 'rosilene.melo@portoseguro.com.br', '12530669813', null, 1, null, 2);
INSERT INTO dva_divida (psa_id_pagador, psa_id_destinatario, cmi_id, dvu_id, dva_valor, dva_valor_pago, dva_valor_acrescimo, dva_valor_desconto, dva_descricao, dvp_id, dva_data_vencimento_atual, dva_data_vencimento_inicial, dva_data_inicio_cobranca_mora, dva_data_cancelamento, dva_motivo_cancelamento, dva_cancelada, dva_tipo_cancelamento)
VALUES ((SELECT psa_id FROM psa_pessoa WHERE psa_cli_id = (SELECT flo_id FROM flo_filiado WHERE flo_cpf = '12530669813')), (SELECT psa_id FROM psa_pessoa WHERE psa_cli_id = (SELECT flo_id FROM flo_filiado WHERE flo_cpf = '12530669813')), 201903, 2, 75, 75, 0, 0, 'Inscrição em evento: Atividade Física e Comportamento Sedentário', 17, '2019-03-19', '2019-03-19', '2019-03-20', null, null, 0, null);
INSERT INTO cba_cobranca (cba_situacao, cba_valor, cba_data_cadastro, cba_data_vencimento, cba_tipo_remessa, psa_id, cba_data_limite_recebimento, cba_motivo_cancelamento, cba_data_cancelamento)
VALUES (3, 75, '2019-03-18 14:34', '2019-03-19', 99, (SELECT psa_id FROM psa_pessoa WHERE psa_cli_id = (SELECT flo_id FROM flo_filiado WHERE flo_cpf = '12530669813')), '2019-03-20', null, null);
INSERT INTO dvo_divida_cobranca (dva_id, cba_id) VALUES ((SELECT max(dva_id) FROM dva_divida), (SELECT max(cba_id) FROM cba_cobranca));
INSERT INTO cbn_cobranca_evento_sindicato (cbn_descricao, prve_id, eve_id, evo_id, dva_id) VALUES ('Inscrição em evento', 5, 15013, 7, (SELECT max(dva_id) FROM dva_divida));
INSERT INTO pgo_pagamento (cba_id, psa_id, pgo_valor, pgo_situacao, pgo_data_pagamento, pgo_data_credito) VALUES ((SELECT max(cba_id) FROM cba_cobranca), (SELECT psa_id FROM psa_pessoa WHERE psa_cli_id = (SELECT flo_id FROM flo_filiado WHERE flo_cpf = '12530669813')), 75, 1, '2019-03-18', '2019-03-18');
INSERT INTO pga_pagamento_divida (dva_id, pgo_id, pga_valor) VALUES ((SELECT max(dva_id) FROM dva_divida), (SELECT max(pgo_id) FROM pgo_pagamento), 75);

INSERT INTO eve_evento_sindicato_participante (eve_id, evo_id, flo_id, eve_nome, eve_participante_telefone, eve_participante_email, eve_cpf, flo_id_responsavel, eve_presenca_confirmada, eve_data_deletado, eve_deletado)
VALUES (18619, 7, (SELECT flo_id FROM flo_filiado WHERE flo_cpf = '41003635830'), 'Priscila dos Santos Clementino', '11958181780', 'priscila.sclementino@gmail.com', '41003635830', null, 1, null, 2);
INSERT INTO dva_divida (psa_id_pagador, psa_id_destinatario, cmi_id, dvu_id, dva_valor, dva_valor_pago, dva_valor_acrescimo, dva_valor_desconto, dva_descricao, dvp_id, dva_data_vencimento_atual, dva_data_vencimento_inicial, dva_data_inicio_cobranca_mora, dva_data_cancelamento, dva_motivo_cancelamento, dva_cancelada, dva_tipo_cancelamento)
VALUES ((SELECT psa_id FROM psa_pessoa WHERE psa_cli_id = (SELECT flo_id FROM flo_filiado WHERE flo_cpf = '41003635830')), (SELECT psa_id FROM psa_pessoa WHERE psa_cli_id = (SELECT flo_id FROM flo_filiado WHERE flo_cpf = '41003635830')), 201904, 2, 75, 75, 0, 0, 'Inscrição em evento: Atividade Física e Comportamento Sedentário', 17, '2019-04-12', '2019-04-12', '2019-04-13', null, null, 0, null);
INSERT INTO cba_cobranca (cba_situacao, cba_valor, cba_data_cadastro, cba_data_vencimento, cba_tipo_remessa, psa_id, cba_data_limite_recebimento, cba_motivo_cancelamento, cba_data_cancelamento)
VALUES (3, 75, '2019-04-11 17:10', '2019-04-12', 99, (SELECT psa_id FROM psa_pessoa WHERE psa_cli_id = (SELECT flo_id FROM flo_filiado WHERE flo_cpf = '41003635830')), '2019-04-13', null, null);
INSERT INTO dvo_divida_cobranca (dva_id, cba_id) VALUES ((SELECT max(dva_id) FROM dva_divida), (SELECT max(cba_id) FROM cba_cobranca));
INSERT INTO cbn_cobranca_evento_sindicato (cbn_descricao, prve_id, eve_id, evo_id, dva_id) VALUES ('Inscrição em evento', 5, 18619, 7, (SELECT max(dva_id) FROM dva_divida));
INSERT INTO pgo_pagamento (cba_id, psa_id, pgo_valor, pgo_situacao, pgo_data_pagamento, pgo_data_credito) VALUES ((SELECT max(cba_id) FROM cba_cobranca), (SELECT psa_id FROM psa_pessoa WHERE psa_cli_id = (SELECT flo_id FROM flo_filiado WHERE flo_cpf = '41003635830')), 75, 1, '2019-04-11', '2019-04-11');
INSERT INTO pga_pagamento_divida (dva_id, pgo_id, pga_valor) VALUES ((SELECT max(dva_id) FROM dva_divida), (SELECT max(pgo_id) FROM pgo_pagamento), 75);

INSERT INTO eve_evento_sindicato_participante (eve_id, evo_id, flo_id, eve_nome, eve_participante_telefone, eve_participante_email, eve_cpf, flo_id_responsavel, eve_presenca_confirmada, eve_data_deletado, eve_deletado)
VALUES (16842, 7, (SELECT flo_id FROM flo_filiado WHERE flo_cpf = '31507811837'), 'Priscila Hasan', '1138829221', 'priscila.hasan@e-prosaude.com.br', '31507811837', 169879, 1, null, 2);
INSERT INTO dva_divida (psa_id_pagador, psa_id_destinatario, cmi_id, dvu_id, dva_valor, dva_valor_pago, dva_valor_acrescimo, dva_valor_desconto, dva_descricao, dvp_id, dva_data_vencimento_atual, dva_data_vencimento_inicial, dva_data_inicio_cobranca_mora, dva_data_cancelamento, dva_motivo_cancelamento, dva_cancelada, dva_tipo_cancelamento)
VALUES ((SELECT psa_id FROM psa_pessoa WHERE psa_cli_id = (SELECT flo_id FROM flo_filiado WHERE flo_cpf = '31507811837')), (SELECT psa_id FROM psa_pessoa WHERE psa_cli_id = (SELECT flo_id FROM flo_filiado WHERE flo_cpf = '31507811837')), 201903, 2, 75, 75, 0, 0, 'Inscrição em evento: Atividade Física e Comportamento Sedentário', 17, '2019-03-20', '2019-03-20', '2019-03-21', null, null, 0, null);
INSERT INTO cba_cobranca (cba_situacao, cba_valor, cba_data_cadastro, cba_data_vencimento, cba_tipo_remessa, psa_id, cba_data_limite_recebimento, cba_motivo_cancelamento, cba_data_cancelamento)
VALUES (3, 75, '2019-03-19 17:32', '2019-03-20', 99, (SELECT psa_id FROM psa_pessoa WHERE psa_cli_id = (SELECT flo_id FROM flo_filiado WHERE flo_cpf = '31507811837')), '2019-03-21', null, null);
INSERT INTO dvo_divida_cobranca (dva_id, cba_id) VALUES ((SELECT max(dva_id) FROM dva_divida), (SELECT max(cba_id) FROM cba_cobranca));
INSERT INTO cbn_cobranca_evento_sindicato (cbn_descricao, prve_id, eve_id, evo_id, dva_id) VALUES ('Inscrição em evento', 5, 16842, 7, (SELECT max(dva_id) FROM dva_divida));
INSERT INTO pgo_pagamento (cba_id, psa_id, pgo_valor, pgo_situacao, pgo_data_pagamento, pgo_data_credito) VALUES ((SELECT max(cba_id) FROM cba_cobranca), (SELECT psa_id FROM psa_pessoa WHERE psa_cli_id = (SELECT flo_id FROM flo_filiado WHERE flo_cpf = '31507811837')), 75, 1, '2019-03-19', '2019-03-19');
INSERT INTO pga_pagamento_divida (dva_id, pgo_id, pga_valor) VALUES ((SELECT max(dva_id) FROM dva_divida), (SELECT max(pgo_id) FROM pgo_pagamento), 75);

INSERT INTO eve_evento_sindicato_participante (eve_id, evo_id, flo_id, eve_nome, eve_participante_telefone, eve_participante_email, eve_cpf, flo_id_responsavel, eve_presenca_confirmada, eve_data_deletado, eve_deletado)
VALUES (18571, 7, (SELECT flo_id FROM flo_filiado WHERE flo_cpf = '46988744835'), 'Rafael Reis Santos', '11954337454', 'raaffaaeell.santos@hotmail.com', '46988744835', null, 1, null, 2);
INSERT INTO dva_divida (psa_id_pagador, psa_id_destinatario, cmi_id, dvu_id, dva_valor, dva_valor_pago, dva_valor_acrescimo, dva_valor_desconto, dva_descricao, dvp_id, dva_data_vencimento_atual, dva_data_vencimento_inicial, dva_data_inicio_cobranca_mora, dva_data_cancelamento, dva_motivo_cancelamento, dva_cancelada, dva_tipo_cancelamento)
VALUES ((SELECT psa_id FROM psa_pessoa WHERE psa_cli_id = (SELECT flo_id FROM flo_filiado WHERE flo_cpf = '46988744835')), (SELECT psa_id FROM psa_pessoa WHERE psa_cli_id = (SELECT flo_id FROM flo_filiado WHERE flo_cpf = '46988744835')), 201904, 2, 75, 75, 0, 0, 'Inscrição em evento: Atividade Física e Comportamento Sedentário', 17, '2019-04-12', '2019-04-12', '2019-04-13', null, null, 0, null);
INSERT INTO cba_cobranca (cba_situacao, cba_valor, cba_data_cadastro, cba_data_vencimento, cba_tipo_remessa, psa_id, cba_data_limite_recebimento, cba_motivo_cancelamento, cba_data_cancelamento)
VALUES (3, 75, '2019-04-11 14:19', '2019-04-12', 99, (SELECT psa_id FROM psa_pessoa WHERE psa_cli_id = (SELECT flo_id FROM flo_filiado WHERE flo_cpf = '46988744835')), '2019-04-13', null, null);
INSERT INTO dvo_divida_cobranca (dva_id, cba_id) VALUES ((SELECT max(dva_id) FROM dva_divida), (SELECT max(cba_id) FROM cba_cobranca));
INSERT INTO cbn_cobranca_evento_sindicato (cbn_descricao, prve_id, eve_id, evo_id, dva_id) VALUES ('Inscrição em evento', 5, 18571, 7, (SELECT max(dva_id) FROM dva_divida));
INSERT INTO pgo_pagamento (cba_id, psa_id, pgo_valor, pgo_situacao, pgo_data_pagamento, pgo_data_credito) VALUES ((SELECT max(cba_id) FROM cba_cobranca), (SELECT psa_id FROM psa_pessoa WHERE psa_cli_id = (SELECT flo_id FROM flo_filiado WHERE flo_cpf = '46988744835')), 75, 1, '2019-04-11', '2019-04-11');
INSERT INTO pga_pagamento_divida (dva_id, pgo_id, pga_valor) VALUES ((SELECT max(dva_id) FROM dva_divida), (SELECT max(pgo_id) FROM pgo_pagamento), 75);

INSERT INTO eve_evento_sindicato_participante (eve_id, evo_id, flo_id, eve_nome, eve_participante_telefone, eve_participante_email, eve_cpf, flo_id_responsavel, eve_presenca_confirmada, eve_data_deletado, eve_deletado)
VALUES (17240, 7, (SELECT flo_id FROM flo_filiado WHERE flo_cpf = '24875785801'), 'Regina Machioni', '11992710303', 'regina@sescsp.org.br', '24875785801', null, 2, null, 2);
INSERT INTO dva_divida (psa_id_pagador, psa_id_destinatario, cmi_id, dvu_id, dva_valor, dva_valor_pago, dva_valor_acrescimo, dva_valor_desconto, dva_descricao, dvp_id, dva_data_vencimento_atual, dva_data_vencimento_inicial, dva_data_inicio_cobranca_mora, dva_data_cancelamento, dva_motivo_cancelamento, dva_cancelada, dva_tipo_cancelamento)
VALUES ((SELECT psa_id FROM psa_pessoa WHERE psa_cli_id = (SELECT flo_id FROM flo_filiado WHERE flo_cpf = '24875785801')), (SELECT psa_id FROM psa_pessoa WHERE psa_cli_id = (SELECT flo_id FROM flo_filiado WHERE flo_cpf = '24875785801')), 201903, 1, 75, 0, 0, 0, 'Inscrição em evento: Atividade Física e Comportamento Sedentário', 17, '2019-03-26', '2019-03-26', '2019-03-27', null, null, 0, null);
INSERT INTO cba_cobranca (cba_situacao, cba_valor, cba_data_cadastro, cba_data_vencimento, cba_tipo_remessa, psa_id, cba_data_limite_recebimento, cba_motivo_cancelamento, cba_data_cancelamento)
VALUES (1, 75, '2019-03-25 17:57', '2019-03-26', 99, (SELECT psa_id FROM psa_pessoa WHERE psa_cli_id = (SELECT flo_id FROM flo_filiado WHERE flo_cpf = '24875785801')), '2019-03-27', null, null);
INSERT INTO dvo_divida_cobranca (dva_id, cba_id) VALUES ((SELECT max(dva_id) FROM dva_divida), (SELECT max(cba_id) FROM cba_cobranca));
INSERT INTO cbn_cobranca_evento_sindicato (cbn_descricao, prve_id, eve_id, evo_id, dva_id) VALUES ('Inscrição em evento', 5, 17240, 7, (SELECT max(dva_id) FROM dva_divida));

INSERT INTO eve_evento_sindicato_participante (eve_id, evo_id, flo_id, eve_nome, eve_participante_telefone, eve_participante_email, eve_cpf, flo_id_responsavel, eve_presenca_confirmada, eve_data_deletado, eve_deletado)
VALUES (17202, 7, (SELECT flo_id FROM flo_filiado WHERE flo_cpf = '16238259892'), 'Rosana de Barros Marques', '13996056255', 'rosanabm.psi@gmail.com', '16238259892', null, 1, null, 2);
INSERT INTO dva_divida (psa_id_pagador, psa_id_destinatario, cmi_id, dvu_id, dva_valor, dva_valor_pago, dva_valor_acrescimo, dva_valor_desconto, dva_descricao, dvp_id, dva_data_vencimento_atual, dva_data_vencimento_inicial, dva_data_inicio_cobranca_mora, dva_data_cancelamento, dva_motivo_cancelamento, dva_cancelada, dva_tipo_cancelamento)
VALUES ((SELECT psa_id FROM psa_pessoa WHERE psa_cli_id = (SELECT flo_id FROM flo_filiado WHERE flo_cpf = '16238259892')), (SELECT psa_id FROM psa_pessoa WHERE psa_cli_id = (SELECT flo_id FROM flo_filiado WHERE flo_cpf = '16238259892')), 201903, 2, 75, 75, 0, 0, 'Inscrição em evento: Atividade Física e Comportamento Sedentário', 17, '2019-03-26', '2019-03-26', '2019-03-27', null, null, 0, null);
INSERT INTO cba_cobranca (cba_situacao, cba_valor, cba_data_cadastro, cba_data_vencimento, cba_tipo_remessa, psa_id, cba_data_limite_recebimento, cba_motivo_cancelamento, cba_data_cancelamento)
VALUES (3, 75, '2019-03-25 14:44', '2019-03-26', 99, (SELECT psa_id FROM psa_pessoa WHERE psa_cli_id = (SELECT flo_id FROM flo_filiado WHERE flo_cpf = '16238259892')), '2019-03-27', null, null);
INSERT INTO dvo_divida_cobranca (dva_id, cba_id) VALUES ((SELECT max(dva_id) FROM dva_divida), (SELECT max(cba_id) FROM cba_cobranca));
INSERT INTO cbn_cobranca_evento_sindicato (cbn_descricao, prve_id, eve_id, evo_id, dva_id) VALUES ('Inscrição em evento', 5, 17202, 7, (SELECT max(dva_id) FROM dva_divida));
INSERT INTO pgo_pagamento (cba_id, psa_id, pgo_valor, pgo_situacao, pgo_data_pagamento, pgo_data_credito) VALUES ((SELECT max(cba_id) FROM cba_cobranca), (SELECT psa_id FROM psa_pessoa WHERE psa_cli_id = (SELECT flo_id FROM flo_filiado WHERE flo_cpf = '16238259892')), 75, 1, '2019-03-25', '2019-03-25');
INSERT INTO pga_pagamento_divida (dva_id, pgo_id, pga_valor) VALUES ((SELECT max(dva_id) FROM dva_divida), (SELECT max(pgo_id) FROM pgo_pagamento), 75);

INSERT INTO eve_evento_sindicato_participante (eve_id, evo_id, flo_id, eve_nome, eve_participante_telefone, eve_participante_email, eve_cpf, flo_id_responsavel, eve_presenca_confirmada, eve_data_deletado, eve_deletado)
VALUES (18692, 7, (SELECT flo_id FROM flo_filiado WHERE flo_cpf = '02337564851'), 'Rosicler Dennanni Rodriguez', '11964921856', 'rosicler.rodriguez1@gmail.com', '02337564851', (SELECT flo_id FROM flo_filiado WHERE flo_nome = 'ROSICLER DENNANNI RODRIGUEZ'), 1, null, 2);
INSERT INTO dva_divida (psa_id_pagador, psa_id_destinatario, cmi_id, dvu_id, dva_valor, dva_valor_pago, dva_valor_acrescimo, dva_valor_desconto, dva_descricao, dvp_id, dva_data_vencimento_atual, dva_data_vencimento_inicial, dva_data_inicio_cobranca_mora, dva_data_cancelamento, dva_motivo_cancelamento, dva_cancelada, dva_tipo_cancelamento)
VALUES ((SELECT psa_id FROM psa_pessoa WHERE psa_cli_id = (SELECT flo_id FROM flo_filiado WHERE flo_cpf = '02337564851')), (SELECT psa_id FROM psa_pessoa WHERE psa_cli_id = (SELECT flo_id FROM flo_filiado WHERE flo_cpf = '02337564851')), 201904, 2, 75, 75, 0, 0, 'Inscrição em evento: Atividade Física e Comportamento Sedentário', 17, '2019-04-13', '2019-04-13', '2019-04-14', null, null, 0, null);
INSERT INTO cba_cobranca (cba_situacao, cba_valor, cba_data_cadastro, cba_data_vencimento, cba_tipo_remessa, psa_id, cba_data_limite_recebimento, cba_motivo_cancelamento, cba_data_cancelamento)
VALUES (3, 75, '2019-04-12 11:55', '2019-04-13', 99, (SELECT psa_id FROM psa_pessoa WHERE psa_cli_id = (SELECT flo_id FROM flo_filiado WHERE flo_cpf = '02337564851')), '2019-04-14', null, null);
INSERT INTO dvo_divida_cobranca (dva_id, cba_id) VALUES ((SELECT max(dva_id) FROM dva_divida), (SELECT max(cba_id) FROM cba_cobranca));
INSERT INTO cbn_cobranca_evento_sindicato (cbn_descricao, prve_id, eve_id, evo_id, dva_id) VALUES ('Inscrição em evento', 5, 18692, 7, (SELECT max(dva_id) FROM dva_divida));
INSERT INTO pgo_pagamento (cba_id, psa_id, pgo_valor, pgo_situacao, pgo_data_pagamento, pgo_data_credito) VALUES ((SELECT max(cba_id) FROM cba_cobranca), (SELECT psa_id FROM psa_pessoa WHERE psa_cli_id = (SELECT flo_id FROM flo_filiado WHERE flo_cpf = '02337564851')), 75, 1, '2019-04-12', '2019-04-12');
INSERT INTO pga_pagamento_divida (dva_id, pgo_id, pga_valor) VALUES ((SELECT max(dva_id) FROM dva_divida), (SELECT max(pgo_id) FROM pgo_pagamento), 75);

INSERT INTO eve_evento_sindicato_participante (eve_id, evo_id, flo_id, eve_nome, eve_participante_telefone, eve_participante_email, eve_cpf, flo_id_responsavel, eve_presenca_confirmada, eve_data_deletado, eve_deletado)
VALUES (17511, 7, (SELECT flo_id FROM flo_filiado WHERE flo_cpf = '08669020823'), 'Shirley Aparecida Pacheco', '11997345854', 'shirley.ap@ig.com.br', '08669020823', null, 2, null, 2);
INSERT INTO dva_divida (psa_id_pagador, psa_id_destinatario, cmi_id, dvu_id, dva_valor, dva_valor_pago, dva_valor_acrescimo, dva_valor_desconto, dva_descricao, dvp_id, dva_data_vencimento_atual, dva_data_vencimento_inicial, dva_data_inicio_cobranca_mora, dva_data_cancelamento, dva_motivo_cancelamento, dva_cancelada, dva_tipo_cancelamento)
VALUES ((SELECT psa_id FROM psa_pessoa WHERE psa_cli_id = (SELECT flo_id FROM flo_filiado WHERE flo_cpf = '08669020823')), (SELECT psa_id FROM psa_pessoa WHERE psa_cli_id = (SELECT flo_id FROM flo_filiado WHERE flo_cpf = '08669020823')), 201903, 1, 75, 0, 0, 0, 'Inscrição em evento: Atividade Física e Comportamento Sedentário', 17, '2019-03-30', '2019-03-30', '2019-03-31', null, null, 0, null);
INSERT INTO cba_cobranca (cba_situacao, cba_valor, cba_data_cadastro, cba_data_vencimento, cba_tipo_remessa, psa_id, cba_data_limite_recebimento, cba_motivo_cancelamento, cba_data_cancelamento)
VALUES (1, 75, '2019-03-29 12:02', '2019-03-30', 99, (SELECT psa_id FROM psa_pessoa WHERE psa_cli_id = (SELECT flo_id FROM flo_filiado WHERE flo_cpf = '08669020823')), '2019-03-31', null, null);
INSERT INTO dvo_divida_cobranca (dva_id, cba_id) VALUES ((SELECT max(dva_id) FROM dva_divida), (SELECT max(cba_id) FROM cba_cobranca));
INSERT INTO cbn_cobranca_evento_sindicato (cbn_descricao, prve_id, eve_id, evo_id, dva_id) VALUES ('Inscrição em evento', 5, 17511, 7, (SELECT max(dva_id) FROM dva_divida));

INSERT INTO eve_evento_sindicato_participante (eve_id, evo_id, flo_id, eve_nome, eve_participante_telefone, eve_participante_email, eve_cpf, flo_id_responsavel, eve_presenca_confirmada, eve_data_deletado, eve_deletado)
VALUES (18600, 7, (SELECT flo_id FROM flo_filiado WHERE flo_cpf = '06847299894'), 'Silvia Souza', '19992014555', 'ssouza1@mmm.com', '06847299894', (SELECT flo_id FROM flo_filiado WHERE flo_nome = '3m'), 1, null, 2);
INSERT INTO dva_divida (psa_id_pagador, psa_id_destinatario, cmi_id, dvu_id, dva_valor, dva_valor_pago, dva_valor_acrescimo, dva_valor_desconto, dva_descricao, dvp_id, dva_data_vencimento_atual, dva_data_vencimento_inicial, dva_data_inicio_cobranca_mora, dva_data_cancelamento, dva_motivo_cancelamento, dva_cancelada, dva_tipo_cancelamento)
VALUES ((SELECT psa_id FROM psa_pessoa WHERE psa_cli_id = (SELECT flo_id FROM flo_filiado WHERE flo_cpf = '06847299894')), (SELECT psa_id FROM psa_pessoa WHERE psa_cli_id = (SELECT flo_id FROM flo_filiado WHERE flo_cpf = '06847299894')), 201904, 2, 75, 75, 0, 0, 'Inscrição em evento: Atividade Física e Comportamento Sedentário', 17, '2019-04-12', '2019-04-12', '2019-04-13', null, null, 0, null);
INSERT INTO cba_cobranca (cba_situacao, cba_valor, cba_data_cadastro, cba_data_vencimento, cba_tipo_remessa, psa_id, cba_data_limite_recebimento, cba_motivo_cancelamento, cba_data_cancelamento)
VALUES (3, 75, '2019-04-11 15:58', '2019-04-12', 99, (SELECT psa_id FROM psa_pessoa WHERE psa_cli_id = (SELECT flo_id FROM flo_filiado WHERE flo_cpf = '06847299894')), '2019-04-13', null, null);
INSERT INTO dvo_divida_cobranca (dva_id, cba_id) VALUES ((SELECT max(dva_id) FROM dva_divida), (SELECT max(cba_id) FROM cba_cobranca));
INSERT INTO cbn_cobranca_evento_sindicato (cbn_descricao, prve_id, eve_id, evo_id, dva_id) VALUES ('Inscrição em evento', 5, 18600, 7, (SELECT max(dva_id) FROM dva_divida));
INSERT INTO pgo_pagamento (cba_id, psa_id, pgo_valor, pgo_situacao, pgo_data_pagamento, pgo_data_credito) VALUES ((SELECT max(cba_id) FROM cba_cobranca), (SELECT psa_id FROM psa_pessoa WHERE psa_cli_id = (SELECT flo_id FROM flo_filiado WHERE flo_cpf = '06847299894')), 75, 1, '2019-04-11', '2019-04-11');
INSERT INTO pga_pagamento_divida (dva_id, pgo_id, pga_valor) VALUES ((SELECT max(dva_id) FROM dva_divida), (SELECT max(pgo_id) FROM pgo_pagamento), 75);

INSERT INTO eve_evento_sindicato_participante (eve_id, evo_id, flo_id, eve_nome, eve_participante_telefone, eve_participante_email, eve_cpf, flo_id_responsavel, eve_presenca_confirmada, eve_data_deletado, eve_deletado)
VALUES (16954, 7, (SELECT flo_id FROM flo_filiado WHERE flo_cpf = '49922714809'), 'Sinctec', '11951680333', 'gabriel.lima@sinctec.com.br', '49922714809', null, 1, null, 2);
INSERT INTO dva_divida (psa_id_pagador, psa_id_destinatario, cmi_id, dvu_id, dva_valor, dva_valor_pago, dva_valor_acrescimo, dva_valor_desconto, dva_descricao, dvp_id, dva_data_vencimento_atual, dva_data_vencimento_inicial, dva_data_inicio_cobranca_mora, dva_data_cancelamento, dva_motivo_cancelamento, dva_cancelada, dva_tipo_cancelamento)
VALUES ((SELECT psa_id FROM psa_pessoa WHERE psa_cli_id = (SELECT flo_id FROM flo_filiado WHERE flo_cpf = '49922714809')), (SELECT psa_id FROM psa_pessoa WHERE psa_cli_id = (SELECT flo_id FROM flo_filiado WHERE flo_cpf = '49922714809')), 201903, 2, 75, 75, 0, 0, 'Inscrição em evento: Atividade Física e Comportamento Sedentário', 17, '2019-03-22', '2019-03-22', '2019-03-23', null, null, 0, null);
INSERT INTO cba_cobranca (cba_situacao, cba_valor, cba_data_cadastro, cba_data_vencimento, cba_tipo_remessa, psa_id, cba_data_limite_recebimento, cba_motivo_cancelamento, cba_data_cancelamento)
VALUES (3, 75, '2019-03-21 09:25', '2019-03-22', 99, (SELECT psa_id FROM psa_pessoa WHERE psa_cli_id = (SELECT flo_id FROM flo_filiado WHERE flo_cpf = '49922714809')), '2019-03-23', null, null);
INSERT INTO dvo_divida_cobranca (dva_id, cba_id) VALUES ((SELECT max(dva_id) FROM dva_divida), (SELECT max(cba_id) FROM cba_cobranca));
INSERT INTO cbn_cobranca_evento_sindicato (cbn_descricao, prve_id, eve_id, evo_id, dva_id) VALUES ('Inscrição em evento', 5, 16954, 7, (SELECT max(dva_id) FROM dva_divida));
INSERT INTO pgo_pagamento (cba_id, psa_id, pgo_valor, pgo_situacao, pgo_data_pagamento, pgo_data_credito) VALUES ((SELECT max(cba_id) FROM cba_cobranca), (SELECT psa_id FROM psa_pessoa WHERE psa_cli_id = (SELECT flo_id FROM flo_filiado WHERE flo_cpf = '49922714809')), 75, 1, '2019-03-21', '2019-03-21');
INSERT INTO pga_pagamento_divida (dva_id, pgo_id, pga_valor) VALUES ((SELECT max(dva_id) FROM dva_divida), (SELECT max(pgo_id) FROM pgo_pagamento), 75);

INSERT INTO eve_evento_sindicato_participante (eve_id, evo_id, flo_id, eve_nome, eve_participante_telefone, eve_participante_email, eve_cpf, flo_id_responsavel, eve_presenca_confirmada, eve_data_deletado, eve_deletado)
VALUES (16883, 7, (SELECT flo_id FROM flo_filiado WHERE flo_cpf = '12721879855'), 'Stella Aguiar', '11985309815', 'stella@stellaaguiar.com.br', '12721879855', null, 1, null, 2);
INSERT INTO dva_divida (psa_id_pagador, psa_id_destinatario, cmi_id, dvu_id, dva_valor, dva_valor_pago, dva_valor_acrescimo, dva_valor_desconto, dva_descricao, dvp_id, dva_data_vencimento_atual, dva_data_vencimento_inicial, dva_data_inicio_cobranca_mora, dva_data_cancelamento, dva_motivo_cancelamento, dva_cancelada, dva_tipo_cancelamento)
VALUES ((SELECT psa_id FROM psa_pessoa WHERE psa_cli_id = (SELECT flo_id FROM flo_filiado WHERE flo_cpf = '12721879855')), (SELECT psa_id FROM psa_pessoa WHERE psa_cli_id = (SELECT flo_id FROM flo_filiado WHERE flo_cpf = '12721879855')), 201903, 2, 75, 75, 0, 0, 'Inscrição em evento: Atividade Física e Comportamento Sedentário', 17, '2019-03-21', '2019-03-21', '2019-03-22', null, null, 0, null);
INSERT INTO cba_cobranca (cba_situacao, cba_valor, cba_data_cadastro, cba_data_vencimento, cba_tipo_remessa, psa_id, cba_data_limite_recebimento, cba_motivo_cancelamento, cba_data_cancelamento)
VALUES (3, 75, '2019-03-20 10:24', '2019-03-21', 99, (SELECT psa_id FROM psa_pessoa WHERE psa_cli_id = (SELECT flo_id FROM flo_filiado WHERE flo_cpf = '12721879855')), '2019-03-22', null, null);
INSERT INTO dvo_divida_cobranca (dva_id, cba_id) VALUES ((SELECT max(dva_id) FROM dva_divida), (SELECT max(cba_id) FROM cba_cobranca));
INSERT INTO cbn_cobranca_evento_sindicato (cbn_descricao, prve_id, eve_id, evo_id, dva_id) VALUES ('Inscrição em evento', 5, 16883, 7, (SELECT max(dva_id) FROM dva_divida));
INSERT INTO pgo_pagamento (cba_id, psa_id, pgo_valor, pgo_situacao, pgo_data_pagamento, pgo_data_credito) VALUES ((SELECT max(cba_id) FROM cba_cobranca), (SELECT psa_id FROM psa_pessoa WHERE psa_cli_id = (SELECT flo_id FROM flo_filiado WHERE flo_cpf = '12721879855')), 75, 1, '2019-03-20', '2019-03-20');
INSERT INTO pga_pagamento_divida (dva_id, pgo_id, pga_valor) VALUES ((SELECT max(dva_id) FROM dva_divida), (SELECT max(pgo_id) FROM pgo_pagamento), 75);

INSERT INTO eve_evento_sindicato_participante (eve_id, evo_id, flo_id, eve_nome, eve_participante_telefone, eve_participante_email, eve_cpf, flo_id_responsavel, eve_presenca_confirmada, eve_data_deletado, eve_deletado)
VALUES (17731, 7, (SELECT flo_id FROM flo_filiado WHERE flo_cpf = '65122064016'), 'Suporte Sinctec', '87878787878', 'davidpeters@usp.br', '65122064016', null, 1, null, 2);
INSERT INTO dva_divida (psa_id_pagador, psa_id_destinatario, cmi_id, dvu_id, dva_valor, dva_valor_pago, dva_valor_acrescimo, dva_valor_desconto, dva_descricao, dvp_id, dva_data_vencimento_atual, dva_data_vencimento_inicial, dva_data_inicio_cobranca_mora, dva_data_cancelamento, dva_motivo_cancelamento, dva_cancelada, dva_tipo_cancelamento)
VALUES ((SELECT psa_id FROM psa_pessoa WHERE psa_cli_id = (SELECT flo_id FROM flo_filiado WHERE flo_cpf = '65122064016')), (SELECT psa_id FROM psa_pessoa WHERE psa_cli_id = (SELECT flo_id FROM flo_filiado WHERE flo_cpf = '65122064016')), 201904, 2, 75, 75, 0, 0, 'Inscrição em evento: Atividade Física e Comportamento Sedentário', 17, '2019-04-03', '2019-04-03', '2019-04-04', null, null, 0, null);
INSERT INTO cba_cobranca (cba_situacao, cba_valor, cba_data_cadastro, cba_data_vencimento, cba_tipo_remessa, psa_id, cba_data_limite_recebimento, cba_motivo_cancelamento, cba_data_cancelamento)
VALUES (3, 75, '2019-04-02 10:35', '2019-04-03', 99, (SELECT psa_id FROM psa_pessoa WHERE psa_cli_id = (SELECT flo_id FROM flo_filiado WHERE flo_cpf = '65122064016')), '2019-04-04', null, null);
INSERT INTO dvo_divida_cobranca (dva_id, cba_id) VALUES ((SELECT max(dva_id) FROM dva_divida), (SELECT max(cba_id) FROM cba_cobranca));
INSERT INTO cbn_cobranca_evento_sindicato (cbn_descricao, prve_id, eve_id, evo_id, dva_id) VALUES ('Inscrição em evento', 5, 17731, 7, (SELECT max(dva_id) FROM dva_divida));
INSERT INTO pgo_pagamento (cba_id, psa_id, pgo_valor, pgo_situacao, pgo_data_pagamento, pgo_data_credito) VALUES ((SELECT max(cba_id) FROM cba_cobranca), (SELECT psa_id FROM psa_pessoa WHERE psa_cli_id = (SELECT flo_id FROM flo_filiado WHERE flo_cpf = '65122064016')), 75, 1, '2019-04-02', '2019-04-02');
INSERT INTO pga_pagamento_divida (dva_id, pgo_id, pga_valor) VALUES ((SELECT max(dva_id) FROM dva_divida), (SELECT max(pgo_id) FROM pgo_pagamento), 75);

INSERT INTO eve_evento_sindicato_participante (eve_id, evo_id, flo_id, eve_nome, eve_participante_telefone, eve_participante_email, eve_cpf, flo_id_responsavel, eve_presenca_confirmada, eve_data_deletado, eve_deletado)
VALUES (18290, 7, (SELECT flo_id FROM flo_filiado WHERE flo_cpf = '15754246811'), 'Tatiana Paula de Oliveira', '11970890322', 'tatyoliveira1977@hotmail.com', '15754246811', 207713, 1, null, 2);
INSERT INTO dva_divida (psa_id_pagador, psa_id_destinatario, cmi_id, dvu_id, dva_valor, dva_valor_pago, dva_valor_acrescimo, dva_valor_desconto, dva_descricao, dvp_id, dva_data_vencimento_atual, dva_data_vencimento_inicial, dva_data_inicio_cobranca_mora, dva_data_cancelamento, dva_motivo_cancelamento, dva_cancelada, dva_tipo_cancelamento)
VALUES ((SELECT psa_id FROM psa_pessoa WHERE psa_cli_id = (SELECT flo_id FROM flo_filiado WHERE flo_cpf = '15754246811')), (SELECT psa_id FROM psa_pessoa WHERE psa_cli_id = (SELECT flo_id FROM flo_filiado WHERE flo_cpf = '15754246811')), 201904, 2, 75, 75, 0, 0, 'Inscrição em evento: Atividade Física e Comportamento Sedentário', 17, '2019-04-10', '2019-04-10', '2019-04-11', null, null, 0, null);
INSERT INTO cba_cobranca (cba_situacao, cba_valor, cba_data_cadastro, cba_data_vencimento, cba_tipo_remessa, psa_id, cba_data_limite_recebimento, cba_motivo_cancelamento, cba_data_cancelamento)
VALUES (3, 75, '2019-04-09 11:02', '2019-04-10', 99, (SELECT psa_id FROM psa_pessoa WHERE psa_cli_id = (SELECT flo_id FROM flo_filiado WHERE flo_cpf = '15754246811')), '2019-04-11', null, null);
INSERT INTO dvo_divida_cobranca (dva_id, cba_id) VALUES ((SELECT max(dva_id) FROM dva_divida), (SELECT max(cba_id) FROM cba_cobranca));
INSERT INTO cbn_cobranca_evento_sindicato (cbn_descricao, prve_id, eve_id, evo_id, dva_id) VALUES ('Inscrição em evento', 5, 18290, 7, (SELECT max(dva_id) FROM dva_divida));
INSERT INTO pgo_pagamento (cba_id, psa_id, pgo_valor, pgo_situacao, pgo_data_pagamento, pgo_data_credito) VALUES ((SELECT max(cba_id) FROM cba_cobranca), (SELECT psa_id FROM psa_pessoa WHERE psa_cli_id = (SELECT flo_id FROM flo_filiado WHERE flo_cpf = '15754246811')), 75, 1, '2019-04-09', '2019-04-09');
INSERT INTO pga_pagamento_divida (dva_id, pgo_id, pga_valor) VALUES ((SELECT max(dva_id) FROM dva_divida), (SELECT max(pgo_id) FROM pgo_pagamento), 75);

INSERT INTO eve_evento_sindicato_participante (eve_id, evo_id, flo_id, eve_nome, eve_participante_telefone, eve_participante_email, eve_cpf, flo_id_responsavel, eve_presenca_confirmada, eve_data_deletado, eve_deletado)
VALUES (14986, 7, (SELECT flo_id FROM flo_filiado WHERE flo_cpf = '14831353817'), 'Valéria Aparecida da Costa', '11991812387', 'valeria_nutri@hotmail.com', '14831353817', null, 1, null, 2);
INSERT INTO dva_divida (psa_id_pagador, psa_id_destinatario, cmi_id, dvu_id, dva_valor, dva_valor_pago, dva_valor_acrescimo, dva_valor_desconto, dva_descricao, dvp_id, dva_data_vencimento_atual, dva_data_vencimento_inicial, dva_data_inicio_cobranca_mora, dva_data_cancelamento, dva_motivo_cancelamento, dva_cancelada, dva_tipo_cancelamento)
VALUES ((SELECT psa_id FROM psa_pessoa WHERE psa_cli_id = (SELECT flo_id FROM flo_filiado WHERE flo_cpf = '14831353817')), (SELECT psa_id FROM psa_pessoa WHERE psa_cli_id = (SELECT flo_id FROM flo_filiado WHERE flo_cpf = '14831353817')), 201903, 2, 75, 75, 0, 0, 'Inscrição em evento: Atividade Física e Comportamento Sedentário', 17, '2019-03-19', '2019-03-19', '2019-03-20', null, null, 0, null);
INSERT INTO cba_cobranca (cba_situacao, cba_valor, cba_data_cadastro, cba_data_vencimento, cba_tipo_remessa, psa_id, cba_data_limite_recebimento, cba_motivo_cancelamento, cba_data_cancelamento)
VALUES (3, 75, '2019-03-18 12:25', '2019-03-19', 99, (SELECT psa_id FROM psa_pessoa WHERE psa_cli_id = (SELECT flo_id FROM flo_filiado WHERE flo_cpf = '14831353817')), '2019-03-20', null, null);
INSERT INTO dvo_divida_cobranca (dva_id, cba_id) VALUES ((SELECT max(dva_id) FROM dva_divida), (SELECT max(cba_id) FROM cba_cobranca));
INSERT INTO cbn_cobranca_evento_sindicato (cbn_descricao, prve_id, eve_id, evo_id, dva_id) VALUES ('Inscrição em evento', 5, 14986, 7, (SELECT max(dva_id) FROM dva_divida));
INSERT INTO pgo_pagamento (cba_id, psa_id, pgo_valor, pgo_situacao, pgo_data_pagamento, pgo_data_credito) VALUES ((SELECT max(cba_id) FROM cba_cobranca), (SELECT psa_id FROM psa_pessoa WHERE psa_cli_id = (SELECT flo_id FROM flo_filiado WHERE flo_cpf = '14831353817')), 75, 1, '2019-03-18', '2019-03-18');
INSERT INTO pga_pagamento_divida (dva_id, pgo_id, pga_valor) VALUES ((SELECT max(dva_id) FROM dva_divida), (SELECT max(pgo_id) FROM pgo_pagamento), 75);

INSERT INTO eve_evento_sindicato_participante (eve_id, evo_id, flo_id, eve_nome, eve_participante_telefone, eve_participante_email, eve_cpf, flo_id_responsavel, eve_presenca_confirmada, eve_data_deletado, eve_deletado)
VALUES (18551, 7, (SELECT flo_id FROM flo_filiado WHERE flo_cpf = '30959046810'), 'Vera Lúcia Gonçalves do Nascimento', '11969587722', 'verangoncalves@gmail.com', '30959046810', null, 1, null, 2);
INSERT INTO dva_divida (psa_id_pagador, psa_id_destinatario, cmi_id, dvu_id, dva_valor, dva_valor_pago, dva_valor_acrescimo, dva_valor_desconto, dva_descricao, dvp_id, dva_data_vencimento_atual, dva_data_vencimento_inicial, dva_data_inicio_cobranca_mora, dva_data_cancelamento, dva_motivo_cancelamento, dva_cancelada, dva_tipo_cancelamento)
VALUES ((SELECT psa_id FROM psa_pessoa WHERE psa_cli_id = (SELECT flo_id FROM flo_filiado WHERE flo_cpf = '30959046810')), (SELECT psa_id FROM psa_pessoa WHERE psa_cli_id = (SELECT flo_id FROM flo_filiado WHERE flo_cpf = '30959046810')), 201904, 2, 75, 75, 0, 0, 'Inscrição em evento: Atividade Física e Comportamento Sedentário', 17, '2019-04-12', '2019-04-12', '2019-04-13', null, null, 0, null);
INSERT INTO cba_cobranca (cba_situacao, cba_valor, cba_data_cadastro, cba_data_vencimento, cba_tipo_remessa, psa_id, cba_data_limite_recebimento, cba_motivo_cancelamento, cba_data_cancelamento)
VALUES (3, 75, '2019-04-11 07:32', '2019-04-12', 99, (SELECT psa_id FROM psa_pessoa WHERE psa_cli_id = (SELECT flo_id FROM flo_filiado WHERE flo_cpf = '30959046810')), '2019-04-13', null, null);
INSERT INTO dvo_divida_cobranca (dva_id, cba_id) VALUES ((SELECT max(dva_id) FROM dva_divida), (SELECT max(cba_id) FROM cba_cobranca));
INSERT INTO cbn_cobranca_evento_sindicato (cbn_descricao, prve_id, eve_id, evo_id, dva_id) VALUES ('Inscrição em evento', 5, 18551, 7, (SELECT max(dva_id) FROM dva_divida));
INSERT INTO pgo_pagamento (cba_id, psa_id, pgo_valor, pgo_situacao, pgo_data_pagamento, pgo_data_credito) VALUES ((SELECT max(cba_id) FROM cba_cobranca), (SELECT psa_id FROM psa_pessoa WHERE psa_cli_id = (SELECT flo_id FROM flo_filiado WHERE flo_cpf = '30959046810')), 75, 1, '2019-04-11', '2019-04-11');
INSERT INTO pga_pagamento_divida (dva_id, pgo_id, pga_valor) VALUES ((SELECT max(dva_id) FROM dva_divida), (SELECT max(pgo_id) FROM pgo_pagamento), 75);

INSERT INTO eve_evento_sindicato_participante (eve_id, evo_id, flo_id, eve_nome, eve_participante_telefone, eve_participante_email, eve_cpf, flo_id_responsavel, eve_presenca_confirmada, eve_data_deletado, eve_deletado)
VALUES (16764, 7, (SELECT flo_id FROM flo_filiado WHERE flo_cpf = '36885647829'), 'Victoria Otero Favoretto da Cal', '11981122345', 'beneficiossaudeemotivacao-br@edenred.com', '36885647829', (SELECT flo_id FROM flo_filiado WHERE flo_nome = 'Ticket'), 1, null, 2);
INSERT INTO dva_divida (psa_id_pagador, psa_id_destinatario, cmi_id, dvu_id, dva_valor, dva_valor_pago, dva_valor_acrescimo, dva_valor_desconto, dva_descricao, dvp_id, dva_data_vencimento_atual, dva_data_vencimento_inicial, dva_data_inicio_cobranca_mora, dva_data_cancelamento, dva_motivo_cancelamento, dva_cancelada, dva_tipo_cancelamento)
VALUES ((SELECT psa_id FROM psa_pessoa WHERE psa_cli_id = (SELECT flo_id FROM flo_filiado WHERE flo_cpf = '36885647829')), (SELECT psa_id FROM psa_pessoa WHERE psa_cli_id = (SELECT flo_id FROM flo_filiado WHERE flo_cpf = '36885647829')), 201903, 2, 75, 75, 0, 0, 'Inscrição em evento: Atividade Física e Comportamento Sedentário', 17, '2019-03-20', '2019-03-20', '2019-03-21', null, null, 0, null);
INSERT INTO cba_cobranca (cba_situacao, cba_valor, cba_data_cadastro, cba_data_vencimento, cba_tipo_remessa, psa_id, cba_data_limite_recebimento, cba_motivo_cancelamento, cba_data_cancelamento)
VALUES (3, 75, '2019-03-19 12:12', '2019-03-20', 99, (SELECT psa_id FROM psa_pessoa WHERE psa_cli_id = (SELECT flo_id FROM flo_filiado WHERE flo_cpf = '36885647829')), '2019-03-21', null, null);
INSERT INTO dvo_divida_cobranca (dva_id, cba_id) VALUES ((SELECT max(dva_id) FROM dva_divida), (SELECT max(cba_id) FROM cba_cobranca));
INSERT INTO cbn_cobranca_evento_sindicato (cbn_descricao, prve_id, eve_id, evo_id, dva_id) VALUES ('Inscrição em evento', 5, 16764, 7, (SELECT max(dva_id) FROM dva_divida));
INSERT INTO pgo_pagamento (cba_id, psa_id, pgo_valor, pgo_situacao, pgo_data_pagamento, pgo_data_credito) VALUES ((SELECT max(cba_id) FROM cba_cobranca), (SELECT psa_id FROM psa_pessoa WHERE psa_cli_id = (SELECT flo_id FROM flo_filiado WHERE flo_cpf = '36885647829')), 75, 1, '2019-03-19', '2019-03-19');
INSERT INTO pga_pagamento_divida (dva_id, pgo_id, pga_valor) VALUES ((SELECT max(dva_id) FROM dva_divida), (SELECT max(pgo_id) FROM pgo_pagamento), 75);

INSERT INTO eve_evento_sindicato_participante (eve_id, evo_id, flo_id, eve_nome, eve_participante_telefone, eve_participante_email, eve_cpf, flo_id_responsavel, eve_presenca_confirmada, eve_data_deletado, eve_deletado)
VALUES (18310, 7, (SELECT flo_id FROM flo_filiado WHERE flo_cpf = '17532538885'), 'Viviane Macarini da Costa', '11981059182', 'vimacarini@ig.com.br', '17532538885', null, 1, null, 2);
INSERT INTO dva_divida (psa_id_pagador, psa_id_destinatario, cmi_id, dvu_id, dva_valor, dva_valor_pago, dva_valor_acrescimo, dva_valor_desconto, dva_descricao, dvp_id, dva_data_vencimento_atual, dva_data_vencimento_inicial, dva_data_inicio_cobranca_mora, dva_data_cancelamento, dva_motivo_cancelamento, dva_cancelada, dva_tipo_cancelamento)
VALUES ((SELECT psa_id FROM psa_pessoa WHERE psa_cli_id = (SELECT flo_id FROM flo_filiado WHERE flo_cpf = '17532538885')), (SELECT psa_id FROM psa_pessoa WHERE psa_cli_id = (SELECT flo_id FROM flo_filiado WHERE flo_cpf = '17532538885')), 201904, 2, 75, 0, 0, 75, 'Inscrição em evento: Atividade Física e Comportamento Sedentário', 17, '2019-04-10', '2019-04-10', '2019-04-11', null, null, 0, null);
INSERT INTO cba_cobranca (cba_situacao, cba_valor, cba_data_cadastro, cba_data_vencimento, cba_tipo_remessa, psa_id, cba_data_limite_recebimento, cba_motivo_cancelamento, cba_data_cancelamento)
VALUES (4, 75, '2019-04-09 14:48', '2019-04-10', 99, (SELECT psa_id FROM psa_pessoa WHERE psa_cli_id = (SELECT flo_id FROM flo_filiado WHERE flo_cpf = '17532538885')), '2019-04-11', 'Concessão de isenção', '2019-04-09 14:48');
INSERT INTO dvo_divida_cobranca (dva_id, cba_id) VALUES ((SELECT max(dva_id) FROM dva_divida), (SELECT max(cba_id) FROM cba_cobranca));
INSERT INTO dvt_divida_desconto (dva_id, dvt_valor, dvt_descricao, dvt_data_cadastro) VALUES ((SELECT max(dva_id) FROM dva_divida), 75, 'Concessão de isenção', '2019-04-09 14:48');
INSERT INTO cbn_cobranca_evento_sindicato (cbn_descricao, prve_id, eve_id, evo_id, dva_id) VALUES ('Inscrição em evento', 5, 18310, 7, (SELECT max(dva_id) FROM dva_divida));

INSERT INTO eve_evento_sindicato_participante (eve_id, evo_id, flo_id, eve_nome, eve_participante_telefone, eve_participante_email, eve_cpf, flo_id_responsavel, eve_presenca_confirmada, eve_data_deletado, eve_deletado)
VALUES (18577, 7, (SELECT flo_id FROM flo_filiado WHERE flo_cpf = '26956228807'), 'Viviane Oliveira de Araújo da Silva', '11986922843', 'viviane.araujo@segurosunimed.com.br', '26956228807', 169397, 1, null, 2);
INSERT INTO dva_divida (psa_id_pagador, psa_id_destinatario, cmi_id, dvu_id, dva_valor, dva_valor_pago, dva_valor_acrescimo, dva_valor_desconto, dva_descricao, dvp_id, dva_data_vencimento_atual, dva_data_vencimento_inicial, dva_data_inicio_cobranca_mora, dva_data_cancelamento, dva_motivo_cancelamento, dva_cancelada, dva_tipo_cancelamento)
VALUES ((SELECT psa_id FROM psa_pessoa WHERE psa_cli_id = (SELECT flo_id FROM flo_filiado WHERE flo_cpf = '26956228807')), (SELECT psa_id FROM psa_pessoa WHERE psa_cli_id = (SELECT flo_id FROM flo_filiado WHERE flo_cpf = '26956228807')), 201904, 2, 75, 75, 0, 0, 'Inscrição em evento: Atividade Física e Comportamento Sedentário', 17, '2019-04-12', '2019-04-12', '2019-04-13', null, null, 0, null);
INSERT INTO cba_cobranca (cba_situacao, cba_valor, cba_data_cadastro, cba_data_vencimento, cba_tipo_remessa, psa_id, cba_data_limite_recebimento, cba_motivo_cancelamento, cba_data_cancelamento)
VALUES (3, 75, '2019-04-11 14:52', '2019-04-12', 99, (SELECT psa_id FROM psa_pessoa WHERE psa_cli_id = (SELECT flo_id FROM flo_filiado WHERE flo_cpf = '26956228807')), '2019-04-13', null, null);
INSERT INTO dvo_divida_cobranca (dva_id, cba_id) VALUES ((SELECT max(dva_id) FROM dva_divida), (SELECT max(cba_id) FROM cba_cobranca));
INSERT INTO cbn_cobranca_evento_sindicato (cbn_descricao, prve_id, eve_id, evo_id, dva_id) VALUES ('Inscrição em evento', 5, 18577, 7, (SELECT max(dva_id) FROM dva_divida));
INSERT INTO pgo_pagamento (cba_id, psa_id, pgo_valor, pgo_situacao, pgo_data_pagamento, pgo_data_credito) VALUES ((SELECT max(cba_id) FROM cba_cobranca), (SELECT psa_id FROM psa_pessoa WHERE psa_cli_id = (SELECT flo_id FROM flo_filiado WHERE flo_cpf = '26956228807')), 75, 1, '2019-04-11', '2019-04-11');
INSERT INTO pga_pagamento_divida (dva_id, pgo_id, pga_valor) VALUES ((SELECT max(dva_id) FROM dva_divida), (SELECT max(pgo_id) FROM pgo_pagamento), 75);

INSERT INTO eve_evento_sindicato_participante (eve_id, evo_id, flo_id, eve_nome, eve_participante_telefone, eve_participante_email, eve_cpf, flo_id_responsavel, eve_presenca_confirmada, eve_data_deletado, eve_deletado)
VALUES (18586, 7, (SELECT flo_id FROM flo_filiado WHERE flo_cpf = '05907026880'), 'Werther de Camargo Penteado Busato', '19996019767', 'wpbusato@mmm.com', '05907026880', (SELECT flo_id FROM flo_filiado WHERE flo_nome = '3m'), 1, null, 2);
INSERT INTO dva_divida (psa_id_pagador, psa_id_destinatario, cmi_id, dvu_id, dva_valor, dva_valor_pago, dva_valor_acrescimo, dva_valor_desconto, dva_descricao, dvp_id, dva_data_vencimento_atual, dva_data_vencimento_inicial, dva_data_inicio_cobranca_mora, dva_data_cancelamento, dva_motivo_cancelamento, dva_cancelada, dva_tipo_cancelamento)
VALUES ((SELECT psa_id FROM psa_pessoa WHERE psa_cli_id = (SELECT flo_id FROM flo_filiado WHERE flo_cpf = '05907026880')), (SELECT psa_id FROM psa_pessoa WHERE psa_cli_id = (SELECT flo_id FROM flo_filiado WHERE flo_cpf = '05907026880')), 201904, 2, 75, 75, 0, 0, 'Inscrição em evento: Atividade Física e Comportamento Sedentário', 17, '2019-04-12', '2019-04-12', '2019-04-13', null, null, 0, null);
INSERT INTO cba_cobranca (cba_situacao, cba_valor, cba_data_cadastro, cba_data_vencimento, cba_tipo_remessa, psa_id, cba_data_limite_recebimento, cba_motivo_cancelamento, cba_data_cancelamento)
VALUES (3, 75, '2019-04-11 15:25', '2019-04-12', 99, (SELECT psa_id FROM psa_pessoa WHERE psa_cli_id = (SELECT flo_id FROM flo_filiado WHERE flo_cpf = '05907026880')), '2019-04-13', null, null);
INSERT INTO dvo_divida_cobranca (dva_id, cba_id) VALUES ((SELECT max(dva_id) FROM dva_divida), (SELECT max(cba_id) FROM cba_cobranca));
INSERT INTO cbn_cobranca_evento_sindicato (cbn_descricao, prve_id, eve_id, evo_id, dva_id) VALUES ('Inscrição em evento', 5, 18586, 7, (SELECT max(dva_id) FROM dva_divida));
INSERT INTO pgo_pagamento (cba_id, psa_id, pgo_valor, pgo_situacao, pgo_data_pagamento, pgo_data_credito) VALUES ((SELECT max(cba_id) FROM cba_cobranca), (SELECT psa_id FROM psa_pessoa WHERE psa_cli_id = (SELECT flo_id FROM flo_filiado WHERE flo_cpf = '05907026880')), 75, 1, '2019-04-11', '2019-04-11');
INSERT INTO pga_pagamento_divida (dva_id, pgo_id, pga_valor) VALUES ((SELECT max(dva_id) FROM dva_divida), (SELECT max(pgo_id) FROM pgo_pagamento), 75);

INSERT INTO eva_evento_sindicato_presenca (eve_id) VALUE (17651);
INSERT INTO eva_evento_sindicato_presenca (eve_id) VALUE (18016);
INSERT INTO eva_evento_sindicato_presenca (eve_id) VALUE (17859);
INSERT INTO eva_evento_sindicato_presenca (eve_id) VALUE (18293);
INSERT INTO eva_evento_sindicato_presenca (eve_id) VALUE (18287);
INSERT INTO eva_evento_sindicato_presenca (eve_id) VALUE (18023);
INSERT INTO eva_evento_sindicato_presenca (eve_id) VALUE (17785);
INSERT INTO eva_evento_sindicato_presenca (eve_id) VALUE (18598);
INSERT INTO eva_evento_sindicato_presenca (eve_id) VALUE (15006);
INSERT INTO eva_evento_sindicato_presenca (eve_id) VALUE (18184);
INSERT INTO eva_evento_sindicato_presenca (eve_id) VALUE (17878);
INSERT INTO eva_evento_sindicato_presenca (eve_id) VALUE (17517);
INSERT INTO eva_evento_sindicato_presenca (eve_id) VALUE (16723);
INSERT INTO eva_evento_sindicato_presenca (eve_id) VALUE (18323);
INSERT INTO eva_evento_sindicato_presenca (eve_id) VALUE (18578);
INSERT INTO eva_evento_sindicato_presenca (eve_id) VALUE (18157);
INSERT INTO eva_evento_sindicato_presenca (eve_id) VALUE (18706);
INSERT INTO eva_evento_sindicato_presenca (eve_id) VALUE (17590);
INSERT INTO eva_evento_sindicato_presenca (eve_id) VALUE (18696);
INSERT INTO eva_evento_sindicato_presenca (eve_id) VALUE (18629);
INSERT INTO eva_evento_sindicato_presenca (eve_id) VALUE (17226);
INSERT INTO eva_evento_sindicato_presenca (eve_id) VALUE (16979);
INSERT INTO eva_evento_sindicato_presenca (eve_id) VALUE (14969);
INSERT INTO eva_evento_sindicato_presenca (eve_id) VALUE (17194);
INSERT INTO eva_evento_sindicato_presenca (eve_id) VALUE (18579);
INSERT INTO eva_evento_sindicato_presenca (eve_id) VALUE (17694);
INSERT INTO eva_evento_sindicato_presenca (eve_id) VALUE (16881);
INSERT INTO eva_evento_sindicato_presenca (eve_id) VALUE (18289);
INSERT INTO eva_evento_sindicato_presenca (eve_id) VALUE (18691);
INSERT INTO eva_evento_sindicato_presenca (eve_id) VALUE (18697);
INSERT INTO eva_evento_sindicato_presenca (eve_id) VALUE (18619);
INSERT INTO eva_evento_sindicato_presenca (eve_id) VALUE (18571);
INSERT INTO eva_evento_sindicato_presenca (eve_id) VALUE (17202);
INSERT INTO eva_evento_sindicato_presenca (eve_id) VALUE (18551);
INSERT INTO eva_evento_sindicato_presenca (eve_id) VALUE (16764);
INSERT INTO eva_evento_sindicato_presenca (eve_id) VALUE (18310);
INSERT INTO eva_evento_sindicato_presenca (eve_id) VALUE (18577);
INSERT INTO eva_evento_sindicato_presenca (eve_id) VALUE (18586);

UPDATE teste_abqv.eve_evento_sindicato_participante SET flo_id_responsavel = null WHERE flo_id_responsavel = flo_id;

COMMIT;