START TRANSACTION;

INSERT INTO eve_evento_sindicato_participante (eve_id, evo_id, flo_id, eve_nome, eve_participante_telefone, eve_participante_email, eve_cpf, flo_id_responsavel, eve_presenca_confirmada, eve_data_deletado, eve_deletado)
VALUES (51659, 28, (SELECT flo_id FROM flo_filiado WHERE flo_cpf = '34414651808'), 'Adriana Coelho Camillo Zanella', '1150908794', 'adriana.zanella@eurofarma.com.br', '34414651808', (SELECT flo_id FROM flo_filiado WHERE flo_cnpj = '61190096000192'), 1, null, 2);
INSERT INTO dva_divida (psa_id_pagador, psa_id_destinatario, cmi_id, dvu_id, dva_valor, dva_valor_pago, dva_valor_acrescimo, dva_valor_desconto, dva_descricao, dvp_id, dva_data_vencimento_atual, dva_data_vencimento_inicial, dva_data_inicio_cobranca_mora, dva_data_cancelamento, dva_motivo_cancelamento, dva_cancelada, dva_tipo_cancelamento)
VALUES ((SELECT psa_id FROM psa_pessoa WHERE psa_cli_id = (SELECT flo_id FROM flo_filiado WHERE flo_cpf = '34414651808')), (SELECT psa_id FROM psa_pessoa WHERE psa_cli_id = (SELECT flo_id FROM flo_filiado WHERE flo_cpf = '34414651808')), 201909, 2, 0, 0, 0, 0, 'Inscrição em evento: A rede de interconexões com Qualidade de Vida nas Organizações', 38, '2019-09-27', '2019-09-27', '2019-09-28', null, null, 0, null);
INSERT INTO cba_cobranca (cba_situacao, cba_valor, cba_data_cadastro, cba_data_vencimento, cba_tipo_remessa, psa_id, cba_data_limite_recebimento, cba_motivo_cancelamento, cba_data_cancelamento)
VALUES (3, 0, '2019-09-26 13:15', '2019-09-27', 99, (SELECT psa_id FROM psa_pessoa WHERE psa_cli_id = (SELECT flo_id FROM flo_filiado WHERE flo_cpf = '34414651808')), '2019-09-28', null, null);
INSERT INTO dvo_divida_cobranca (dva_id, cba_id) VALUES ((SELECT max(dva_id) FROM dva_divida), (SELECT max(cba_id) FROM cba_cobranca));
INSERT INTO cbn_cobranca_evento_sindicato (cbn_descricao, prve_id, eve_id, evo_id, dva_id) VALUES ('Inscrição em evento', 5, 51659, 28, (SELECT max(dva_id) FROM dva_divida));
INSERT INTO pgo_pagamento (cba_id, psa_id, pgo_valor, pgo_situacao, pgo_data_pagamento, pgo_data_credito) VALUES ((SELECT max(cba_id) FROM cba_cobranca), (SELECT psa_id FROM psa_pessoa WHERE psa_cli_id = (SELECT flo_id FROM flo_filiado WHERE flo_cpf = '34414651808')), 0, 1, '2019-09-26', '2019-09-26');
INSERT INTO pga_pagamento_divida (dva_id, pgo_id, pga_valor) VALUES ((SELECT max(dva_id) FROM dva_divida), (SELECT max(pgo_id) FROM pgo_pagamento), 0);

INSERT INTO eve_evento_sindicato_participante (eve_id, evo_id, flo_id, eve_nome, eve_participante_telefone, eve_participante_email, eve_cpf, flo_id_responsavel, eve_presenca_confirmada, eve_data_deletado, eve_deletado)
VALUES (45226, 28, (SELECT flo_id FROM flo_filiado WHERE flo_cpf = '22764059884'), 'Adriana Garanito Persechini', '11994782595', 'adriana.persechini@cevalogistics.com', '22764059884', null, 1, null, 2);
INSERT INTO dva_divida (psa_id_pagador, psa_id_destinatario, cmi_id, dvu_id, dva_valor, dva_valor_pago, dva_valor_acrescimo, dva_valor_desconto, dva_descricao, dvp_id, dva_data_vencimento_atual, dva_data_vencimento_inicial, dva_data_inicio_cobranca_mora, dva_data_cancelamento, dva_motivo_cancelamento, dva_cancelada, dva_tipo_cancelamento)
VALUES ((SELECT psa_id FROM psa_pessoa WHERE psa_cli_id = (SELECT flo_id FROM flo_filiado WHERE flo_cpf = '22764059884')), (SELECT psa_id FROM psa_pessoa WHERE psa_cli_id = (SELECT flo_id FROM flo_filiado WHERE flo_cpf = '22764059884')), 201909, 2, 0, 0, 0, 0, 'Inscrição em evento: A rede de interconexões com Qualidade de Vida nas Organizações', 38, '2019-09-10', '2019-09-10', '2019-09-11', null, null, 0, null);
INSERT INTO cba_cobranca (cba_situacao, cba_valor, cba_data_cadastro, cba_data_vencimento, cba_tipo_remessa, psa_id, cba_data_limite_recebimento, cba_motivo_cancelamento, cba_data_cancelamento)
VALUES (3, 0, '2019-09-09 11:01', '2019-09-10', 99, (SELECT psa_id FROM psa_pessoa WHERE psa_cli_id = (SELECT flo_id FROM flo_filiado WHERE flo_cpf = '22764059884')), '2019-09-11', null, null);
INSERT INTO dvo_divida_cobranca (dva_id, cba_id) VALUES ((SELECT max(dva_id) FROM dva_divida), (SELECT max(cba_id) FROM cba_cobranca));
INSERT INTO cbn_cobranca_evento_sindicato (cbn_descricao, prve_id, eve_id, evo_id, dva_id) VALUES ('Inscrição em evento', 5, 45226, 28, (SELECT max(dva_id) FROM dva_divida));
INSERT INTO pgo_pagamento (cba_id, psa_id, pgo_valor, pgo_situacao, pgo_data_pagamento, pgo_data_credito) VALUES ((SELECT max(cba_id) FROM cba_cobranca), (SELECT psa_id FROM psa_pessoa WHERE psa_cli_id = (SELECT flo_id FROM flo_filiado WHERE flo_cpf = '22764059884')), 0, 1, '2019-09-09', '2019-09-09');
INSERT INTO pga_pagamento_divida (dva_id, pgo_id, pga_valor) VALUES ((SELECT max(dva_id) FROM dva_divida), (SELECT max(pgo_id) FROM pgo_pagamento), 0);

INSERT INTO eve_evento_sindicato_participante (eve_id, evo_id, flo_id, eve_nome, eve_participante_telefone, eve_participante_email, eve_cpf, flo_id_responsavel, eve_presenca_confirmada, eve_data_deletado, eve_deletado)
VALUES (50689, 28, (SELECT flo_id FROM flo_filiado WHERE flo_cpf = '57712336687'), 'Adriana Gomes Carneiro', '31997540411', 'adrianacarneiro411@gmail.com', '57712336687', null, 1, null, 2);
INSERT INTO dva_divida (psa_id_pagador, psa_id_destinatario, cmi_id, dvu_id, dva_valor, dva_valor_pago, dva_valor_acrescimo, dva_valor_desconto, dva_descricao, dvp_id, dva_data_vencimento_atual, dva_data_vencimento_inicial, dva_data_inicio_cobranca_mora, dva_data_cancelamento, dva_motivo_cancelamento, dva_cancelada, dva_tipo_cancelamento)
VALUES ((SELECT psa_id FROM psa_pessoa WHERE psa_cli_id = (SELECT flo_id FROM flo_filiado WHERE flo_cpf = '57712336687')), (SELECT psa_id FROM psa_pessoa WHERE psa_cli_id = (SELECT flo_id FROM flo_filiado WHERE flo_cpf = '57712336687')), 201909, 2, 75, 75, 0, 0, 'Inscrição em evento: A rede de interconexões com Qualidade de Vida nas Organizações', 38, '2019-09-25', '2019-09-25', '2019-09-26', null, null, 0, null);
INSERT INTO cba_cobranca (cba_situacao, cba_valor, cba_data_cadastro, cba_data_vencimento, cba_tipo_remessa, psa_id, cba_data_limite_recebimento, cba_motivo_cancelamento, cba_data_cancelamento)
VALUES (3, 75, '2019-09-24 09:45', '2019-09-25', 99, (SELECT psa_id FROM psa_pessoa WHERE psa_cli_id = (SELECT flo_id FROM flo_filiado WHERE flo_cpf = '57712336687')), '2019-09-26', null, null);
INSERT INTO dvo_divida_cobranca (dva_id, cba_id) VALUES ((SELECT max(dva_id) FROM dva_divida), (SELECT max(cba_id) FROM cba_cobranca));
INSERT INTO cbn_cobranca_evento_sindicato (cbn_descricao, prve_id, eve_id, evo_id, dva_id) VALUES ('Inscrição em evento', 5, 50689, 28, (SELECT max(dva_id) FROM dva_divida));
INSERT INTO pgo_pagamento (cba_id, psa_id, pgo_valor, pgo_situacao, pgo_data_pagamento, pgo_data_credito) VALUES ((SELECT max(cba_id) FROM cba_cobranca), (SELECT psa_id FROM psa_pessoa WHERE psa_cli_id = (SELECT flo_id FROM flo_filiado WHERE flo_cpf = '57712336687')), 75, 1, '2019-09-24', '2019-09-24');
INSERT INTO pga_pagamento_divida (dva_id, pgo_id, pga_valor) VALUES ((SELECT max(dva_id) FROM dva_divida), (SELECT max(pgo_id) FROM pgo_pagamento), 75);

INSERT INTO eve_evento_sindicato_participante (eve_id, evo_id, flo_id, eve_nome, eve_participante_telefone, eve_participante_email, eve_cpf, flo_id_responsavel, eve_presenca_confirmada, eve_data_deletado, eve_deletado)
VALUES (44250, 28, (SELECT flo_id FROM flo_filiado WHERE flo_cpf = '36537817870'), 'Agatha Emily da Silva', '11948117171', 'agatha.emily@oisami.com.br', '36537817870', null, 2, null, 2);
INSERT INTO dva_divida (psa_id_pagador, psa_id_destinatario, cmi_id, dvu_id, dva_valor, dva_valor_pago, dva_valor_acrescimo, dva_valor_desconto, dva_descricao, dvp_id, dva_data_vencimento_atual, dva_data_vencimento_inicial, dva_data_inicio_cobranca_mora, dva_data_cancelamento, dva_motivo_cancelamento, dva_cancelada, dva_tipo_cancelamento)
VALUES ((SELECT psa_id FROM psa_pessoa WHERE psa_cli_id = (SELECT flo_id FROM flo_filiado WHERE flo_cpf = '36537817870')), (SELECT psa_id FROM psa_pessoa WHERE psa_cli_id = (SELECT flo_id FROM flo_filiado WHERE flo_cpf = '36537817870')), 201909, 1, 75, 0, 0, 0, 'Inscrição em evento: A rede de interconexões com Qualidade de Vida nas Organizações', 38, '2019-09-04', '2019-09-04', '2019-09-05', null, null, 0, null);
INSERT INTO cba_cobranca (cba_situacao, cba_valor, cba_data_cadastro, cba_data_vencimento, cba_tipo_remessa, psa_id, cba_data_limite_recebimento, cba_motivo_cancelamento, cba_data_cancelamento)
VALUES (1, 75, '2019-09-03 16:12', '2019-09-04', 99, (SELECT psa_id FROM psa_pessoa WHERE psa_cli_id = (SELECT flo_id FROM flo_filiado WHERE flo_cpf = '36537817870')), '2019-09-05', null, null);
INSERT INTO dvo_divida_cobranca (dva_id, cba_id) VALUES ((SELECT max(dva_id) FROM dva_divida), (SELECT max(cba_id) FROM cba_cobranca));
INSERT INTO cbn_cobranca_evento_sindicato (cbn_descricao, prve_id, eve_id, evo_id, dva_id) VALUES ('Inscrição em evento', 5, 44250, 28, (SELECT max(dva_id) FROM dva_divida));

INSERT INTO eve_evento_sindicato_participante (eve_id, evo_id, flo_id, eve_nome, eve_participante_telefone, eve_participante_email, eve_cpf, flo_id_responsavel, eve_presenca_confirmada, eve_data_deletado, eve_deletado)
VALUES (51985, 28, (SELECT flo_id FROM flo_filiado WHERE flo_cpf = '32920150812'), 'Alberto Luis Alves', '11963965784', 'alberto.alves@sicoobsanta.coop.br', '32920150812', null, 1, null, 2);
INSERT INTO dva_divida (psa_id_pagador, psa_id_destinatario, cmi_id, dvu_id, dva_valor, dva_valor_pago, dva_valor_acrescimo, dva_valor_desconto, dva_descricao, dvp_id, dva_data_vencimento_atual, dva_data_vencimento_inicial, dva_data_inicio_cobranca_mora, dva_data_cancelamento, dva_motivo_cancelamento, dva_cancelada, dva_tipo_cancelamento)
VALUES ((SELECT psa_id FROM psa_pessoa WHERE psa_cli_id = (SELECT flo_id FROM flo_filiado WHERE flo_cpf = '32920150812')), (SELECT psa_id FROM psa_pessoa WHERE psa_cli_id = (SELECT flo_id FROM flo_filiado WHERE flo_cpf = '32920150812')), 201909, 2, 75, 75, 0, 0, 'Inscrição em evento: A rede de interconexões com Qualidade de Vida nas Organizações', 38, '2019-10-01', '2019-10-01', '2019-10-02', null, null, 0, null);
INSERT INTO cba_cobranca (cba_situacao, cba_valor, cba_data_cadastro, cba_data_vencimento, cba_tipo_remessa, psa_id, cba_data_limite_recebimento, cba_motivo_cancelamento, cba_data_cancelamento)
VALUES (3, 75, '2019-09-30 14:30', '2019-10-01', 99, (SELECT psa_id FROM psa_pessoa WHERE psa_cli_id = (SELECT flo_id FROM flo_filiado WHERE flo_cpf = '32920150812')), '2019-10-02', null, null);
INSERT INTO dvo_divida_cobranca (dva_id, cba_id) VALUES ((SELECT max(dva_id) FROM dva_divida), (SELECT max(cba_id) FROM cba_cobranca));
INSERT INTO cbn_cobranca_evento_sindicato (cbn_descricao, prve_id, eve_id, evo_id, dva_id) VALUES ('Inscrição em evento', 5, 51985, 28, (SELECT max(dva_id) FROM dva_divida));
INSERT INTO pgo_pagamento (cba_id, psa_id, pgo_valor, pgo_situacao, pgo_data_pagamento, pgo_data_credito) VALUES ((SELECT max(cba_id) FROM cba_cobranca), (SELECT psa_id FROM psa_pessoa WHERE psa_cli_id = (SELECT flo_id FROM flo_filiado WHERE flo_cpf = '32920150812')), 75, 1, '2019-09-30', '2019-09-30');
INSERT INTO pga_pagamento_divida (dva_id, pgo_id, pga_valor) VALUES ((SELECT max(dva_id) FROM dva_divida), (SELECT max(pgo_id) FROM pgo_pagamento), 75);

INSERT INTO eve_evento_sindicato_participante (eve_id, evo_id, flo_id, eve_nome, eve_participante_telefone, eve_participante_email, eve_cpf, flo_id_responsavel, eve_presenca_confirmada, eve_data_deletado, eve_deletado)
VALUES (51913, 28, (SELECT flo_id FROM flo_filiado WHERE flo_cpf = '26894078840'), 'Anderson Souza Barros', '11994053155', 'ANDERSON.BARROS@EUROFARMA.COM.BR', '26894078840', (SELECT flo_id FROM flo_filiado WHERE flo_cnpj = '61190096000192'), 1, null, 2);
INSERT INTO dva_divida (psa_id_pagador, psa_id_destinatario, cmi_id, dvu_id, dva_valor, dva_valor_pago, dva_valor_acrescimo, dva_valor_desconto, dva_descricao, dvp_id, dva_data_vencimento_atual, dva_data_vencimento_inicial, dva_data_inicio_cobranca_mora, dva_data_cancelamento, dva_motivo_cancelamento, dva_cancelada, dva_tipo_cancelamento)
VALUES ((SELECT psa_id FROM psa_pessoa WHERE psa_cli_id = (SELECT flo_id FROM flo_filiado WHERE flo_cpf = '26894078840')), (SELECT psa_id FROM psa_pessoa WHERE psa_cli_id = (SELECT flo_id FROM flo_filiado WHERE flo_cpf = '26894078840')), 201909, 2, 0, 0, 0, 0, 'Inscrição em evento: A rede de interconexões com Qualidade de Vida nas Organizações', 38, '2019-10-01', '2019-10-01', '2019-10-02', null, null, 0, null);
INSERT INTO cba_cobranca (cba_situacao, cba_valor, cba_data_cadastro, cba_data_vencimento, cba_tipo_remessa, psa_id, cba_data_limite_recebimento, cba_motivo_cancelamento, cba_data_cancelamento)
VALUES (3, 0, '2019-09-30 07:37', '2019-10-01', 99, (SELECT psa_id FROM psa_pessoa WHERE psa_cli_id = (SELECT flo_id FROM flo_filiado WHERE flo_cpf = '26894078840')), '2019-10-02', null, null);
INSERT INTO dvo_divida_cobranca (dva_id, cba_id) VALUES ((SELECT max(dva_id) FROM dva_divida), (SELECT max(cba_id) FROM cba_cobranca));
INSERT INTO cbn_cobranca_evento_sindicato (cbn_descricao, prve_id, eve_id, evo_id, dva_id) VALUES ('Inscrição em evento', 5, 51913, 28, (SELECT max(dva_id) FROM dva_divida));
INSERT INTO pgo_pagamento (cba_id, psa_id, pgo_valor, pgo_situacao, pgo_data_pagamento, pgo_data_credito) VALUES ((SELECT max(cba_id) FROM cba_cobranca), (SELECT psa_id FROM psa_pessoa WHERE psa_cli_id = (SELECT flo_id FROM flo_filiado WHERE flo_cpf = '26894078840')), 0, 1, '2019-09-30', '2019-09-30');
INSERT INTO pga_pagamento_divida (dva_id, pgo_id, pga_valor) VALUES ((SELECT max(dva_id) FROM dva_divida), (SELECT max(pgo_id) FROM pgo_pagamento), 0);

INSERT INTO eve_evento_sindicato_participante (eve_id, evo_id, flo_id, eve_nome, eve_participante_telefone, eve_participante_email, eve_cpf, flo_id_responsavel, eve_presenca_confirmada, eve_data_deletado, eve_deletado)
VALUES (48782, 28, (SELECT flo_id FROM flo_filiado WHERE flo_cpf = '12530669813'), 'Andreia Goncalves de Oliveira', '1123935020', 'andreia_goliveira@hotmail.com', '12530669813', null, 1, null, 2);
INSERT INTO dva_divida (psa_id_pagador, psa_id_destinatario, cmi_id, dvu_id, dva_valor, dva_valor_pago, dva_valor_acrescimo, dva_valor_desconto, dva_descricao, dvp_id, dva_data_vencimento_atual, dva_data_vencimento_inicial, dva_data_inicio_cobranca_mora, dva_data_cancelamento, dva_motivo_cancelamento, dva_cancelada, dva_tipo_cancelamento)
VALUES ((SELECT psa_id FROM psa_pessoa WHERE psa_cli_id = (SELECT flo_id FROM flo_filiado WHERE flo_cpf = '12530669813')), (SELECT psa_id FROM psa_pessoa WHERE psa_cli_id = (SELECT flo_id FROM flo_filiado WHERE flo_cpf = '12530669813')), 201909, 2, 0, 0, 0, 0, 'Inscrição em evento: A rede de interconexões com Qualidade de Vida nas Organizações', 38, '2019-09-19', '2019-09-19', '2019-09-20', null, null, 0, null);
INSERT INTO cba_cobranca (cba_situacao, cba_valor, cba_data_cadastro, cba_data_vencimento, cba_tipo_remessa, psa_id, cba_data_limite_recebimento, cba_motivo_cancelamento, cba_data_cancelamento)
VALUES (3, 0, '2019-09-18 11:15', '2019-09-19', 99, (SELECT psa_id FROM psa_pessoa WHERE psa_cli_id = (SELECT flo_id FROM flo_filiado WHERE flo_cpf = '12530669813')), '2019-09-20', null, null);
INSERT INTO dvo_divida_cobranca (dva_id, cba_id) VALUES ((SELECT max(dva_id) FROM dva_divida), (SELECT max(cba_id) FROM cba_cobranca));
INSERT INTO cbn_cobranca_evento_sindicato (cbn_descricao, prve_id, eve_id, evo_id, dva_id) VALUES ('Inscrição em evento', 5, 48782, 28, (SELECT max(dva_id) FROM dva_divida));
INSERT INTO pgo_pagamento (cba_id, psa_id, pgo_valor, pgo_situacao, pgo_data_pagamento, pgo_data_credito) VALUES ((SELECT max(cba_id) FROM cba_cobranca), (SELECT psa_id FROM psa_pessoa WHERE psa_cli_id = (SELECT flo_id FROM flo_filiado WHERE flo_cpf = '12530669813')), 0, 1, '2019-09-18', '2019-09-18');
INSERT INTO pga_pagamento_divida (dva_id, pgo_id, pga_valor) VALUES ((SELECT max(dva_id) FROM dva_divida), (SELECT max(pgo_id) FROM pgo_pagamento), 0);

INSERT INTO eve_evento_sindicato_participante (eve_id, evo_id, flo_id, eve_nome, eve_participante_telefone, eve_participante_email, eve_cpf, flo_id_responsavel, eve_presenca_confirmada, eve_data_deletado, eve_deletado)
VALUES (51156, 28, (SELECT flo_id FROM flo_filiado WHERE flo_cpf = '17367249835'), 'Antonio Alceani Almeida Kuwahara', '11984604084', 'aalceani@hotmail.com', '17367249835', (SELECT flo_id FROM flo_filiado WHERE flo_cnpj = '60726502000126'), 1, null, 2);
INSERT INTO dva_divida (psa_id_pagador, psa_id_destinatario, cmi_id, dvu_id, dva_valor, dva_valor_pago, dva_valor_acrescimo, dva_valor_desconto, dva_descricao, dvp_id, dva_data_vencimento_atual, dva_data_vencimento_inicial, dva_data_inicio_cobranca_mora, dva_data_cancelamento, dva_motivo_cancelamento, dva_cancelada, dva_tipo_cancelamento)
VALUES ((SELECT psa_id FROM psa_pessoa WHERE psa_cli_id = (SELECT flo_id FROM flo_filiado WHERE flo_cpf = '17367249835')), (SELECT psa_id FROM psa_pessoa WHERE psa_cli_id = (SELECT flo_id FROM flo_filiado WHERE flo_cpf = '17367249835')), 201909, 2, 0, 0, 0, 0, 'Inscrição em evento: A rede de interconexões com Qualidade de Vida nas Organizações', 38, '2019-09-25', '2019-09-25', '2019-09-26', null, null, 0, null);
INSERT INTO cba_cobranca (cba_situacao, cba_valor, cba_data_cadastro, cba_data_vencimento, cba_tipo_remessa, psa_id, cba_data_limite_recebimento, cba_motivo_cancelamento, cba_data_cancelamento)
VALUES (3, 0, '2019-09-24 18:40', '2019-09-25', 99, (SELECT psa_id FROM psa_pessoa WHERE psa_cli_id = (SELECT flo_id FROM flo_filiado WHERE flo_cpf = '17367249835')), '2019-09-26', null, null);
INSERT INTO dvo_divida_cobranca (dva_id, cba_id) VALUES ((SELECT max(dva_id) FROM dva_divida), (SELECT max(cba_id) FROM cba_cobranca));
INSERT INTO cbn_cobranca_evento_sindicato (cbn_descricao, prve_id, eve_id, evo_id, dva_id) VALUES ('Inscrição em evento', 5, 51156, 28, (SELECT max(dva_id) FROM dva_divida));
INSERT INTO pgo_pagamento (cba_id, psa_id, pgo_valor, pgo_situacao, pgo_data_pagamento, pgo_data_credito) VALUES ((SELECT max(cba_id) FROM cba_cobranca), (SELECT psa_id FROM psa_pessoa WHERE psa_cli_id = (SELECT flo_id FROM flo_filiado WHERE flo_cpf = '17367249835')), 0, 1, '2019-09-24', '2019-09-24');
INSERT INTO pga_pagamento_divida (dva_id, pgo_id, pga_valor) VALUES ((SELECT max(dva_id) FROM dva_divida), (SELECT max(pgo_id) FROM pgo_pagamento), 0);

INSERT INTO eve_evento_sindicato_participante (eve_id, evo_id, flo_id, eve_nome, eve_participante_telefone, eve_participante_email, eve_cpf, flo_id_responsavel, eve_presenca_confirmada, eve_data_deletado, eve_deletado)
VALUES (49208, 28, (SELECT flo_id FROM flo_filiado WHERE flo_cpf = '33923803850'), 'Camila Avanzo Ruiz', '11960762002', 'camila@catividade.com.br', '33923803850', (SELECT flo_id FROM flo_filiado WHERE flo_cnpj = '60726502000126'), 1, null, 2);
INSERT INTO dva_divida (psa_id_pagador, psa_id_destinatario, cmi_id, dvu_id, dva_valor, dva_valor_pago, dva_valor_acrescimo, dva_valor_desconto, dva_descricao, dvp_id, dva_data_vencimento_atual, dva_data_vencimento_inicial, dva_data_inicio_cobranca_mora, dva_data_cancelamento, dva_motivo_cancelamento, dva_cancelada, dva_tipo_cancelamento)
VALUES ((SELECT psa_id FROM psa_pessoa WHERE psa_cli_id = (SELECT flo_id FROM flo_filiado WHERE flo_cpf = '33923803850')), (SELECT psa_id FROM psa_pessoa WHERE psa_cli_id = (SELECT flo_id FROM flo_filiado WHERE flo_cpf = '33923803850')), 201909, 2, 0, 0, 0, 0, 'Inscrição em evento: A rede de interconexões com Qualidade de Vida nas Organizações', 38, '2019-09-20', '2019-09-20', '2019-09-21', null, null, 0, null);
INSERT INTO cba_cobranca (cba_situacao, cba_valor, cba_data_cadastro, cba_data_vencimento, cba_tipo_remessa, psa_id, cba_data_limite_recebimento, cba_motivo_cancelamento, cba_data_cancelamento)
VALUES (3, 0, '2019-09-19 18:17', '2019-09-20', 99, (SELECT psa_id FROM psa_pessoa WHERE psa_cli_id = (SELECT flo_id FROM flo_filiado WHERE flo_cpf = '33923803850')), '2019-09-21', null, null);
INSERT INTO dvo_divida_cobranca (dva_id, cba_id) VALUES ((SELECT max(dva_id) FROM dva_divida), (SELECT max(cba_id) FROM cba_cobranca));
INSERT INTO cbn_cobranca_evento_sindicato (cbn_descricao, prve_id, eve_id, evo_id, dva_id) VALUES ('Inscrição em evento', 5, 49208, 28, (SELECT max(dva_id) FROM dva_divida));
INSERT INTO pgo_pagamento (cba_id, psa_id, pgo_valor, pgo_situacao, pgo_data_pagamento, pgo_data_credito) VALUES ((SELECT max(cba_id) FROM cba_cobranca), (SELECT psa_id FROM psa_pessoa WHERE psa_cli_id = (SELECT flo_id FROM flo_filiado WHERE flo_cpf = '33923803850')), 0, 1, '2019-09-19', '2019-09-19');
INSERT INTO pga_pagamento_divida (dva_id, pgo_id, pga_valor) VALUES ((SELECT max(dva_id) FROM dva_divida), (SELECT max(pgo_id) FROM pgo_pagamento), 0);

INSERT INTO eve_evento_sindicato_participante (eve_id, evo_id, flo_id, eve_nome, eve_participante_telefone, eve_participante_email, eve_cpf, flo_id_responsavel, eve_presenca_confirmada, eve_data_deletado, eve_deletado)
VALUES (51929, 28, (SELECT flo_id FROM flo_filiado WHERE flo_cpf = '37304729848'), 'Carol Figueredo', '11995254430', 'carol.figueredo@simplisweb.com.br', '37304729848', (SELECT flo_id FROM flo_filiado WHERE flo_cnpj = '29971448000134'), 1, null, 2);
INSERT INTO dva_divida (psa_id_pagador, psa_id_destinatario, cmi_id, dvu_id, dva_valor, dva_valor_pago, dva_valor_acrescimo, dva_valor_desconto, dva_descricao, dvp_id, dva_data_vencimento_atual, dva_data_vencimento_inicial, dva_data_inicio_cobranca_mora, dva_data_cancelamento, dva_motivo_cancelamento, dva_cancelada, dva_tipo_cancelamento)
VALUES ((SELECT psa_id FROM psa_pessoa WHERE psa_cli_id = (SELECT flo_id FROM flo_filiado WHERE flo_cpf = '37304729848')), (SELECT psa_id FROM psa_pessoa WHERE psa_cli_id = (SELECT flo_id FROM flo_filiado WHERE flo_cpf = '37304729848')), 201909, 2, 0, 0, 0, 0, 'Inscrição em evento: A rede de interconexões com Qualidade de Vida nas Organizações', 38, '2019-10-01', '2019-10-01', '2019-10-02', null, null, 0, null);
INSERT INTO cba_cobranca (cba_situacao, cba_valor, cba_data_cadastro, cba_data_vencimento, cba_tipo_remessa, psa_id, cba_data_limite_recebimento, cba_motivo_cancelamento, cba_data_cancelamento)
VALUES (3, 0, '2019-09-30 10:00', '2019-10-01', 99, (SELECT psa_id FROM psa_pessoa WHERE psa_cli_id = (SELECT flo_id FROM flo_filiado WHERE flo_cpf = '37304729848')), '2019-10-02', null, null);
INSERT INTO dvo_divida_cobranca (dva_id, cba_id) VALUES ((SELECT max(dva_id) FROM dva_divida), (SELECT max(cba_id) FROM cba_cobranca));
INSERT INTO cbn_cobranca_evento_sindicato (cbn_descricao, prve_id, eve_id, evo_id, dva_id) VALUES ('Inscrição em evento', 5, 51929, 28, (SELECT max(dva_id) FROM dva_divida));
INSERT INTO pgo_pagamento (cba_id, psa_id, pgo_valor, pgo_situacao, pgo_data_pagamento, pgo_data_credito) VALUES ((SELECT max(cba_id) FROM cba_cobranca), (SELECT psa_id FROM psa_pessoa WHERE psa_cli_id = (SELECT flo_id FROM flo_filiado WHERE flo_cpf = '37304729848')), 0, 1, '2019-09-30', '2019-09-30');
INSERT INTO pga_pagamento_divida (dva_id, pgo_id, pga_valor) VALUES ((SELECT max(dva_id) FROM dva_divida), (SELECT max(pgo_id) FROM pgo_pagamento), 0);

INSERT INTO eve_evento_sindicato_participante (eve_id, evo_id, flo_id, eve_nome, eve_participante_telefone, eve_participante_email, eve_cpf, flo_id_responsavel, eve_presenca_confirmada, eve_data_deletado, eve_deletado)
VALUES (51592, 28, (SELECT flo_id FROM flo_filiado WHERE flo_cpf = '12659227802'), 'Celso da Encarnação', '11999503970', 'celso.encarnacao@alstomgroup.com', '12659227802', (SELECT flo_id FROM flo_filiado WHERE flo_cnpj = '88309620000581'), 1, null, 2);
INSERT INTO dva_divida (psa_id_pagador, psa_id_destinatario, cmi_id, dvu_id, dva_valor, dva_valor_pago, dva_valor_acrescimo, dva_valor_desconto, dva_descricao, dvp_id, dva_data_vencimento_atual, dva_data_vencimento_inicial, dva_data_inicio_cobranca_mora, dva_data_cancelamento, dva_motivo_cancelamento, dva_cancelada, dva_tipo_cancelamento)
VALUES ((SELECT psa_id FROM psa_pessoa WHERE psa_cli_id = (SELECT flo_id FROM flo_filiado WHERE flo_cpf = '12659227802')), (SELECT psa_id FROM psa_pessoa WHERE psa_cli_id = (SELECT flo_id FROM flo_filiado WHERE flo_cpf = '12659227802')), 201909, 2, 0, 0, 0, 0, 'Inscrição em evento: A rede de interconexões com Qualidade de Vida nas Organizações', 38, '2019-09-27', '2019-09-27', '2019-09-28', null, null, 0, null);
INSERT INTO cba_cobranca (cba_situacao, cba_valor, cba_data_cadastro, cba_data_vencimento, cba_tipo_remessa, psa_id, cba_data_limite_recebimento, cba_motivo_cancelamento, cba_data_cancelamento)
VALUES (3, 0, '2019-09-26 10:35', '2019-09-27', 99, (SELECT psa_id FROM psa_pessoa WHERE psa_cli_id = (SELECT flo_id FROM flo_filiado WHERE flo_cpf = '12659227802')), '2019-09-28', null, null);
INSERT INTO dvo_divida_cobranca (dva_id, cba_id) VALUES ((SELECT max(dva_id) FROM dva_divida), (SELECT max(cba_id) FROM cba_cobranca));
INSERT INTO cbn_cobranca_evento_sindicato (cbn_descricao, prve_id, eve_id, evo_id, dva_id) VALUES ('Inscrição em evento', 5, 51592, 28, (SELECT max(dva_id) FROM dva_divida));
INSERT INTO pgo_pagamento (cba_id, psa_id, pgo_valor, pgo_situacao, pgo_data_pagamento, pgo_data_credito) VALUES ((SELECT max(cba_id) FROM cba_cobranca), (SELECT psa_id FROM psa_pessoa WHERE psa_cli_id = (SELECT flo_id FROM flo_filiado WHERE flo_cpf = '12659227802')), 0, 1, '2019-09-26', '2019-09-26');
INSERT INTO pga_pagamento_divida (dva_id, pgo_id, pga_valor) VALUES ((SELECT max(dva_id) FROM dva_divida), (SELECT max(pgo_id) FROM pgo_pagamento), 0);

INSERT INTO eve_evento_sindicato_participante (eve_id, evo_id, flo_id, eve_nome, eve_participante_telefone, eve_participante_email, eve_cpf, flo_id_responsavel, eve_presenca_confirmada, eve_data_deletado, eve_deletado)
VALUES (51747, 28, (SELECT flo_id FROM flo_filiado WHERE flo_cpf = '29707788828'), 'Companhia Nitro Química Brasileira', '11947512476', 'rosana.silva@nitroquimica.com.br', '29707788828', null, 1, null, 2);
INSERT INTO dva_divida (psa_id_pagador, psa_id_destinatario, cmi_id, dvu_id, dva_valor, dva_valor_pago, dva_valor_acrescimo, dva_valor_desconto, dva_descricao, dvp_id, dva_data_vencimento_atual, dva_data_vencimento_inicial, dva_data_inicio_cobranca_mora, dva_data_cancelamento, dva_motivo_cancelamento, dva_cancelada, dva_tipo_cancelamento)
VALUES ((SELECT psa_id FROM psa_pessoa WHERE psa_cli_id = (SELECT flo_id FROM flo_filiado WHERE flo_cpf = '29707788828')), (SELECT psa_id FROM psa_pessoa WHERE psa_cli_id = (SELECT flo_id FROM flo_filiado WHERE flo_cpf = '29707788828')), 201909, 2, 0, 0, 0, 0, 'Inscrição em evento: A rede de interconexões com Qualidade de Vida nas Organizações', 38, '2019-09-27', '2019-09-27', '2019-09-28', null, null, 0, null);
INSERT INTO cba_cobranca (cba_situacao, cba_valor, cba_data_cadastro, cba_data_vencimento, cba_tipo_remessa, psa_id, cba_data_limite_recebimento, cba_motivo_cancelamento, cba_data_cancelamento)
VALUES (3, 0, '2019-09-26 18:17', '2019-09-27', 99, (SELECT psa_id FROM psa_pessoa WHERE psa_cli_id = (SELECT flo_id FROM flo_filiado WHERE flo_cpf = '29707788828')), '2019-09-28', null, null);
INSERT INTO dvo_divida_cobranca (dva_id, cba_id) VALUES ((SELECT max(dva_id) FROM dva_divida), (SELECT max(cba_id) FROM cba_cobranca));
INSERT INTO cbn_cobranca_evento_sindicato (cbn_descricao, prve_id, eve_id, evo_id, dva_id) VALUES ('Inscrição em evento', 5, 51747, 28, (SELECT max(dva_id) FROM dva_divida));
INSERT INTO pgo_pagamento (cba_id, psa_id, pgo_valor, pgo_situacao, pgo_data_pagamento, pgo_data_credito) VALUES ((SELECT max(cba_id) FROM cba_cobranca), (SELECT psa_id FROM psa_pessoa WHERE psa_cli_id = (SELECT flo_id FROM flo_filiado WHERE flo_cpf = '29707788828')), 0, 1, '2019-09-26', '2019-09-26');
INSERT INTO pga_pagamento_divida (dva_id, pgo_id, pga_valor) VALUES ((SELECT max(dva_id) FROM dva_divida), (SELECT max(pgo_id) FROM pgo_pagamento), 0);

INSERT INTO eve_evento_sindicato_participante (eve_id, evo_id, flo_id, eve_nome, eve_participante_telefone, eve_participante_email, eve_cpf, flo_id_responsavel, eve_presenca_confirmada, eve_data_deletado, eve_deletado)
VALUES (51163, 28, (SELECT flo_id FROM flo_filiado WHERE flo_cpf = '15158911860'), 'Cristiane Maria Talala Zogheib', '11987384008', 'Cristiane.talala@haoc.com.br', '15158911860', (SELECT flo_id FROM flo_filiado WHERE flo_cnpj = '60726502000126'), 1, null, 2);
INSERT INTO dva_divida (psa_id_pagador, psa_id_destinatario, cmi_id, dvu_id, dva_valor, dva_valor_pago, dva_valor_acrescimo, dva_valor_desconto, dva_descricao, dvp_id, dva_data_vencimento_atual, dva_data_vencimento_inicial, dva_data_inicio_cobranca_mora, dva_data_cancelamento, dva_motivo_cancelamento, dva_cancelada, dva_tipo_cancelamento)
VALUES ((SELECT psa_id FROM psa_pessoa WHERE psa_cli_id = (SELECT flo_id FROM flo_filiado WHERE flo_cpf = '15158911860')), (SELECT psa_id FROM psa_pessoa WHERE psa_cli_id = (SELECT flo_id FROM flo_filiado WHERE flo_cpf = '15158911860')), 201909, 2, 0, 0, 0, 0, 'Inscrição em evento: A rede de interconexões com Qualidade de Vida nas Organizações', 38, '2019-09-25', '2019-09-25', '2019-09-26', null, null, 0, null);
INSERT INTO cba_cobranca (cba_situacao, cba_valor, cba_data_cadastro, cba_data_vencimento, cba_tipo_remessa, psa_id, cba_data_limite_recebimento, cba_motivo_cancelamento, cba_data_cancelamento)
VALUES (3, 0, '2019-09-24 19:41', '2019-09-25', 99, (SELECT psa_id FROM psa_pessoa WHERE psa_cli_id = (SELECT flo_id FROM flo_filiado WHERE flo_cpf = '15158911860')), '2019-09-26', null, null);
INSERT INTO dvo_divida_cobranca (dva_id, cba_id) VALUES ((SELECT max(dva_id) FROM dva_divida), (SELECT max(cba_id) FROM cba_cobranca));
INSERT INTO cbn_cobranca_evento_sindicato (cbn_descricao, prve_id, eve_id, evo_id, dva_id) VALUES ('Inscrição em evento', 5, 51163, 28, (SELECT max(dva_id) FROM dva_divida));
INSERT INTO pgo_pagamento (cba_id, psa_id, pgo_valor, pgo_situacao, pgo_data_pagamento, pgo_data_credito) VALUES ((SELECT max(cba_id) FROM cba_cobranca), (SELECT psa_id FROM psa_pessoa WHERE psa_cli_id = (SELECT flo_id FROM flo_filiado WHERE flo_cpf = '15158911860')), 0, 1, '2019-09-24', '2019-09-24');
INSERT INTO pga_pagamento_divida (dva_id, pgo_id, pga_valor) VALUES ((SELECT max(dva_id) FROM dva_divida), (SELECT max(pgo_id) FROM pgo_pagamento), 0);

INSERT INTO eve_evento_sindicato_participante (eve_id, evo_id, flo_id, eve_nome, eve_participante_telefone, eve_participante_email, eve_cpf, flo_id_responsavel, eve_presenca_confirmada, eve_data_deletado, eve_deletado)
VALUES (51986, 28, (SELECT flo_id FROM flo_filiado WHERE flo_cpf = '21540052842'), 'Douglas A Cirilo', '11963965846', 'andressa.santos@sicoobsanta.coop.br', '21540052842', null, 1, null, 2);
INSERT INTO dva_divida (psa_id_pagador, psa_id_destinatario, cmi_id, dvu_id, dva_valor, dva_valor_pago, dva_valor_acrescimo, dva_valor_desconto, dva_descricao, dvp_id, dva_data_vencimento_atual, dva_data_vencimento_inicial, dva_data_inicio_cobranca_mora, dva_data_cancelamento, dva_motivo_cancelamento, dva_cancelada, dva_tipo_cancelamento)
VALUES ((SELECT psa_id FROM psa_pessoa WHERE psa_cli_id = (SELECT flo_id FROM flo_filiado WHERE flo_cpf = '21540052842')), (SELECT psa_id FROM psa_pessoa WHERE psa_cli_id = (SELECT flo_id FROM flo_filiado WHERE flo_cpf = '21540052842')), 201909, 2, 75, 75, 0, 0, 'Inscrição em evento: A rede de interconexões com Qualidade de Vida nas Organizações', 38, '2019-10-01', '2019-10-01', '2019-10-02', null, null, 0, null);
INSERT INTO cba_cobranca (cba_situacao, cba_valor, cba_data_cadastro, cba_data_vencimento, cba_tipo_remessa, psa_id, cba_data_limite_recebimento, cba_motivo_cancelamento, cba_data_cancelamento)
VALUES (3, 75, '2019-09-30 14:38', '2019-10-01', 99, (SELECT psa_id FROM psa_pessoa WHERE psa_cli_id = (SELECT flo_id FROM flo_filiado WHERE flo_cpf = '21540052842')), '2019-10-02', null, null);
INSERT INTO dvo_divida_cobranca (dva_id, cba_id) VALUES ((SELECT max(dva_id) FROM dva_divida), (SELECT max(cba_id) FROM cba_cobranca));
INSERT INTO cbn_cobranca_evento_sindicato (cbn_descricao, prve_id, eve_id, evo_id, dva_id) VALUES ('Inscrição em evento', 5, 51986, 28, (SELECT max(dva_id) FROM dva_divida));
INSERT INTO pgo_pagamento (cba_id, psa_id, pgo_valor, pgo_situacao, pgo_data_pagamento, pgo_data_credito) VALUES ((SELECT max(cba_id) FROM cba_cobranca), (SELECT psa_id FROM psa_pessoa WHERE psa_cli_id = (SELECT flo_id FROM flo_filiado WHERE flo_cpf = '21540052842')), 75, 1, '2019-09-30', '2019-09-30');
INSERT INTO pga_pagamento_divida (dva_id, pgo_id, pga_valor) VALUES ((SELECT max(dva_id) FROM dva_divida), (SELECT max(pgo_id) FROM pgo_pagamento), 75);

INSERT INTO eve_evento_sindicato_participante (eve_id, evo_id, flo_id, eve_nome, eve_participante_telefone, eve_participante_email, eve_cpf, flo_id_responsavel, eve_presenca_confirmada, eve_data_deletado, eve_deletado)
VALUES (48815, 28, (SELECT flo_id FROM flo_filiado WHERE flo_cpf = '31146219881'), 'Eduardo Cesar Domingues de Azevedo', '1182696956', 'eduardo@azevedonetto.com.br', '31146219881', (SELECT flo_id FROM flo_filiado WHERE flo_cnpj = '22465323000193'), 1, null, 2);
INSERT INTO dva_divida (psa_id_pagador, psa_id_destinatario, cmi_id, dvu_id, dva_valor, dva_valor_pago, dva_valor_acrescimo, dva_valor_desconto, dva_descricao, dvp_id, dva_data_vencimento_atual, dva_data_vencimento_inicial, dva_data_inicio_cobranca_mora, dva_data_cancelamento, dva_motivo_cancelamento, dva_cancelada, dva_tipo_cancelamento)
VALUES ((SELECT psa_id FROM psa_pessoa WHERE psa_cli_id = (SELECT flo_id FROM flo_filiado WHERE flo_cpf = '31146219881')), (SELECT psa_id FROM psa_pessoa WHERE psa_cli_id = (SELECT flo_id FROM flo_filiado WHERE flo_cpf = '31146219881')), 201909, 2, 0, 0, 0, 0, 'Inscrição em evento: A rede de interconexões com Qualidade de Vida nas Organizações', 38, '2019-09-19', '2019-09-19', '2019-09-20', null, null, 0, null);
INSERT INTO cba_cobranca (cba_situacao, cba_valor, cba_data_cadastro, cba_data_vencimento, cba_tipo_remessa, psa_id, cba_data_limite_recebimento, cba_motivo_cancelamento, cba_data_cancelamento)
VALUES (3, 0, '2019-09-18 13:32', '2019-09-19', 99, (SELECT psa_id FROM psa_pessoa WHERE psa_cli_id = (SELECT flo_id FROM flo_filiado WHERE flo_cpf = '31146219881')), '2019-09-20', null, null);
INSERT INTO dvo_divida_cobranca (dva_id, cba_id) VALUES ((SELECT max(dva_id) FROM dva_divida), (SELECT max(cba_id) FROM cba_cobranca));
INSERT INTO cbn_cobranca_evento_sindicato (cbn_descricao, prve_id, eve_id, evo_id, dva_id) VALUES ('Inscrição em evento', 5, 48815, 28, (SELECT max(dva_id) FROM dva_divida));
INSERT INTO pgo_pagamento (cba_id, psa_id, pgo_valor, pgo_situacao, pgo_data_pagamento, pgo_data_credito) VALUES ((SELECT max(cba_id) FROM cba_cobranca), (SELECT psa_id FROM psa_pessoa WHERE psa_cli_id = (SELECT flo_id FROM flo_filiado WHERE flo_cpf = '31146219881')), 0, 1, '2019-09-18', '2019-09-18');
INSERT INTO pga_pagamento_divida (dva_id, pgo_id, pga_valor) VALUES ((SELECT max(dva_id) FROM dva_divida), (SELECT max(pgo_id) FROM pgo_pagamento), 0);

INSERT INTO eve_evento_sindicato_participante (eve_id, evo_id, flo_id, eve_nome, eve_participante_telefone, eve_participante_email, eve_cpf, flo_id_responsavel, eve_presenca_confirmada, eve_data_deletado, eve_deletado)
VALUES (49973, 28, (SELECT flo_id FROM flo_filiado WHERE flo_cpf = '17779333825'), 'Edward Toshiyuki Midorikawa', '11996941652', 'editm@uol.com.br', '17779333825', null, 1, null, 2);
INSERT INTO dva_divida (psa_id_pagador, psa_id_destinatario, cmi_id, dvu_id, dva_valor, dva_valor_pago, dva_valor_acrescimo, dva_valor_desconto, dva_descricao, dvp_id, dva_data_vencimento_atual, dva_data_vencimento_inicial, dva_data_inicio_cobranca_mora, dva_data_cancelamento, dva_motivo_cancelamento, dva_cancelada, dva_tipo_cancelamento)
VALUES ((SELECT psa_id FROM psa_pessoa WHERE psa_cli_id = (SELECT flo_id FROM flo_filiado WHERE flo_cpf = '17779333825')), (SELECT psa_id FROM psa_pessoa WHERE psa_cli_id = (SELECT flo_id FROM flo_filiado WHERE flo_cpf = '17779333825')), 201909, 2, 75, 0, 0, 75, 'Inscrição em evento: A rede de interconexões com Qualidade de Vida nas Organizações', 38, '2019-09-24', '2019-09-24', '2019-09-25', null, null, 0, null);
INSERT INTO cba_cobranca (cba_situacao, cba_valor, cba_data_cadastro, cba_data_vencimento, cba_tipo_remessa, psa_id, cba_data_limite_recebimento, cba_motivo_cancelamento, cba_data_cancelamento)
VALUES (4, 75, '2019-09-23 13:39', '2019-09-24', 99, (SELECT psa_id FROM psa_pessoa WHERE psa_cli_id = (SELECT flo_id FROM flo_filiado WHERE flo_cpf = '17779333825')), '2019-09-25', 'Concessão de isenção', '2019-09-23 13:39');
INSERT INTO dvo_divida_cobranca (dva_id, cba_id) VALUES ((SELECT max(dva_id) FROM dva_divida), (SELECT max(cba_id) FROM cba_cobranca));
INSERT INTO dvt_divida_desconto (dva_id, dvt_valor, dvt_descricao, dvt_data_cadastro) VALUES ((SELECT max(dva_id) FROM dva_divida), 75, 'Concessão de isenção', '2019-09-23 13:39');
INSERT INTO cbn_cobranca_evento_sindicato (cbn_descricao, prve_id, eve_id, evo_id, dva_id) VALUES ('Inscrição em evento', 5, 49973, 28, (SELECT max(dva_id) FROM dva_divida));

INSERT INTO eve_evento_sindicato_participante (eve_id, evo_id, flo_id, eve_nome, eve_participante_telefone, eve_participante_email, eve_cpf, flo_id_responsavel, eve_presenca_confirmada, eve_data_deletado, eve_deletado)
VALUES (43713, 28, (SELECT flo_id FROM flo_filiado WHERE flo_cpf = '13493494882'), 'Egly Camara', '11996200759', 'camaraegly@gmail.com', '13493494882', null, 1, null, 2);
INSERT INTO dva_divida (psa_id_pagador, psa_id_destinatario, cmi_id, dvu_id, dva_valor, dva_valor_pago, dva_valor_acrescimo, dva_valor_desconto, dva_descricao, dvp_id, dva_data_vencimento_atual, dva_data_vencimento_inicial, dva_data_inicio_cobranca_mora, dva_data_cancelamento, dva_motivo_cancelamento, dva_cancelada, dva_tipo_cancelamento)
VALUES ((SELECT psa_id FROM psa_pessoa WHERE psa_cli_id = (SELECT flo_id FROM flo_filiado WHERE flo_cpf = '13493494882')), (SELECT psa_id FROM psa_pessoa WHERE psa_cli_id = (SELECT flo_id FROM flo_filiado WHERE flo_cpf = '13493494882')), 201909, 2, 0, 0, 0, 0, 'Inscrição em evento: A rede de interconexões com Qualidade de Vida nas Organizações', 38, '2019-09-03', '2019-09-03', '2019-09-04', null, null, 0, null);
INSERT INTO cba_cobranca (cba_situacao, cba_valor, cba_data_cadastro, cba_data_vencimento, cba_tipo_remessa, psa_id, cba_data_limite_recebimento, cba_motivo_cancelamento, cba_data_cancelamento)
VALUES (3, 0, '2019-09-02 11:12', '2019-09-03', 99, (SELECT psa_id FROM psa_pessoa WHERE psa_cli_id = (SELECT flo_id FROM flo_filiado WHERE flo_cpf = '13493494882')), '2019-09-04', null, null);
INSERT INTO dvo_divida_cobranca (dva_id, cba_id) VALUES ((SELECT max(dva_id) FROM dva_divida), (SELECT max(cba_id) FROM cba_cobranca));
INSERT INTO cbn_cobranca_evento_sindicato (cbn_descricao, prve_id, eve_id, evo_id, dva_id) VALUES ('Inscrição em evento', 5, 43713, 28, (SELECT max(dva_id) FROM dva_divida));
INSERT INTO pgo_pagamento (cba_id, psa_id, pgo_valor, pgo_situacao, pgo_data_pagamento, pgo_data_credito) VALUES ((SELECT max(cba_id) FROM cba_cobranca), (SELECT psa_id FROM psa_pessoa WHERE psa_cli_id = (SELECT flo_id FROM flo_filiado WHERE flo_cpf = '13493494882')), 0, 1, '2019-09-02', '2019-09-02');
INSERT INTO pga_pagamento_divida (dva_id, pgo_id, pga_valor) VALUES ((SELECT max(dva_id) FROM dva_divida), (SELECT max(pgo_id) FROM pgo_pagamento), 0);

INSERT INTO eve_evento_sindicato_participante (eve_id, evo_id, flo_id, eve_nome, eve_participante_telefone, eve_participante_email, eve_cpf, flo_id_responsavel, eve_presenca_confirmada, eve_data_deletado, eve_deletado)
VALUES (48796, 28, (SELECT flo_id FROM flo_filiado WHERE flo_cpf = '30228491843'), 'Eliane Midori Miyata', '11972592387', 'financeiro@abqv.org.br', '30228491843', (SELECT flo_id FROM flo_filiado WHERE flo_cnpj = '26056558000182'), 1, null, 2);
INSERT INTO dva_divida (psa_id_pagador, psa_id_destinatario, cmi_id, dvu_id, dva_valor, dva_valor_pago, dva_valor_acrescimo, dva_valor_desconto, dva_descricao, dvp_id, dva_data_vencimento_atual, dva_data_vencimento_inicial, dva_data_inicio_cobranca_mora, dva_data_cancelamento, dva_motivo_cancelamento, dva_cancelada, dva_tipo_cancelamento)
VALUES ((SELECT psa_id FROM psa_pessoa WHERE psa_cli_id = (SELECT flo_id FROM flo_filiado WHERE flo_cpf = '30228491843')), (SELECT psa_id FROM psa_pessoa WHERE psa_cli_id = (SELECT flo_id FROM flo_filiado WHERE flo_cpf = '30228491843')), 201909, 2, 0, 0, 0, 0, 'Inscrição em evento: A rede de interconexões com Qualidade de Vida nas Organizações', 38, '2019-09-19', '2019-09-19', '2019-09-20', null, null, 0, null);
INSERT INTO cba_cobranca (cba_situacao, cba_valor, cba_data_cadastro, cba_data_vencimento, cba_tipo_remessa, psa_id, cba_data_limite_recebimento, cba_motivo_cancelamento, cba_data_cancelamento)
VALUES (3, 0, '2019-09-18 11:54', '2019-09-19', 99, (SELECT psa_id FROM psa_pessoa WHERE psa_cli_id = (SELECT flo_id FROM flo_filiado WHERE flo_cpf = '30228491843')), '2019-09-20', null, null);
INSERT INTO dvo_divida_cobranca (dva_id, cba_id) VALUES ((SELECT max(dva_id) FROM dva_divida), (SELECT max(cba_id) FROM cba_cobranca));
INSERT INTO cbn_cobranca_evento_sindicato (cbn_descricao, prve_id, eve_id, evo_id, dva_id) VALUES ('Inscrição em evento', 5, 48796, 28, (SELECT max(dva_id) FROM dva_divida));
INSERT INTO pgo_pagamento (cba_id, psa_id, pgo_valor, pgo_situacao, pgo_data_pagamento, pgo_data_credito) VALUES ((SELECT max(cba_id) FROM cba_cobranca), (SELECT psa_id FROM psa_pessoa WHERE psa_cli_id = (SELECT flo_id FROM flo_filiado WHERE flo_cpf = '30228491843')), 0, 1, '2019-09-18', '2019-09-18');
INSERT INTO pga_pagamento_divida (dva_id, pgo_id, pga_valor) VALUES ((SELECT max(dva_id) FROM dva_divida), (SELECT max(pgo_id) FROM pgo_pagamento), 0);

INSERT INTO eve_evento_sindicato_participante (eve_id, evo_id, flo_id, eve_nome, eve_participante_telefone, eve_participante_email, eve_cpf, flo_id_responsavel, eve_presenca_confirmada, eve_data_deletado, eve_deletado)
VALUES (51745, 28, (SELECT flo_id FROM flo_filiado WHERE flo_cpf = '11376379864'), 'Elisabete Martin', '11989705740', 'bete.martin@grupocase.com.br', '11376379864', (SELECT flo_id FROM flo_filiado WHERE flo_cnpj = '31605892000188'), 1, null, 2);
INSERT INTO dva_divida (psa_id_pagador, psa_id_destinatario, cmi_id, dvu_id, dva_valor, dva_valor_pago, dva_valor_acrescimo, dva_valor_desconto, dva_descricao, dvp_id, dva_data_vencimento_atual, dva_data_vencimento_inicial, dva_data_inicio_cobranca_mora, dva_data_cancelamento, dva_motivo_cancelamento, dva_cancelada, dva_tipo_cancelamento)
VALUES ((SELECT psa_id FROM psa_pessoa WHERE psa_cli_id = (SELECT flo_id FROM flo_filiado WHERE flo_cpf = '11376379864')), (SELECT psa_id FROM psa_pessoa WHERE psa_cli_id = (SELECT flo_id FROM flo_filiado WHERE flo_cpf = '11376379864')), 201909, 2, 0, 0, 0, 0, 'Inscrição em evento: A rede de interconexões com Qualidade de Vida nas Organizações', 38, '2019-09-27', '2019-09-27', '2019-09-28', null, null, 0, null);
INSERT INTO cba_cobranca (cba_situacao, cba_valor, cba_data_cadastro, cba_data_vencimento, cba_tipo_remessa, psa_id, cba_data_limite_recebimento, cba_motivo_cancelamento, cba_data_cancelamento)
VALUES (3, 0, '2019-09-26 17:54', '2019-09-27', 99, (SELECT psa_id FROM psa_pessoa WHERE psa_cli_id = (SELECT flo_id FROM flo_filiado WHERE flo_cpf = '11376379864')), '2019-09-28', null, null);
INSERT INTO dvo_divida_cobranca (dva_id, cba_id) VALUES ((SELECT max(dva_id) FROM dva_divida), (SELECT max(cba_id) FROM cba_cobranca));
INSERT INTO cbn_cobranca_evento_sindicato (cbn_descricao, prve_id, eve_id, evo_id, dva_id) VALUES ('Inscrição em evento', 5, 51745, 28, (SELECT max(dva_id) FROM dva_divida));
INSERT INTO pgo_pagamento (cba_id, psa_id, pgo_valor, pgo_situacao, pgo_data_pagamento, pgo_data_credito) VALUES ((SELECT max(cba_id) FROM cba_cobranca), (SELECT psa_id FROM psa_pessoa WHERE psa_cli_id = (SELECT flo_id FROM flo_filiado WHERE flo_cpf = '11376379864')), 0, 1, '2019-09-26', '2019-09-26');
INSERT INTO pga_pagamento_divida (dva_id, pgo_id, pga_valor) VALUES ((SELECT max(dva_id) FROM dva_divida), (SELECT max(pgo_id) FROM pgo_pagamento), 0);

INSERT INTO eve_evento_sindicato_participante (eve_id, evo_id, flo_id, eve_nome, eve_participante_telefone, eve_participante_email, eve_cpf, flo_id_responsavel, eve_presenca_confirmada, eve_data_deletado, eve_deletado)
VALUES (51780, 28, (SELECT flo_id FROM flo_filiado WHERE flo_cpf = '33840351863'), 'Ellen Cristina Bonni Fischer', '11985766594', 'efischer@elopar.com.br', '33840351863', (SELECT flo_id FROM flo_filiado WHERE flo_cnpj = '09227099000133'), 1, null, 2);
INSERT INTO dva_divida (psa_id_pagador, psa_id_destinatario, cmi_id, dvu_id, dva_valor, dva_valor_pago, dva_valor_acrescimo, dva_valor_desconto, dva_descricao, dvp_id, dva_data_vencimento_atual, dva_data_vencimento_inicial, dva_data_inicio_cobranca_mora, dva_data_cancelamento, dva_motivo_cancelamento, dva_cancelada, dva_tipo_cancelamento)
VALUES ((SELECT psa_id FROM psa_pessoa WHERE psa_cli_id = (SELECT flo_id FROM flo_filiado WHERE flo_cpf = '33840351863')), (SELECT psa_id FROM psa_pessoa WHERE psa_cli_id = (SELECT flo_id FROM flo_filiado WHERE flo_cpf = '33840351863')), 201909, 2, 0, 0, 0, 0, 'Inscrição em evento: A rede de interconexões com Qualidade de Vida nas Organizações', 38, '2019-09-28', '2019-09-28', '2019-09-29', null, null, 0, null);
INSERT INTO cba_cobranca (cba_situacao, cba_valor, cba_data_cadastro, cba_data_vencimento, cba_tipo_remessa, psa_id, cba_data_limite_recebimento, cba_motivo_cancelamento, cba_data_cancelamento)
VALUES (3, 0, '2019-09-27 10:36', '2019-09-28', 99, (SELECT psa_id FROM psa_pessoa WHERE psa_cli_id = (SELECT flo_id FROM flo_filiado WHERE flo_cpf = '33840351863')), '2019-09-29', null, null);
INSERT INTO dvo_divida_cobranca (dva_id, cba_id) VALUES ((SELECT max(dva_id) FROM dva_divida), (SELECT max(cba_id) FROM cba_cobranca));
INSERT INTO cbn_cobranca_evento_sindicato (cbn_descricao, prve_id, eve_id, evo_id, dva_id) VALUES ('Inscrição em evento', 5, 51780, 28, (SELECT max(dva_id) FROM dva_divida));
INSERT INTO pgo_pagamento (cba_id, psa_id, pgo_valor, pgo_situacao, pgo_data_pagamento, pgo_data_credito) VALUES ((SELECT max(cba_id) FROM cba_cobranca), (SELECT psa_id FROM psa_pessoa WHERE psa_cli_id = (SELECT flo_id FROM flo_filiado WHERE flo_cpf = '33840351863')), 0, 1, '2019-09-27', '2019-09-27');
INSERT INTO pga_pagamento_divida (dva_id, pgo_id, pga_valor) VALUES ((SELECT max(dva_id) FROM dva_divida), (SELECT max(pgo_id) FROM pgo_pagamento), 0);

INSERT INTO eve_evento_sindicato_participante (eve_id, evo_id, flo_id, eve_nome, eve_participante_telefone, eve_participante_email, eve_cpf, flo_id_responsavel, eve_presenca_confirmada, eve_data_deletado, eve_deletado)
VALUES (48814, 28, (SELECT flo_id FROM flo_filiado WHERE flo_cpf = '28676005885'), 'Fernanda Netto', '11960538393', 'fernanda@azevedonetto.com.br', '28676005885', (SELECT flo_id FROM flo_filiado WHERE flo_cnpj = '22465323000193'), 1, null, 2);
INSERT INTO dva_divida (psa_id_pagador, psa_id_destinatario, cmi_id, dvu_id, dva_valor, dva_valor_pago, dva_valor_acrescimo, dva_valor_desconto, dva_descricao, dvp_id, dva_data_vencimento_atual, dva_data_vencimento_inicial, dva_data_inicio_cobranca_mora, dva_data_cancelamento, dva_motivo_cancelamento, dva_cancelada, dva_tipo_cancelamento)
VALUES ((SELECT psa_id FROM psa_pessoa WHERE psa_cli_id = (SELECT flo_id FROM flo_filiado WHERE flo_cpf = '28676005885')), (SELECT psa_id FROM psa_pessoa WHERE psa_cli_id = (SELECT flo_id FROM flo_filiado WHERE flo_cpf = '28676005885')), 201909, 2, 0, 0, 0, 0, 'Inscrição em evento: A rede de interconexões com Qualidade de Vida nas Organizações', 38, '2019-09-19', '2019-09-19', '2019-09-20', null, null, 0, null);
INSERT INTO cba_cobranca (cba_situacao, cba_valor, cba_data_cadastro, cba_data_vencimento, cba_tipo_remessa, psa_id, cba_data_limite_recebimento, cba_motivo_cancelamento, cba_data_cancelamento)
VALUES (3, 0, '2019-09-18 13:31', '2019-09-19', 99, (SELECT psa_id FROM psa_pessoa WHERE psa_cli_id = (SELECT flo_id FROM flo_filiado WHERE flo_cpf = '28676005885')), '2019-09-20', null, null);
INSERT INTO dvo_divida_cobranca (dva_id, cba_id) VALUES ((SELECT max(dva_id) FROM dva_divida), (SELECT max(cba_id) FROM cba_cobranca));
INSERT INTO cbn_cobranca_evento_sindicato (cbn_descricao, prve_id, eve_id, evo_id, dva_id) VALUES ('Inscrição em evento', 5, 48814, 28, (SELECT max(dva_id) FROM dva_divida));
INSERT INTO pgo_pagamento (cba_id, psa_id, pgo_valor, pgo_situacao, pgo_data_pagamento, pgo_data_credito) VALUES ((SELECT max(cba_id) FROM cba_cobranca), (SELECT psa_id FROM psa_pessoa WHERE psa_cli_id = (SELECT flo_id FROM flo_filiado WHERE flo_cpf = '28676005885')), 0, 1, '2019-09-18', '2019-09-18');
INSERT INTO pga_pagamento_divida (dva_id, pgo_id, pga_valor) VALUES ((SELECT max(dva_id) FROM dva_divida), (SELECT max(pgo_id) FROM pgo_pagamento), 0);

INSERT INTO eve_evento_sindicato_participante (eve_id, evo_id, flo_id, eve_nome, eve_participante_telefone, eve_participante_email, eve_cpf, flo_id_responsavel, eve_presenca_confirmada, eve_data_deletado, eve_deletado)
VALUES (51977, 28, (SELECT flo_id FROM flo_filiado WHERE flo_cpf = '07567702703'), 'Isabele Cabral Ramos Rocha', '21993859703', 'Isabelerocha.adv@gmail.com', '07567702703', null, 1, null, 2);
INSERT INTO dva_divida (psa_id_pagador, psa_id_destinatario, cmi_id, dvu_id, dva_valor, dva_valor_pago, dva_valor_acrescimo, dva_valor_desconto, dva_descricao, dvp_id, dva_data_vencimento_atual, dva_data_vencimento_inicial, dva_data_inicio_cobranca_mora, dva_data_cancelamento, dva_motivo_cancelamento, dva_cancelada, dva_tipo_cancelamento)
VALUES ((SELECT psa_id FROM psa_pessoa WHERE psa_cli_id = (SELECT flo_id FROM flo_filiado WHERE flo_cpf = '07567702703')), (SELECT psa_id FROM psa_pessoa WHERE psa_cli_id = (SELECT flo_id FROM flo_filiado WHERE flo_cpf = '07567702703')), 201909, 2, 75, 0, 0, 75, 'Inscrição em evento: A rede de interconexões com Qualidade de Vida nas Organizações', 38, '2019-10-01', '2019-10-01', '2019-10-02', null, null, 0, null);
INSERT INTO cba_cobranca (cba_situacao, cba_valor, cba_data_cadastro, cba_data_vencimento, cba_tipo_remessa, psa_id, cba_data_limite_recebimento, cba_motivo_cancelamento, cba_data_cancelamento)
VALUES (4, 75, '2019-09-30 14:12', '2019-10-01', 99, (SELECT psa_id FROM psa_pessoa WHERE psa_cli_id = (SELECT flo_id FROM flo_filiado WHERE flo_cpf = '07567702703')), '2019-10-02', 'Concessão de isenção', '2019-09-30 14:12');
INSERT INTO dvo_divida_cobranca (dva_id, cba_id) VALUES ((SELECT max(dva_id) FROM dva_divida), (SELECT max(cba_id) FROM cba_cobranca));
INSERT INTO dvt_divida_desconto (dva_id, dvt_valor, dvt_descricao, dvt_data_cadastro) VALUES ((SELECT max(dva_id) FROM dva_divida), 75, 'Concessão de isenção', '2019-09-30 14:12');
INSERT INTO cbn_cobranca_evento_sindicato (cbn_descricao, prve_id, eve_id, evo_id, dva_id) VALUES ('Inscrição em evento', 5, 51977, 28, (SELECT max(dva_id) FROM dva_divida));

INSERT INTO eve_evento_sindicato_participante (eve_id, evo_id, flo_id, eve_nome, eve_participante_telefone, eve_participante_email, eve_cpf, flo_id_responsavel, eve_presenca_confirmada, eve_data_deletado, eve_deletado)
VALUES (47082, 28, (SELECT flo_id FROM flo_filiado WHERE flo_cpf = '28327825828'), 'Jde Jacobs Dowe Egberts Br Comercialização', '11999819038', 'claudia.zanicheli@jdecoffee.com', '28327825828', null, 1, null, 2);
INSERT INTO dva_divida (psa_id_pagador, psa_id_destinatario, cmi_id, dvu_id, dva_valor, dva_valor_pago, dva_valor_acrescimo, dva_valor_desconto, dva_descricao, dvp_id, dva_data_vencimento_atual, dva_data_vencimento_inicial, dva_data_inicio_cobranca_mora, dva_data_cancelamento, dva_motivo_cancelamento, dva_cancelada, dva_tipo_cancelamento)
VALUES ((SELECT psa_id FROM psa_pessoa WHERE psa_cli_id = (SELECT flo_id FROM flo_filiado WHERE flo_cpf = '28327825828')), (SELECT psa_id FROM psa_pessoa WHERE psa_cli_id = (SELECT flo_id FROM flo_filiado WHERE flo_cpf = '28327825828')), 201909, 2, 0, 0, 0, 0, 'Inscrição em evento: A rede de interconexões com Qualidade de Vida nas Organizações', 38, '2019-09-14', '2019-09-14', '2019-09-15', null, null, 0, null);
INSERT INTO cba_cobranca (cba_situacao, cba_valor, cba_data_cadastro, cba_data_vencimento, cba_tipo_remessa, psa_id, cba_data_limite_recebimento, cba_motivo_cancelamento, cba_data_cancelamento)
VALUES (3, 0, '2019-09-13 13:31', '2019-09-14', 99, (SELECT psa_id FROM psa_pessoa WHERE psa_cli_id = (SELECT flo_id FROM flo_filiado WHERE flo_cpf = '28327825828')), '2019-09-15', null, null);
INSERT INTO dvo_divida_cobranca (dva_id, cba_id) VALUES ((SELECT max(dva_id) FROM dva_divida), (SELECT max(cba_id) FROM cba_cobranca));
INSERT INTO cbn_cobranca_evento_sindicato (cbn_descricao, prve_id, eve_id, evo_id, dva_id) VALUES ('Inscrição em evento', 5, 47082, 28, (SELECT max(dva_id) FROM dva_divida));
INSERT INTO pgo_pagamento (cba_id, psa_id, pgo_valor, pgo_situacao, pgo_data_pagamento, pgo_data_credito) VALUES ((SELECT max(cba_id) FROM cba_cobranca), (SELECT psa_id FROM psa_pessoa WHERE psa_cli_id = (SELECT flo_id FROM flo_filiado WHERE flo_cpf = '28327825828')), 0, 1, '2019-09-13', '2019-09-13');
INSERT INTO pga_pagamento_divida (dva_id, pgo_id, pga_valor) VALUES ((SELECT max(dva_id) FROM dva_divida), (SELECT max(pgo_id) FROM pgo_pagamento), 0);

INSERT INTO eve_evento_sindicato_participante (eve_id, evo_id, flo_id, eve_nome, eve_participante_telefone, eve_participante_email, eve_cpf, flo_id_responsavel, eve_presenca_confirmada, eve_data_deletado, eve_deletado)
VALUES (52013, 28, (SELECT flo_id FROM flo_filiado WHERE flo_cpf = '31921547804'), 'Jessyca Cristina Leoni', '11992043440', 'jessyca.c.leoni@gmail.com', '31921547804', null, 1, null, 2);
INSERT INTO dva_divida (psa_id_pagador, psa_id_destinatario, cmi_id, dvu_id, dva_valor, dva_valor_pago, dva_valor_acrescimo, dva_valor_desconto, dva_descricao, dvp_id, dva_data_vencimento_atual, dva_data_vencimento_inicial, dva_data_inicio_cobranca_mora, dva_data_cancelamento, dva_motivo_cancelamento, dva_cancelada, dva_tipo_cancelamento)
VALUES ((SELECT psa_id FROM psa_pessoa WHERE psa_cli_id = (SELECT flo_id FROM flo_filiado WHERE flo_cpf = '31921547804')), (SELECT psa_id FROM psa_pessoa WHERE psa_cli_id = (SELECT flo_id FROM flo_filiado WHERE flo_cpf = '31921547804')), 201909, 2, 0, 0, 0, 0, 'Inscrição em evento: A rede de interconexões com Qualidade de Vida nas Organizações', 38, '2019-10-01', '2019-10-01', '2019-10-02', null, null, 0, null);
INSERT INTO cba_cobranca (cba_situacao, cba_valor, cba_data_cadastro, cba_data_vencimento, cba_tipo_remessa, psa_id, cba_data_limite_recebimento, cba_motivo_cancelamento, cba_data_cancelamento)
VALUES (3, 0, '2019-09-30 20:03', '2019-10-01', 99, (SELECT psa_id FROM psa_pessoa WHERE psa_cli_id = (SELECT flo_id FROM flo_filiado WHERE flo_cpf = '31921547804')), '2019-10-02', null, null);
INSERT INTO dvo_divida_cobranca (dva_id, cba_id) VALUES ((SELECT max(dva_id) FROM dva_divida), (SELECT max(cba_id) FROM cba_cobranca));
INSERT INTO cbn_cobranca_evento_sindicato (cbn_descricao, prve_id, eve_id, evo_id, dva_id) VALUES ('Inscrição em evento', 5, 52013, 28, (SELECT max(dva_id) FROM dva_divida));
INSERT INTO pgo_pagamento (cba_id, psa_id, pgo_valor, pgo_situacao, pgo_data_pagamento, pgo_data_credito) VALUES ((SELECT max(cba_id) FROM cba_cobranca), (SELECT psa_id FROM psa_pessoa WHERE psa_cli_id = (SELECT flo_id FROM flo_filiado WHERE flo_cpf = '31921547804')), 0, 1, '2019-09-30', '2019-09-30');
INSERT INTO pga_pagamento_divida (dva_id, pgo_id, pga_valor) VALUES ((SELECT max(dva_id) FROM dva_divida), (SELECT max(pgo_id) FROM pgo_pagamento), 0);

INSERT INTO eve_evento_sindicato_participante (eve_id, evo_id, flo_id, eve_nome, eve_participante_telefone, eve_participante_email, eve_cpf, flo_id_responsavel, eve_presenca_confirmada, eve_data_deletado, eve_deletado)
VALUES (48803, 28, (SELECT flo_id FROM flo_filiado WHERE flo_cpf = '40733690831'), 'Jocimara Gomes de Assis', '1132666497', 'comunicacao@abqv.org.br', '40733690831', null, 1, null, 2);
INSERT INTO dva_divida (psa_id_pagador, psa_id_destinatario, cmi_id, dvu_id, dva_valor, dva_valor_pago, dva_valor_acrescimo, dva_valor_desconto, dva_descricao, dvp_id, dva_data_vencimento_atual, dva_data_vencimento_inicial, dva_data_inicio_cobranca_mora, dva_data_cancelamento, dva_motivo_cancelamento, dva_cancelada, dva_tipo_cancelamento)
VALUES ((SELECT psa_id FROM psa_pessoa WHERE psa_cli_id = (SELECT flo_id FROM flo_filiado WHERE flo_cpf = '40733690831')), (SELECT psa_id FROM psa_pessoa WHERE psa_cli_id = (SELECT flo_id FROM flo_filiado WHERE flo_cpf = '40733690831')), 201909, 2, 0, 0, 0, 0, 'Inscrição em evento: A rede de interconexões com Qualidade de Vida nas Organizações', 38, '2019-09-19', '2019-09-19', '2019-09-20', null, null, 0, null);
INSERT INTO cba_cobranca (cba_situacao, cba_valor, cba_data_cadastro, cba_data_vencimento, cba_tipo_remessa, psa_id, cba_data_limite_recebimento, cba_motivo_cancelamento, cba_data_cancelamento)
VALUES (3, 0, '2019-09-18 12:05', '2019-09-19', 99, (SELECT psa_id FROM psa_pessoa WHERE psa_cli_id = (SELECT flo_id FROM flo_filiado WHERE flo_cpf = '40733690831')), '2019-09-20', null, null);
INSERT INTO dvo_divida_cobranca (dva_id, cba_id) VALUES ((SELECT max(dva_id) FROM dva_divida), (SELECT max(cba_id) FROM cba_cobranca));
INSERT INTO cbn_cobranca_evento_sindicato (cbn_descricao, prve_id, eve_id, evo_id, dva_id) VALUES ('Inscrição em evento', 5, 48803, 28, (SELECT max(dva_id) FROM dva_divida));
INSERT INTO pgo_pagamento (cba_id, psa_id, pgo_valor, pgo_situacao, pgo_data_pagamento, pgo_data_credito) VALUES ((SELECT max(cba_id) FROM cba_cobranca), (SELECT psa_id FROM psa_pessoa WHERE psa_cli_id = (SELECT flo_id FROM flo_filiado WHERE flo_cpf = '40733690831')), 0, 1, '2019-09-18', '2019-09-18');
INSERT INTO pga_pagamento_divida (dva_id, pgo_id, pga_valor) VALUES ((SELECT max(dva_id) FROM dva_divida), (SELECT max(pgo_id) FROM pgo_pagamento), 0);

INSERT INTO eve_evento_sindicato_participante (eve_id, evo_id, flo_id, eve_nome, eve_participante_telefone, eve_participante_email, eve_cpf, flo_id_responsavel, eve_presenca_confirmada, eve_data_deletado, eve_deletado)
VALUES (51577, 28, (SELECT flo_id FROM flo_filiado WHERE flo_cpf = '33627625811'), 'Karen Cristina Souza Belmiro', '11951736244', 'karen.belmiro@espm.br', '33627625811', (SELECT flo_id FROM flo_filiado WHERE flo_cnpj = '61825675000164'), 1, null, 2);
INSERT INTO dva_divida (psa_id_pagador, psa_id_destinatario, cmi_id, dvu_id, dva_valor, dva_valor_pago, dva_valor_acrescimo, dva_valor_desconto, dva_descricao, dvp_id, dva_data_vencimento_atual, dva_data_vencimento_inicial, dva_data_inicio_cobranca_mora, dva_data_cancelamento, dva_motivo_cancelamento, dva_cancelada, dva_tipo_cancelamento)
VALUES ((SELECT psa_id FROM psa_pessoa WHERE psa_cli_id = (SELECT flo_id FROM flo_filiado WHERE flo_cpf = '33627625811')), (SELECT psa_id FROM psa_pessoa WHERE psa_cli_id = (SELECT flo_id FROM flo_filiado WHERE flo_cpf = '33627625811')), 201909, 2, 0, 0, 0, 0, 'Inscrição em evento: A rede de interconexões com Qualidade de Vida nas Organizações', 38, '2019-09-27', '2019-09-27', '2019-09-28', null, null, 0, null);
INSERT INTO cba_cobranca (cba_situacao, cba_valor, cba_data_cadastro, cba_data_vencimento, cba_tipo_remessa, psa_id, cba_data_limite_recebimento, cba_motivo_cancelamento, cba_data_cancelamento)
VALUES (3, 0, '2019-09-26 09:50', '2019-09-27', 99, (SELECT psa_id FROM psa_pessoa WHERE psa_cli_id = (SELECT flo_id FROM flo_filiado WHERE flo_cpf = '33627625811')), '2019-09-28', null, null);
INSERT INTO dvo_divida_cobranca (dva_id, cba_id) VALUES ((SELECT max(dva_id) FROM dva_divida), (SELECT max(cba_id) FROM cba_cobranca));
INSERT INTO cbn_cobranca_evento_sindicato (cbn_descricao, prve_id, eve_id, evo_id, dva_id) VALUES ('Inscrição em evento', 5, 51577, 28, (SELECT max(dva_id) FROM dva_divida));
INSERT INTO pgo_pagamento (cba_id, psa_id, pgo_valor, pgo_situacao, pgo_data_pagamento, pgo_data_credito) VALUES ((SELECT max(cba_id) FROM cba_cobranca), (SELECT psa_id FROM psa_pessoa WHERE psa_cli_id = (SELECT flo_id FROM flo_filiado WHERE flo_cpf = '33627625811')), 0, 1, '2019-09-26', '2019-09-26');
INSERT INTO pga_pagamento_divida (dva_id, pgo_id, pga_valor) VALUES ((SELECT max(dva_id) FROM dva_divida), (SELECT max(pgo_id) FROM pgo_pagamento), 0);

INSERT INTO eve_evento_sindicato_participante (eve_id, evo_id, flo_id, eve_nome, eve_participante_telefone, eve_participante_email, eve_cpf, flo_id_responsavel, eve_presenca_confirmada, eve_data_deletado, eve_deletado)
VALUES (41429, 28, (SELECT flo_id FROM flo_filiado WHERE flo_cpf = '93550340753'), 'Karla Costa Kurtz', '21999715341', 'karlakurtz4572@gmail.com', '93550340753', null, 1, null, 2);
INSERT INTO dva_divida (psa_id_pagador, psa_id_destinatario, cmi_id, dvu_id, dva_valor, dva_valor_pago, dva_valor_acrescimo, dva_valor_desconto, dva_descricao, dvp_id, dva_data_vencimento_atual, dva_data_vencimento_inicial, dva_data_inicio_cobranca_mora, dva_data_cancelamento, dva_motivo_cancelamento, dva_cancelada, dva_tipo_cancelamento)
VALUES ((SELECT psa_id FROM psa_pessoa WHERE psa_cli_id = (SELECT flo_id FROM flo_filiado WHERE flo_cpf = '93550340753')), (SELECT psa_id FROM psa_pessoa WHERE psa_cli_id = (SELECT flo_id FROM flo_filiado WHERE flo_cpf = '93550340753')), 201908, 2, 0, 0, 0, 0, 'Inscrição em evento: A rede de interconexões com Qualidade de Vida nas Organizações', 38, '2019-08-23', '2019-08-23', '2019-08-24', null, null, 0, null);
INSERT INTO cba_cobranca (cba_situacao, cba_valor, cba_data_cadastro, cba_data_vencimento, cba_tipo_remessa, psa_id, cba_data_limite_recebimento, cba_motivo_cancelamento, cba_data_cancelamento)
VALUES (3, 0, '2019-08-22 08:42', '2019-08-23', 99, (SELECT psa_id FROM psa_pessoa WHERE psa_cli_id = (SELECT flo_id FROM flo_filiado WHERE flo_cpf = '93550340753')), '2019-08-24', null, null);
INSERT INTO dvo_divida_cobranca (dva_id, cba_id) VALUES ((SELECT max(dva_id) FROM dva_divida), (SELECT max(cba_id) FROM cba_cobranca));
INSERT INTO cbn_cobranca_evento_sindicato (cbn_descricao, prve_id, eve_id, evo_id, dva_id) VALUES ('Inscrição em evento', 5, 41429, 28, (SELECT max(dva_id) FROM dva_divida));
INSERT INTO pgo_pagamento (cba_id, psa_id, pgo_valor, pgo_situacao, pgo_data_pagamento, pgo_data_credito) VALUES ((SELECT max(cba_id) FROM cba_cobranca), (SELECT psa_id FROM psa_pessoa WHERE psa_cli_id = (SELECT flo_id FROM flo_filiado WHERE flo_cpf = '93550340753')), 0, 1, '2019-08-22', '2019-08-22');
INSERT INTO pga_pagamento_divida (dva_id, pgo_id, pga_valor) VALUES ((SELECT max(dva_id) FROM dva_divida), (SELECT max(pgo_id) FROM pgo_pagamento), 0);

INSERT INTO eve_evento_sindicato_participante (eve_id, evo_id, flo_id, eve_nome, eve_participante_telefone, eve_participante_email, eve_cpf, flo_id_responsavel, eve_presenca_confirmada, eve_data_deletado, eve_deletado)
VALUES (51934, 28, (SELECT flo_id FROM flo_filiado WHERE flo_cpf = '39077938893'), 'Leandro Issamu Ueno', '11961690227', 'leandro_ueno@icloud.com', '39077938893', null, 1, null, 2);
INSERT INTO dva_divida (psa_id_pagador, psa_id_destinatario, cmi_id, dvu_id, dva_valor, dva_valor_pago, dva_valor_acrescimo, dva_valor_desconto, dva_descricao, dvp_id, dva_data_vencimento_atual, dva_data_vencimento_inicial, dva_data_inicio_cobranca_mora, dva_data_cancelamento, dva_motivo_cancelamento, dva_cancelada, dva_tipo_cancelamento)
VALUES ((SELECT psa_id FROM psa_pessoa WHERE psa_cli_id = (SELECT flo_id FROM flo_filiado WHERE flo_cpf = '39077938893')), (SELECT psa_id FROM psa_pessoa WHERE psa_cli_id = (SELECT flo_id FROM flo_filiado WHERE flo_cpf = '39077938893')), 201909, 2, 75, 0, 0, 75, 'Inscrição em evento: A rede de interconexões com Qualidade de Vida nas Organizações', 38, '2019-10-01', '2019-10-01', '2019-10-02', null, null, 0, null);
INSERT INTO cba_cobranca (cba_situacao, cba_valor, cba_data_cadastro, cba_data_vencimento, cba_tipo_remessa, psa_id, cba_data_limite_recebimento, cba_motivo_cancelamento, cba_data_cancelamento)
VALUES (4, 75, '2019-09-30 10:23', '2019-10-01', 99, (SELECT psa_id FROM psa_pessoa WHERE psa_cli_id = (SELECT flo_id FROM flo_filiado WHERE flo_cpf = '39077938893')), '2019-10-02', 'Concessão de isenção', '2019-09-30 10:23');
INSERT INTO dvo_divida_cobranca (dva_id, cba_id) VALUES ((SELECT max(dva_id) FROM dva_divida), (SELECT max(cba_id) FROM cba_cobranca));
INSERT INTO dvt_divida_desconto (dva_id, dvt_valor, dvt_descricao, dvt_data_cadastro) VALUES ((SELECT max(dva_id) FROM dva_divida), 75, 'Concessão de isenção', '2019-09-30 10:23');
INSERT INTO cbn_cobranca_evento_sindicato (cbn_descricao, prve_id, eve_id, evo_id, dva_id) VALUES ('Inscrição em evento', 5, 51934, 28, (SELECT max(dva_id) FROM dva_divida));

INSERT INTO eve_evento_sindicato_participante (eve_id, evo_id, flo_id, eve_nome, eve_participante_telefone, eve_participante_email, eve_cpf, flo_id_responsavel, eve_presenca_confirmada, eve_data_deletado, eve_deletado)
VALUES (51610, 28, (SELECT flo_id FROM flo_filiado WHERE flo_cpf = '42346569844'), 'Luana Gama de Mouras', '11986246170', 'ppqv@vsegura.com.br', '42346569844', (SELECT flo_id FROM flo_filiado WHERE flo_cnpj = '68472307000129'), 1, null, 2);
INSERT INTO dva_divida (psa_id_pagador, psa_id_destinatario, cmi_id, dvu_id, dva_valor, dva_valor_pago, dva_valor_acrescimo, dva_valor_desconto, dva_descricao, dvp_id, dva_data_vencimento_atual, dva_data_vencimento_inicial, dva_data_inicio_cobranca_mora, dva_data_cancelamento, dva_motivo_cancelamento, dva_cancelada, dva_tipo_cancelamento)
VALUES ((SELECT psa_id FROM psa_pessoa WHERE psa_cli_id = (SELECT flo_id FROM flo_filiado WHERE flo_cpf = '42346569844')), (SELECT psa_id FROM psa_pessoa WHERE psa_cli_id = (SELECT flo_id FROM flo_filiado WHERE flo_cpf = '42346569844')), 201909, 2, 0, 0, 0, 0, 'Inscrição em evento: A rede de interconexões com Qualidade de Vida nas Organizações', 38, '2019-09-27', '2019-09-27', '2019-09-28', null, null, 0, null);
INSERT INTO cba_cobranca (cba_situacao, cba_valor, cba_data_cadastro, cba_data_vencimento, cba_tipo_remessa, psa_id, cba_data_limite_recebimento, cba_motivo_cancelamento, cba_data_cancelamento)
VALUES (3, 0, '2019-09-26 11:17', '2019-09-27', 99, (SELECT psa_id FROM psa_pessoa WHERE psa_cli_id = (SELECT flo_id FROM flo_filiado WHERE flo_cpf = '42346569844')), '2019-09-28', null, null);
INSERT INTO dvo_divida_cobranca (dva_id, cba_id) VALUES ((SELECT max(dva_id) FROM dva_divida), (SELECT max(cba_id) FROM cba_cobranca));
INSERT INTO cbn_cobranca_evento_sindicato (cbn_descricao, prve_id, eve_id, evo_id, dva_id) VALUES ('Inscrição em evento', 5, 51610, 28, (SELECT max(dva_id) FROM dva_divida));
INSERT INTO pgo_pagamento (cba_id, psa_id, pgo_valor, pgo_situacao, pgo_data_pagamento, pgo_data_credito) VALUES ((SELECT max(cba_id) FROM cba_cobranca), (SELECT psa_id FROM psa_pessoa WHERE psa_cli_id = (SELECT flo_id FROM flo_filiado WHERE flo_cpf = '42346569844')), 0, 1, '2019-09-26', '2019-09-26');
INSERT INTO pga_pagamento_divida (dva_id, pgo_id, pga_valor) VALUES ((SELECT max(dva_id) FROM dva_divida), (SELECT max(pgo_id) FROM pgo_pagamento), 0);

INSERT INTO eve_evento_sindicato_participante (eve_id, evo_id, flo_id, eve_nome, eve_participante_telefone, eve_participante_email, eve_cpf, flo_id_responsavel, eve_presenca_confirmada, eve_data_deletado, eve_deletado)
VALUES (51846, 28, (SELECT flo_id FROM flo_filiado WHERE flo_cpf = '03497936898'), 'Lucineide dos Reis Xavier', '1198187668', 'acluci@ambev.com.br', '03497936898', (SELECT flo_id FROM flo_filiado WHERE flo_cnpj = '07526557000100'), 1, null, 2);
INSERT INTO dva_divida (psa_id_pagador, psa_id_destinatario, cmi_id, dvu_id, dva_valor, dva_valor_pago, dva_valor_acrescimo, dva_valor_desconto, dva_descricao, dvp_id, dva_data_vencimento_atual, dva_data_vencimento_inicial, dva_data_inicio_cobranca_mora, dva_data_cancelamento, dva_motivo_cancelamento, dva_cancelada, dva_tipo_cancelamento)
VALUES ((SELECT psa_id FROM psa_pessoa WHERE psa_cli_id = (SELECT flo_id FROM flo_filiado WHERE flo_cpf = '03497936898')), (SELECT psa_id FROM psa_pessoa WHERE psa_cli_id = (SELECT flo_id FROM flo_filiado WHERE flo_cpf = '03497936898')), 201909, 2, 0, 0, 0, 0, 'Inscrição em evento: A rede de interconexões com Qualidade de Vida nas Organizações', 38, '2019-09-28', '2019-09-28', '2019-09-29', null, null, 0, null);
INSERT INTO cba_cobranca (cba_situacao, cba_valor, cba_data_cadastro, cba_data_vencimento, cba_tipo_remessa, psa_id, cba_data_limite_recebimento, cba_motivo_cancelamento, cba_data_cancelamento)
VALUES (3, 0, '2019-09-27 15:39', '2019-09-28', 99, (SELECT psa_id FROM psa_pessoa WHERE psa_cli_id = (SELECT flo_id FROM flo_filiado WHERE flo_cpf = '03497936898')), '2019-09-29', null, null);
INSERT INTO dvo_divida_cobranca (dva_id, cba_id) VALUES ((SELECT max(dva_id) FROM dva_divida), (SELECT max(cba_id) FROM cba_cobranca));
INSERT INTO cbn_cobranca_evento_sindicato (cbn_descricao, prve_id, eve_id, evo_id, dva_id) VALUES ('Inscrição em evento', 5, 51846, 28, (SELECT max(dva_id) FROM dva_divida));
INSERT INTO pgo_pagamento (cba_id, psa_id, pgo_valor, pgo_situacao, pgo_data_pagamento, pgo_data_credito) VALUES ((SELECT max(cba_id) FROM cba_cobranca), (SELECT psa_id FROM psa_pessoa WHERE psa_cli_id = (SELECT flo_id FROM flo_filiado WHERE flo_cpf = '03497936898')), 0, 1, '2019-09-27', '2019-09-27');
INSERT INTO pga_pagamento_divida (dva_id, pgo_id, pga_valor) VALUES ((SELECT max(dva_id) FROM dva_divida), (SELECT max(pgo_id) FROM pgo_pagamento), 0);

INSERT INTO eve_evento_sindicato_participante (eve_id, evo_id, flo_id, eve_nome, eve_participante_telefone, eve_participante_email, eve_cpf, flo_id_responsavel, eve_presenca_confirmada, eve_data_deletado, eve_deletado)
VALUES (51111, 28, (SELECT flo_id FROM flo_filiado WHERE flo_cpf = '31415640866'), 'Maicoln Codogno', '11980454100', 'maicoln.codogno@portoseguro.com.br', '31415640866', (SELECT flo_id FROM flo_filiado WHERE flo_cnpj = '61198164000160'), 1, null, 2);
INSERT INTO dva_divida (psa_id_pagador, psa_id_destinatario, cmi_id, dvu_id, dva_valor, dva_valor_pago, dva_valor_acrescimo, dva_valor_desconto, dva_descricao, dvp_id, dva_data_vencimento_atual, dva_data_vencimento_inicial, dva_data_inicio_cobranca_mora, dva_data_cancelamento, dva_motivo_cancelamento, dva_cancelada, dva_tipo_cancelamento)
VALUES ((SELECT psa_id FROM psa_pessoa WHERE psa_cli_id = (SELECT flo_id FROM flo_filiado WHERE flo_cpf = '31415640866')), (SELECT psa_id FROM psa_pessoa WHERE psa_cli_id = (SELECT flo_id FROM flo_filiado WHERE flo_cpf = '31415640866')), 201909, 2, 0, 0, 0, 0, 'Inscrição em evento: A rede de interconexões com Qualidade de Vida nas Organizações', 38, '2019-09-25', '2019-09-25', '2019-09-26', null, null, 0, null);
INSERT INTO cba_cobranca (cba_situacao, cba_valor, cba_data_cadastro, cba_data_vencimento, cba_tipo_remessa, psa_id, cba_data_limite_recebimento, cba_motivo_cancelamento, cba_data_cancelamento)
VALUES (3, 0, '2019-09-24 16:50', '2019-09-25', 99, (SELECT psa_id FROM psa_pessoa WHERE psa_cli_id = (SELECT flo_id FROM flo_filiado WHERE flo_cpf = '31415640866')), '2019-09-26', null, null);
INSERT INTO dvo_divida_cobranca (dva_id, cba_id) VALUES ((SELECT max(dva_id) FROM dva_divida), (SELECT max(cba_id) FROM cba_cobranca));
INSERT INTO cbn_cobranca_evento_sindicato (cbn_descricao, prve_id, eve_id, evo_id, dva_id) VALUES ('Inscrição em evento', 5, 51111, 28, (SELECT max(dva_id) FROM dva_divida));
INSERT INTO pgo_pagamento (cba_id, psa_id, pgo_valor, pgo_situacao, pgo_data_pagamento, pgo_data_credito) VALUES ((SELECT max(cba_id) FROM cba_cobranca), (SELECT psa_id FROM psa_pessoa WHERE psa_cli_id = (SELECT flo_id FROM flo_filiado WHERE flo_cpf = '31415640866')), 0, 1, '2019-09-24', '2019-09-24');
INSERT INTO pga_pagamento_divida (dva_id, pgo_id, pga_valor) VALUES ((SELECT max(dva_id) FROM dva_divida), (SELECT max(pgo_id) FROM pgo_pagamento), 0);

INSERT INTO eve_evento_sindicato_participante (eve_id, evo_id, flo_id, eve_nome, eve_participante_telefone, eve_participante_email, eve_cpf, flo_id_responsavel, eve_presenca_confirmada, eve_data_deletado, eve_deletado)
VALUES (49203, 28, (SELECT flo_id FROM flo_filiado WHERE flo_cpf = '34051209857'), 'Marcela Souza Dias', '11984013637', 'educathus@gmail.com', '34051209857', (SELECT flo_id FROM flo_filiado WHERE flo_cnpj = '20088008000169'), 1, null, 2);
INSERT INTO dva_divida (psa_id_pagador, psa_id_destinatario, cmi_id, dvu_id, dva_valor, dva_valor_pago, dva_valor_acrescimo, dva_valor_desconto, dva_descricao, dvp_id, dva_data_vencimento_atual, dva_data_vencimento_inicial, dva_data_inicio_cobranca_mora, dva_data_cancelamento, dva_motivo_cancelamento, dva_cancelada, dva_tipo_cancelamento)
VALUES ((SELECT psa_id FROM psa_pessoa WHERE psa_cli_id = (SELECT flo_id FROM flo_filiado WHERE flo_cpf = '34051209857')), (SELECT psa_id FROM psa_pessoa WHERE psa_cli_id = (SELECT flo_id FROM flo_filiado WHERE flo_cpf = '34051209857')), 201909, 2, 0, 0, 0, 0, 'Inscrição em evento: A rede de interconexões com Qualidade de Vida nas Organizações', 38, '2019-09-20', '2019-09-20', '2019-09-21', null, null, 0, null);
INSERT INTO cba_cobranca (cba_situacao, cba_valor, cba_data_cadastro, cba_data_vencimento, cba_tipo_remessa, psa_id, cba_data_limite_recebimento, cba_motivo_cancelamento, cba_data_cancelamento)
VALUES (3, 0, '2019-09-19 17:49', '2019-09-20', 99, (SELECT psa_id FROM psa_pessoa WHERE psa_cli_id = (SELECT flo_id FROM flo_filiado WHERE flo_cpf = '34051209857')), '2019-09-21', null, null);
INSERT INTO dvo_divida_cobranca (dva_id, cba_id) VALUES ((SELECT max(dva_id) FROM dva_divida), (SELECT max(cba_id) FROM cba_cobranca));
INSERT INTO cbn_cobranca_evento_sindicato (cbn_descricao, prve_id, eve_id, evo_id, dva_id) VALUES ('Inscrição em evento', 5, 49203, 28, (SELECT max(dva_id) FROM dva_divida));
INSERT INTO pgo_pagamento (cba_id, psa_id, pgo_valor, pgo_situacao, pgo_data_pagamento, pgo_data_credito) VALUES ((SELECT max(cba_id) FROM cba_cobranca), (SELECT psa_id FROM psa_pessoa WHERE psa_cli_id = (SELECT flo_id FROM flo_filiado WHERE flo_cpf = '34051209857')), 0, 1, '2019-09-19', '2019-09-19');
INSERT INTO pga_pagamento_divida (dva_id, pgo_id, pga_valor) VALUES ((SELECT max(dva_id) FROM dva_divida), (SELECT max(pgo_id) FROM pgo_pagamento), 0);

INSERT INTO eve_evento_sindicato_participante (eve_id, evo_id, flo_id, eve_nome, eve_participante_telefone, eve_participante_email, eve_cpf, flo_id_responsavel, eve_presenca_confirmada, eve_data_deletado, eve_deletado)
VALUES (51987, 28, (SELECT flo_id FROM flo_filiado WHERE flo_cpf = '02855576962'), 'Marina Rumiko Maruiti', '11963580994', 'marina.maruiti@sharecare.com', '02855576962', (SELECT flo_id FROM flo_filiado WHERE flo_cnpj = '08726829000188'), 1, null, 2);
INSERT INTO dva_divida (psa_id_pagador, psa_id_destinatario, cmi_id, dvu_id, dva_valor, dva_valor_pago, dva_valor_acrescimo, dva_valor_desconto, dva_descricao, dvp_id, dva_data_vencimento_atual, dva_data_vencimento_inicial, dva_data_inicio_cobranca_mora, dva_data_cancelamento, dva_motivo_cancelamento, dva_cancelada, dva_tipo_cancelamento)
VALUES ((SELECT psa_id FROM psa_pessoa WHERE psa_cli_id = (SELECT flo_id FROM flo_filiado WHERE flo_cpf = '02855576962')), (SELECT psa_id FROM psa_pessoa WHERE psa_cli_id = (SELECT flo_id FROM flo_filiado WHERE flo_cpf = '02855576962')), 201909, 2, 0, 0, 0, 0, 'Inscrição em evento: A rede de interconexões com Qualidade de Vida nas Organizações', 38, '2019-10-01', '2019-10-01', '2019-10-02', null, null, 0, null);
INSERT INTO cba_cobranca (cba_situacao, cba_valor, cba_data_cadastro, cba_data_vencimento, cba_tipo_remessa, psa_id, cba_data_limite_recebimento, cba_motivo_cancelamento, cba_data_cancelamento)
VALUES (3, 0, '2019-09-30 14:41', '2019-10-01', 99, (SELECT psa_id FROM psa_pessoa WHERE psa_cli_id = (SELECT flo_id FROM flo_filiado WHERE flo_cpf = '02855576962')), '2019-10-02', null, null);
INSERT INTO dvo_divida_cobranca (dva_id, cba_id) VALUES ((SELECT max(dva_id) FROM dva_divida), (SELECT max(cba_id) FROM cba_cobranca));
INSERT INTO cbn_cobranca_evento_sindicato (cbn_descricao, prve_id, eve_id, evo_id, dva_id) VALUES ('Inscrição em evento', 5, 51987, 28, (SELECT max(dva_id) FROM dva_divida));
INSERT INTO pgo_pagamento (cba_id, psa_id, pgo_valor, pgo_situacao, pgo_data_pagamento, pgo_data_credito) VALUES ((SELECT max(cba_id) FROM cba_cobranca), (SELECT psa_id FROM psa_pessoa WHERE psa_cli_id = (SELECT flo_id FROM flo_filiado WHERE flo_cpf = '02855576962')), 0, 1, '2019-09-30', '2019-09-30');
INSERT INTO pga_pagamento_divida (dva_id, pgo_id, pga_valor) VALUES ((SELECT max(dva_id) FROM dva_divida), (SELECT max(pgo_id) FROM pgo_pagamento), 0);

INSERT INTO eve_evento_sindicato_participante (eve_id, evo_id, flo_id, eve_nome, eve_participante_telefone, eve_participante_email, eve_cpf, flo_id_responsavel, eve_presenca_confirmada, eve_data_deletado, eve_deletado)
VALUES (47320, 28, (SELECT flo_id FROM flo_filiado WHERE flo_cpf = '15502290875'), 'Mirian Damaris Benaglia', '16982504634', 'mirian.benaglia@hotmail.com', '15502290875', null, 1, null, 2);
INSERT INTO dva_divida (psa_id_pagador, psa_id_destinatario, cmi_id, dvu_id, dva_valor, dva_valor_pago, dva_valor_acrescimo, dva_valor_desconto, dva_descricao, dvp_id, dva_data_vencimento_atual, dva_data_vencimento_inicial, dva_data_inicio_cobranca_mora, dva_data_cancelamento, dva_motivo_cancelamento, dva_cancelada, dva_tipo_cancelamento)
VALUES ((SELECT psa_id FROM psa_pessoa WHERE psa_cli_id = (SELECT flo_id FROM flo_filiado WHERE flo_cpf = '15502290875')), (SELECT psa_id FROM psa_pessoa WHERE psa_cli_id = (SELECT flo_id FROM flo_filiado WHERE flo_cpf = '15502290875')), 201909, 2, 0, 0, 0, 0, 'Inscrição em evento: A rede de interconexões com Qualidade de Vida nas Organizações', 38, '2019-09-16', '2019-09-16', '2019-09-17', null, null, 0, null);
INSERT INTO cba_cobranca (cba_situacao, cba_valor, cba_data_cadastro, cba_data_vencimento, cba_tipo_remessa, psa_id, cba_data_limite_recebimento, cba_motivo_cancelamento, cba_data_cancelamento)
VALUES (3, 0, '2019-09-15 18:43', '2019-09-16', 99, (SELECT psa_id FROM psa_pessoa WHERE psa_cli_id = (SELECT flo_id FROM flo_filiado WHERE flo_cpf = '15502290875')), '2019-09-17', null, null);
INSERT INTO dvo_divida_cobranca (dva_id, cba_id) VALUES ((SELECT max(dva_id) FROM dva_divida), (SELECT max(cba_id) FROM cba_cobranca));
INSERT INTO cbn_cobranca_evento_sindicato (cbn_descricao, prve_id, eve_id, evo_id, dva_id) VALUES ('Inscrição em evento', 5, 47320, 28, (SELECT max(dva_id) FROM dva_divida));
INSERT INTO pgo_pagamento (cba_id, psa_id, pgo_valor, pgo_situacao, pgo_data_pagamento, pgo_data_credito) VALUES ((SELECT max(cba_id) FROM cba_cobranca), (SELECT psa_id FROM psa_pessoa WHERE psa_cli_id = (SELECT flo_id FROM flo_filiado WHERE flo_cpf = '15502290875')), 0, 1, '2019-09-15', '2019-09-15');
INSERT INTO pga_pagamento_divida (dva_id, pgo_id, pga_valor) VALUES ((SELECT max(dva_id) FROM dva_divida), (SELECT max(pgo_id) FROM pgo_pagamento), 0);

INSERT INTO eve_evento_sindicato_participante (eve_id, evo_id, flo_id, eve_nome, eve_participante_telefone, eve_participante_email, eve_cpf, flo_id_responsavel, eve_presenca_confirmada, eve_data_deletado, eve_deletado)
VALUES (51876, 28, (SELECT flo_id FROM flo_filiado WHERE flo_cpf = '04279419892'), 'Mona Abdelnur Chamma', '11999054797', 'mona.chamma@hotmail.com', '04279419892', null, 1, null, 2);
INSERT INTO dva_divida (psa_id_pagador, psa_id_destinatario, cmi_id, dvu_id, dva_valor, dva_valor_pago, dva_valor_acrescimo, dva_valor_desconto, dva_descricao, dvp_id, dva_data_vencimento_atual, dva_data_vencimento_inicial, dva_data_inicio_cobranca_mora, dva_data_cancelamento, dva_motivo_cancelamento, dva_cancelada, dva_tipo_cancelamento)
VALUES ((SELECT psa_id FROM psa_pessoa WHERE psa_cli_id = (SELECT flo_id FROM flo_filiado WHERE flo_cpf = '04279419892')), (SELECT psa_id FROM psa_pessoa WHERE psa_cli_id = (SELECT flo_id FROM flo_filiado WHERE flo_cpf = '04279419892')), 201909, 2, 0, 0, 0, 0, 'Inscrição em evento: A rede de interconexões com Qualidade de Vida nas Organizações', 38, '2019-09-28', '2019-09-28', '2019-09-29', null, null, 0, null);
INSERT INTO cba_cobranca (cba_situacao, cba_valor, cba_data_cadastro, cba_data_vencimento, cba_tipo_remessa, psa_id, cba_data_limite_recebimento, cba_motivo_cancelamento, cba_data_cancelamento)
VALUES (3, 0, '2019-09-27 18:30', '2019-09-28', 99, (SELECT psa_id FROM psa_pessoa WHERE psa_cli_id = (SELECT flo_id FROM flo_filiado WHERE flo_cpf = '04279419892')), '2019-09-29', null, null);
INSERT INTO dvo_divida_cobranca (dva_id, cba_id) VALUES ((SELECT max(dva_id) FROM dva_divida), (SELECT max(cba_id) FROM cba_cobranca));
INSERT INTO cbn_cobranca_evento_sindicato (cbn_descricao, prve_id, eve_id, evo_id, dva_id) VALUES ('Inscrição em evento', 5, 51876, 28, (SELECT max(dva_id) FROM dva_divida));
INSERT INTO pgo_pagamento (cba_id, psa_id, pgo_valor, pgo_situacao, pgo_data_pagamento, pgo_data_credito) VALUES ((SELECT max(cba_id) FROM cba_cobranca), (SELECT psa_id FROM psa_pessoa WHERE psa_cli_id = (SELECT flo_id FROM flo_filiado WHERE flo_cpf = '04279419892')), 0, 1, '2019-09-27', '2019-09-27');
INSERT INTO pga_pagamento_divida (dva_id, pgo_id, pga_valor) VALUES ((SELECT max(dva_id) FROM dva_divida), (SELECT max(pgo_id) FROM pgo_pagamento), 0);

INSERT INTO eve_evento_sindicato_participante (eve_id, evo_id, flo_id, eve_nome, eve_participante_telefone, eve_participante_email, eve_cpf, flo_id_responsavel, eve_presenca_confirmada, eve_data_deletado, eve_deletado)
VALUES (51912, 28, (SELECT flo_id FROM flo_filiado WHERE flo_cpf = '05495191811'), 'Nancy Edith Pinilla Cortes', '11982923271', 'nanypinilla@hotmail.com', '05495191811', null, 1, null, 2);
INSERT INTO dva_divida (psa_id_pagador, psa_id_destinatario, cmi_id, dvu_id, dva_valor, dva_valor_pago, dva_valor_acrescimo, dva_valor_desconto, dva_descricao, dvp_id, dva_data_vencimento_atual, dva_data_vencimento_inicial, dva_data_inicio_cobranca_mora, dva_data_cancelamento, dva_motivo_cancelamento, dva_cancelada, dva_tipo_cancelamento)
VALUES ((SELECT psa_id FROM psa_pessoa WHERE psa_cli_id = (SELECT flo_id FROM flo_filiado WHERE flo_cpf = '05495191811')), (SELECT psa_id FROM psa_pessoa WHERE psa_cli_id = (SELECT flo_id FROM flo_filiado WHERE flo_cpf = '05495191811')), 201909, 2, 0, 0, 0, 0, 'Inscrição em evento: A rede de interconexões com Qualidade de Vida nas Organizações', 38, '2019-10-01', '2019-10-01', '2019-10-02', null, null, 0, null);
INSERT INTO cba_cobranca (cba_situacao, cba_valor, cba_data_cadastro, cba_data_vencimento, cba_tipo_remessa, psa_id, cba_data_limite_recebimento, cba_motivo_cancelamento, cba_data_cancelamento)
VALUES (3, 0, '2019-09-30 07:17', '2019-10-01', 99, (SELECT psa_id FROM psa_pessoa WHERE psa_cli_id = (SELECT flo_id FROM flo_filiado WHERE flo_cpf = '05495191811')), '2019-10-02', null, null);
INSERT INTO dvo_divida_cobranca (dva_id, cba_id) VALUES ((SELECT max(dva_id) FROM dva_divida), (SELECT max(cba_id) FROM cba_cobranca));
INSERT INTO cbn_cobranca_evento_sindicato (cbn_descricao, prve_id, eve_id, evo_id, dva_id) VALUES ('Inscrição em evento', 5, 51912, 28, (SELECT max(dva_id) FROM dva_divida));
INSERT INTO pgo_pagamento (cba_id, psa_id, pgo_valor, pgo_situacao, pgo_data_pagamento, pgo_data_credito) VALUES ((SELECT max(cba_id) FROM cba_cobranca), (SELECT psa_id FROM psa_pessoa WHERE psa_cli_id = (SELECT flo_id FROM flo_filiado WHERE flo_cpf = '05495191811')), 0, 1, '2019-09-30', '2019-09-30');
INSERT INTO pga_pagamento_divida (dva_id, pgo_id, pga_valor) VALUES ((SELECT max(dva_id) FROM dva_divida), (SELECT max(pgo_id) FROM pgo_pagamento), 0);

INSERT INTO eve_evento_sindicato_participante (eve_id, evo_id, flo_id, eve_nome, eve_participante_telefone, eve_participante_email, eve_cpf, flo_id_responsavel, eve_presenca_confirmada, eve_data_deletado, eve_deletado)
VALUES (51975, 28, (SELECT flo_id FROM flo_filiado WHERE flo_cpf = '27835032805'), 'Natura Cosméticos S/a', '11999575059', 'claudineiazorzela@natura.net', '27835032805', null, 1, null, 2);
INSERT INTO dva_divida (psa_id_pagador, psa_id_destinatario, cmi_id, dvu_id, dva_valor, dva_valor_pago, dva_valor_acrescimo, dva_valor_desconto, dva_descricao, dvp_id, dva_data_vencimento_atual, dva_data_vencimento_inicial, dva_data_inicio_cobranca_mora, dva_data_cancelamento, dva_motivo_cancelamento, dva_cancelada, dva_tipo_cancelamento)
VALUES ((SELECT psa_id FROM psa_pessoa WHERE psa_cli_id = (SELECT flo_id FROM flo_filiado WHERE flo_cpf = '27835032805')), (SELECT psa_id FROM psa_pessoa WHERE psa_cli_id = (SELECT flo_id FROM flo_filiado WHERE flo_cpf = '27835032805')), 201909, 2, 0, 0, 0, 0, 'Inscrição em evento: A rede de interconexões com Qualidade de Vida nas Organizações', 38, '2019-10-01', '2019-10-01', '2019-10-02', null, null, 0, null);
INSERT INTO cba_cobranca (cba_situacao, cba_valor, cba_data_cadastro, cba_data_vencimento, cba_tipo_remessa, psa_id, cba_data_limite_recebimento, cba_motivo_cancelamento, cba_data_cancelamento)
VALUES (3, 0, '2019-09-30 13:46', '2019-10-01', 99, (SELECT psa_id FROM psa_pessoa WHERE psa_cli_id = (SELECT flo_id FROM flo_filiado WHERE flo_cpf = '27835032805')), '2019-10-02', null, null);
INSERT INTO dvo_divida_cobranca (dva_id, cba_id) VALUES ((SELECT max(dva_id) FROM dva_divida), (SELECT max(cba_id) FROM cba_cobranca));
INSERT INTO cbn_cobranca_evento_sindicato (cbn_descricao, prve_id, eve_id, evo_id, dva_id) VALUES ('Inscrição em evento', 5, 51975, 28, (SELECT max(dva_id) FROM dva_divida));
INSERT INTO pgo_pagamento (cba_id, psa_id, pgo_valor, pgo_situacao, pgo_data_pagamento, pgo_data_credito) VALUES ((SELECT max(cba_id) FROM cba_cobranca), (SELECT psa_id FROM psa_pessoa WHERE psa_cli_id = (SELECT flo_id FROM flo_filiado WHERE flo_cpf = '27835032805')), 0, 1, '2019-09-30', '2019-09-30');
INSERT INTO pga_pagamento_divida (dva_id, pgo_id, pga_valor) VALUES ((SELECT max(dva_id) FROM dva_divida), (SELECT max(pgo_id) FROM pgo_pagamento), 0);

INSERT INTO eve_evento_sindicato_participante (eve_id, evo_id, flo_id, eve_nome, eve_participante_telefone, eve_participante_email, eve_cpf, flo_id_responsavel, eve_presenca_confirmada, eve_data_deletado, eve_deletado)
VALUES (49744, 28, (SELECT flo_id FROM flo_filiado WHERE flo_cpf = '06196555855'), 'Patricia Lacombe', '19974016497', 'patricia@patricialacombe.com.br', '06196555855', (SELECT flo_id FROM flo_filiado WHERE flo_cnpj = '28575634000191'), 1, null, 2);
INSERT INTO dva_divida (psa_id_pagador, psa_id_destinatario, cmi_id, dvu_id, dva_valor, dva_valor_pago, dva_valor_acrescimo, dva_valor_desconto, dva_descricao, dvp_id, dva_data_vencimento_atual, dva_data_vencimento_inicial, dva_data_inicio_cobranca_mora, dva_data_cancelamento, dva_motivo_cancelamento, dva_cancelada, dva_tipo_cancelamento)
VALUES ((SELECT psa_id FROM psa_pessoa WHERE psa_cli_id = (SELECT flo_id FROM flo_filiado WHERE flo_cpf = '06196555855')), (SELECT psa_id FROM psa_pessoa WHERE psa_cli_id = (SELECT flo_id FROM flo_filiado WHERE flo_cpf = '06196555855')), 201909, 2, 0, 0, 0, 0, 'Inscrição em evento: A rede de interconexões com Qualidade de Vida nas Organizações', 38, '2019-09-24', '2019-09-24', '2019-09-25', null, null, 0, null);
INSERT INTO cba_cobranca (cba_situacao, cba_valor, cba_data_cadastro, cba_data_vencimento, cba_tipo_remessa, psa_id, cba_data_limite_recebimento, cba_motivo_cancelamento, cba_data_cancelamento)
VALUES (3, 0, '2019-09-23 10:06', '2019-09-24', 99, (SELECT psa_id FROM psa_pessoa WHERE psa_cli_id = (SELECT flo_id FROM flo_filiado WHERE flo_cpf = '06196555855')), '2019-09-25', null, null);
INSERT INTO dvo_divida_cobranca (dva_id, cba_id) VALUES ((SELECT max(dva_id) FROM dva_divida), (SELECT max(cba_id) FROM cba_cobranca));
INSERT INTO cbn_cobranca_evento_sindicato (cbn_descricao, prve_id, eve_id, evo_id, dva_id) VALUES ('Inscrição em evento', 5, 49744, 28, (SELECT max(dva_id) FROM dva_divida));
INSERT INTO pgo_pagamento (cba_id, psa_id, pgo_valor, pgo_situacao, pgo_data_pagamento, pgo_data_credito) VALUES ((SELECT max(cba_id) FROM cba_cobranca), (SELECT psa_id FROM psa_pessoa WHERE psa_cli_id = (SELECT flo_id FROM flo_filiado WHERE flo_cpf = '06196555855')), 0, 1, '2019-09-23', '2019-09-23');
INSERT INTO pga_pagamento_divida (dva_id, pgo_id, pga_valor) VALUES ((SELECT max(dva_id) FROM dva_divida), (SELECT max(pgo_id) FROM pgo_pagamento), 0);

INSERT INTO eve_evento_sindicato_participante (eve_id, evo_id, flo_id, eve_nome, eve_participante_telefone, eve_participante_email, eve_cpf, flo_id_responsavel, eve_presenca_confirmada, eve_data_deletado, eve_deletado)
VALUES (52000, 28, (SELECT flo_id FROM flo_filiado WHERE flo_cpf = '29601656839'), 'Patricia Maria da Silva', '11997896646', 'patricia.maria@voeazul.com.br', '29601656839', null, 2, null, 2);
INSERT INTO dva_divida (psa_id_pagador, psa_id_destinatario, cmi_id, dvu_id, dva_valor, dva_valor_pago, dva_valor_acrescimo, dva_valor_desconto, dva_descricao, dvp_id, dva_data_vencimento_atual, dva_data_vencimento_inicial, dva_data_inicio_cobranca_mora, dva_data_cancelamento, dva_motivo_cancelamento, dva_cancelada, dva_tipo_cancelamento)
VALUES ((SELECT psa_id FROM psa_pessoa WHERE psa_cli_id = (SELECT flo_id FROM flo_filiado WHERE flo_cpf = '29601656839')), (SELECT psa_id FROM psa_pessoa WHERE psa_cli_id = (SELECT flo_id FROM flo_filiado WHERE flo_cpf = '29601656839')), 201909, 1, 75, 0, 0, 0, 'Inscrição em evento: A rede de interconexões com Qualidade de Vida nas Organizações', 38, '2019-10-01', '2019-10-01', '2019-10-02', null, null, 0, null);
INSERT INTO cba_cobranca (cba_situacao, cba_valor, cba_data_cadastro, cba_data_vencimento, cba_tipo_remessa, psa_id, cba_data_limite_recebimento, cba_motivo_cancelamento, cba_data_cancelamento)
VALUES (1, 75, '2019-09-30 16:29', '2019-10-01', 99, (SELECT psa_id FROM psa_pessoa WHERE psa_cli_id = (SELECT flo_id FROM flo_filiado WHERE flo_cpf = '29601656839')), '2019-10-02', null, null);
INSERT INTO dvo_divida_cobranca (dva_id, cba_id) VALUES ((SELECT max(dva_id) FROM dva_divida), (SELECT max(cba_id) FROM cba_cobranca));
INSERT INTO cbn_cobranca_evento_sindicato (cbn_descricao, prve_id, eve_id, evo_id, dva_id) VALUES ('Inscrição em evento', 5, 52000, 28, (SELECT max(dva_id) FROM dva_divida));

INSERT INTO eve_evento_sindicato_participante (eve_id, evo_id, flo_id, eve_nome, eve_participante_telefone, eve_participante_email, eve_cpf, flo_id_responsavel, eve_presenca_confirmada, eve_data_deletado, eve_deletado)
VALUES (51938, 28, (SELECT flo_id FROM flo_filiado WHERE flo_cpf = '07686495957'), 'Paulo Guen-iti Matsuzaki', '41997237142', 'pgmatsuzaki@gmail.com', '07686495957', null, 1, null, 2);
INSERT INTO dva_divida (psa_id_pagador, psa_id_destinatario, cmi_id, dvu_id, dva_valor, dva_valor_pago, dva_valor_acrescimo, dva_valor_desconto, dva_descricao, dvp_id, dva_data_vencimento_atual, dva_data_vencimento_inicial, dva_data_inicio_cobranca_mora, dva_data_cancelamento, dva_motivo_cancelamento, dva_cancelada, dva_tipo_cancelamento)
VALUES ((SELECT psa_id FROM psa_pessoa WHERE psa_cli_id = (SELECT flo_id FROM flo_filiado WHERE flo_cpf = '07686495957')), (SELECT psa_id FROM psa_pessoa WHERE psa_cli_id = (SELECT flo_id FROM flo_filiado WHERE flo_cpf = '07686495957')), 201909, 2, 75, 0, 0, 75, 'Inscrição em evento: A rede de interconexões com Qualidade de Vida nas Organizações', 38, '2019-10-01', '2019-10-01', '2019-10-02', null, null, 0, null);
INSERT INTO cba_cobranca (cba_situacao, cba_valor, cba_data_cadastro, cba_data_vencimento, cba_tipo_remessa, psa_id, cba_data_limite_recebimento, cba_motivo_cancelamento, cba_data_cancelamento)
VALUES (4, 75, '2019-09-30 10:58', '2019-10-01', 99, (SELECT psa_id FROM psa_pessoa WHERE psa_cli_id = (SELECT flo_id FROM flo_filiado WHERE flo_cpf = '07686495957')), '2019-10-02', 'Concessão de isenção', '2019-09-30 10:58');
INSERT INTO dvo_divida_cobranca (dva_id, cba_id) VALUES ((SELECT max(dva_id) FROM dva_divida), (SELECT max(cba_id) FROM cba_cobranca));
INSERT INTO dvt_divida_desconto (dva_id, dvt_valor, dvt_descricao, dvt_data_cadastro) VALUES ((SELECT max(dva_id) FROM dva_divida), 75, 'Concessão de isenção', '2019-09-30 10:58');
INSERT INTO cbn_cobranca_evento_sindicato (cbn_descricao, prve_id, eve_id, evo_id, dva_id) VALUES ('Inscrição em evento', 5, 51938, 28, (SELECT max(dva_id) FROM dva_divida));

INSERT INTO eve_evento_sindicato_participante (eve_id, evo_id, flo_id, eve_nome, eve_participante_telefone, eve_participante_email, eve_cpf, flo_id_responsavel, eve_presenca_confirmada, eve_data_deletado, eve_deletado)
VALUES (51999, 28, (SELECT flo_id FROM flo_filiado WHERE flo_cpf = '42656097835'), 'Priscila Nunes da Silva', '11984013637', 'mariacristinavillalvaguedes@gmail.com', '42656097835', (SELECT flo_id FROM flo_filiado WHERE flo_cnpj = '20088008000169'), 1, null, 2);
INSERT INTO dva_divida (psa_id_pagador, psa_id_destinatario, cmi_id, dvu_id, dva_valor, dva_valor_pago, dva_valor_acrescimo, dva_valor_desconto, dva_descricao, dvp_id, dva_data_vencimento_atual, dva_data_vencimento_inicial, dva_data_inicio_cobranca_mora, dva_data_cancelamento, dva_motivo_cancelamento, dva_cancelada, dva_tipo_cancelamento)
VALUES ((SELECT psa_id FROM psa_pessoa WHERE psa_cli_id = (SELECT flo_id FROM flo_filiado WHERE flo_cpf = '42656097835')), (SELECT psa_id FROM psa_pessoa WHERE psa_cli_id = (SELECT flo_id FROM flo_filiado WHERE flo_cpf = '42656097835')), 201909, 2, 0, 0, 0, 0, 'Inscrição em evento: A rede de interconexões com Qualidade de Vida nas Organizações', 38, '2019-10-01', '2019-10-01', '2019-10-02', null, null, 0, null);
INSERT INTO cba_cobranca (cba_situacao, cba_valor, cba_data_cadastro, cba_data_vencimento, cba_tipo_remessa, psa_id, cba_data_limite_recebimento, cba_motivo_cancelamento, cba_data_cancelamento)
VALUES (3, 0, '2019-09-30 16:27', '2019-10-01', 99, (SELECT psa_id FROM psa_pessoa WHERE psa_cli_id = (SELECT flo_id FROM flo_filiado WHERE flo_cpf = '42656097835')), '2019-10-02', null, null);
INSERT INTO dvo_divida_cobranca (dva_id, cba_id) VALUES ((SELECT max(dva_id) FROM dva_divida), (SELECT max(cba_id) FROM cba_cobranca));
INSERT INTO cbn_cobranca_evento_sindicato (cbn_descricao, prve_id, eve_id, evo_id, dva_id) VALUES ('Inscrição em evento', 5, 51999, 28, (SELECT max(dva_id) FROM dva_divida));
INSERT INTO pgo_pagamento (cba_id, psa_id, pgo_valor, pgo_situacao, pgo_data_pagamento, pgo_data_credito) VALUES ((SELECT max(cba_id) FROM cba_cobranca), (SELECT psa_id FROM psa_pessoa WHERE psa_cli_id = (SELECT flo_id FROM flo_filiado WHERE flo_cpf = '42656097835')), 0, 1, '2019-09-30', '2019-09-30');
INSERT INTO pga_pagamento_divida (dva_id, pgo_id, pga_valor) VALUES ((SELECT max(dva_id) FROM dva_divida), (SELECT max(pgo_id) FROM pgo_pagamento), 0);

INSERT INTO eve_evento_sindicato_participante (eve_id, evo_id, flo_id, eve_nome, eve_participante_telefone, eve_participante_email, eve_cpf, flo_id_responsavel, eve_presenca_confirmada, eve_data_deletado, eve_deletado)
VALUES (45389, 28, (SELECT flo_id FROM flo_filiado WHERE flo_cpf = '24875785801'), 'Regina Machioni', '11992710303', 'regina@sescsp.org.br', '24875785801', (SELECT flo_id FROM flo_filiado WHERE flo_nome = 'Sesc Sp'), 1, null, 2);
INSERT INTO dva_divida (psa_id_pagador, psa_id_destinatario, cmi_id, dvu_id, dva_valor, dva_valor_pago, dva_valor_acrescimo, dva_valor_desconto, dva_descricao, dvp_id, dva_data_vencimento_atual, dva_data_vencimento_inicial, dva_data_inicio_cobranca_mora, dva_data_cancelamento, dva_motivo_cancelamento, dva_cancelada, dva_tipo_cancelamento)
VALUES ((SELECT psa_id FROM psa_pessoa WHERE psa_cli_id = (SELECT flo_id FROM flo_filiado WHERE flo_cpf = '24875785801')), (SELECT psa_id FROM psa_pessoa WHERE psa_cli_id = (SELECT flo_id FROM flo_filiado WHERE flo_cpf = '24875785801')), 201909, 2, 0, 0, 0, 0, 'Inscrição em evento: A rede de interconexões com Qualidade de Vida nas Organizações', 38, '2019-09-10', '2019-09-10', '2019-09-11', null, null, 0, null);
INSERT INTO cba_cobranca (cba_situacao, cba_valor, cba_data_cadastro, cba_data_vencimento, cba_tipo_remessa, psa_id, cba_data_limite_recebimento, cba_motivo_cancelamento, cba_data_cancelamento)
VALUES (3, 0, '2019-09-09 17:10', '2019-09-10', 99, (SELECT psa_id FROM psa_pessoa WHERE psa_cli_id = (SELECT flo_id FROM flo_filiado WHERE flo_cpf = '24875785801')), '2019-09-11', null, null);
INSERT INTO dvo_divida_cobranca (dva_id, cba_id) VALUES ((SELECT max(dva_id) FROM dva_divida), (SELECT max(cba_id) FROM cba_cobranca));
INSERT INTO cbn_cobranca_evento_sindicato (cbn_descricao, prve_id, eve_id, evo_id, dva_id) VALUES ('Inscrição em evento', 5, 45389, 28, (SELECT max(dva_id) FROM dva_divida));
INSERT INTO pgo_pagamento (cba_id, psa_id, pgo_valor, pgo_situacao, pgo_data_pagamento, pgo_data_credito) VALUES ((SELECT max(cba_id) FROM cba_cobranca), (SELECT psa_id FROM psa_pessoa WHERE psa_cli_id = (SELECT flo_id FROM flo_filiado WHERE flo_cpf = '24875785801')), 0, 1, '2019-09-09', '2019-09-09');
INSERT INTO pga_pagamento_divida (dva_id, pgo_id, pga_valor) VALUES ((SELECT max(dva_id) FROM dva_divida), (SELECT max(pgo_id) FROM pgo_pagamento), 0);

INSERT INTO eve_evento_sindicato_participante (eve_id, evo_id, flo_id, eve_nome, eve_participante_telefone, eve_participante_email, eve_cpf, flo_id_responsavel, eve_presenca_confirmada, eve_data_deletado, eve_deletado)
VALUES (51062, 28, (SELECT flo_id FROM flo_filiado WHERE flo_cpf = '21646479807'), 'Roberta Pereira', '11981376167', 'roberta.pereira@avon.com', '21646479807', (SELECT flo_id FROM flo_filiado WHERE flo_cnpj = '56991441000157'), 1, null, 2);
INSERT INTO dva_divida (psa_id_pagador, psa_id_destinatario, cmi_id, dvu_id, dva_valor, dva_valor_pago, dva_valor_acrescimo, dva_valor_desconto, dva_descricao, dvp_id, dva_data_vencimento_atual, dva_data_vencimento_inicial, dva_data_inicio_cobranca_mora, dva_data_cancelamento, dva_motivo_cancelamento, dva_cancelada, dva_tipo_cancelamento)
VALUES ((SELECT psa_id FROM psa_pessoa WHERE psa_cli_id = (SELECT flo_id FROM flo_filiado WHERE flo_cpf = '21646479807')), (SELECT psa_id FROM psa_pessoa WHERE psa_cli_id = (SELECT flo_id FROM flo_filiado WHERE flo_cpf = '21646479807')), 201909, 2, 0, 0, 0, 0, 'Inscrição em evento: A rede de interconexões com Qualidade de Vida nas Organizações', 38, '2019-09-25', '2019-09-25', '2019-09-26', null, null, 0, null);
INSERT INTO cba_cobranca (cba_situacao, cba_valor, cba_data_cadastro, cba_data_vencimento, cba_tipo_remessa, psa_id, cba_data_limite_recebimento, cba_motivo_cancelamento, cba_data_cancelamento)
VALUES (3, 0, '2019-09-24 14:49', '2019-09-25', 99, (SELECT psa_id FROM psa_pessoa WHERE psa_cli_id = (SELECT flo_id FROM flo_filiado WHERE flo_cpf = '21646479807')), '2019-09-26', null, null);
INSERT INTO dvo_divida_cobranca (dva_id, cba_id) VALUES ((SELECT max(dva_id) FROM dva_divida), (SELECT max(cba_id) FROM cba_cobranca));
INSERT INTO cbn_cobranca_evento_sindicato (cbn_descricao, prve_id, eve_id, evo_id, dva_id) VALUES ('Inscrição em evento', 5, 51062, 28, (SELECT max(dva_id) FROM dva_divida));
INSERT INTO pgo_pagamento (cba_id, psa_id, pgo_valor, pgo_situacao, pgo_data_pagamento, pgo_data_credito) VALUES ((SELECT max(cba_id) FROM cba_cobranca), (SELECT psa_id FROM psa_pessoa WHERE psa_cli_id = (SELECT flo_id FROM flo_filiado WHERE flo_cpf = '21646479807')), 0, 1, '2019-09-24', '2019-09-24');
INSERT INTO pga_pagamento_divida (dva_id, pgo_id, pga_valor) VALUES ((SELECT max(dva_id) FROM dva_divida), (SELECT max(pgo_id) FROM pgo_pagamento), 0);

INSERT INTO eve_evento_sindicato_participante (eve_id, evo_id, flo_id, eve_nome, eve_participante_telefone, eve_participante_email, eve_cpf, flo_id_responsavel, eve_presenca_confirmada, eve_data_deletado, eve_deletado)
VALUES (49770, 28, (SELECT flo_id FROM flo_filiado WHERE flo_cpf = '27885385884'), 'Roberta Souza', '11994476534', 'roberta.souza@patricialacombe.com.br', '27885385884', (SELECT flo_id FROM flo_filiado WHERE flo_cnpj = '28575634000191'), 1, null, 2);
INSERT INTO dva_divida (psa_id_pagador, psa_id_destinatario, cmi_id, dvu_id, dva_valor, dva_valor_pago, dva_valor_acrescimo, dva_valor_desconto, dva_descricao, dvp_id, dva_data_vencimento_atual, dva_data_vencimento_inicial, dva_data_inicio_cobranca_mora, dva_data_cancelamento, dva_motivo_cancelamento, dva_cancelada, dva_tipo_cancelamento)
VALUES ((SELECT psa_id FROM psa_pessoa WHERE psa_cli_id = (SELECT flo_id FROM flo_filiado WHERE flo_cpf = '27885385884')), (SELECT psa_id FROM psa_pessoa WHERE psa_cli_id = (SELECT flo_id FROM flo_filiado WHERE flo_cpf = '27885385884')), 201909, 2, 0, 0, 0, 0, 'Inscrição em evento: A rede de interconexões com Qualidade de Vida nas Organizações', 38, '2019-09-24', '2019-09-24', '2019-09-25', null, null, 0, null);
INSERT INTO cba_cobranca (cba_situacao, cba_valor, cba_data_cadastro, cba_data_vencimento, cba_tipo_remessa, psa_id, cba_data_limite_recebimento, cba_motivo_cancelamento, cba_data_cancelamento)
VALUES (3, 0, '2019-09-23 10:29', '2019-09-24', 99, (SELECT psa_id FROM psa_pessoa WHERE psa_cli_id = (SELECT flo_id FROM flo_filiado WHERE flo_cpf = '27885385884')), '2019-09-25', null, null);
INSERT INTO dvo_divida_cobranca (dva_id, cba_id) VALUES ((SELECT max(dva_id) FROM dva_divida), (SELECT max(cba_id) FROM cba_cobranca));
INSERT INTO cbn_cobranca_evento_sindicato (cbn_descricao, prve_id, eve_id, evo_id, dva_id) VALUES ('Inscrição em evento', 5, 49770, 28, (SELECT max(dva_id) FROM dva_divida));
INSERT INTO pgo_pagamento (cba_id, psa_id, pgo_valor, pgo_situacao, pgo_data_pagamento, pgo_data_credito) VALUES ((SELECT max(cba_id) FROM cba_cobranca), (SELECT psa_id FROM psa_pessoa WHERE psa_cli_id = (SELECT flo_id FROM flo_filiado WHERE flo_cpf = '27885385884')), 0, 1, '2019-09-23', '2019-09-23');
INSERT INTO pga_pagamento_divida (dva_id, pgo_id, pga_valor) VALUES ((SELECT max(dva_id) FROM dva_divida), (SELECT max(pgo_id) FROM pgo_pagamento), 0);

INSERT INTO eve_evento_sindicato_participante (eve_id, evo_id, flo_id, eve_nome, eve_participante_telefone, eve_participante_email, eve_cpf, flo_id_responsavel, eve_presenca_confirmada, eve_data_deletado, eve_deletado)
VALUES (49268, 28, (SELECT flo_id FROM flo_filiado WHERE flo_cpf = '35673478100'), 'Roberto Antonio Monteiro de Almeida', '11981110720', 'robertoamalmeida@gmail.com', '35673478100', null, 1, null, 2);
INSERT INTO dva_divida (psa_id_pagador, psa_id_destinatario, cmi_id, dvu_id, dva_valor, dva_valor_pago, dva_valor_acrescimo, dva_valor_desconto, dva_descricao, dvp_id, dva_data_vencimento_atual, dva_data_vencimento_inicial, dva_data_inicio_cobranca_mora, dva_data_cancelamento, dva_motivo_cancelamento, dva_cancelada, dva_tipo_cancelamento)
VALUES ((SELECT psa_id FROM psa_pessoa WHERE psa_cli_id = (SELECT flo_id FROM flo_filiado WHERE flo_cpf = '35673478100')), (SELECT psa_id FROM psa_pessoa WHERE psa_cli_id = (SELECT flo_id FROM flo_filiado WHERE flo_cpf = '35673478100')), 201909, 2, 0, 0, 0, 0, 'Inscrição em evento: A rede de interconexões com Qualidade de Vida nas Organizações', 38, '2019-09-21', '2019-09-21', '2019-09-22', null, null, 0, null);
INSERT INTO cba_cobranca (cba_situacao, cba_valor, cba_data_cadastro, cba_data_vencimento, cba_tipo_remessa, psa_id, cba_data_limite_recebimento, cba_motivo_cancelamento, cba_data_cancelamento)
VALUES (3, 0, '2019-09-20 09:53', '2019-09-21', 99, (SELECT psa_id FROM psa_pessoa WHERE psa_cli_id = (SELECT flo_id FROM flo_filiado WHERE flo_cpf = '35673478100')), '2019-09-22', null, null);
INSERT INTO dvo_divida_cobranca (dva_id, cba_id) VALUES ((SELECT max(dva_id) FROM dva_divida), (SELECT max(cba_id) FROM cba_cobranca));
INSERT INTO cbn_cobranca_evento_sindicato (cbn_descricao, prve_id, eve_id, evo_id, dva_id) VALUES ('Inscrição em evento', 5, 49268, 28, (SELECT max(dva_id) FROM dva_divida));
INSERT INTO pgo_pagamento (cba_id, psa_id, pgo_valor, pgo_situacao, pgo_data_pagamento, pgo_data_credito) VALUES ((SELECT max(cba_id) FROM cba_cobranca), (SELECT psa_id FROM psa_pessoa WHERE psa_cli_id = (SELECT flo_id FROM flo_filiado WHERE flo_cpf = '35673478100')), 0, 1, '2019-09-20', '2019-09-20');
INSERT INTO pga_pagamento_divida (dva_id, pgo_id, pga_valor) VALUES ((SELECT max(dva_id) FROM dva_divida), (SELECT max(pgo_id) FROM pgo_pagamento), 0);

INSERT INTO eve_evento_sindicato_participante (eve_id, evo_id, flo_id, eve_nome, eve_participante_telefone, eve_participante_email, eve_cpf, flo_id_responsavel, eve_presenca_confirmada, eve_data_deletado, eve_deletado)
VALUES (45111, 28, (SELECT flo_id FROM flo_filiado WHERE flo_cpf = '02337564851'), 'Rosicler Dennanni Rodriguez', '11964921856', 'rosicler.rodriguez1@gmail.com', '02337564851', null, 1, null, 2);
INSERT INTO dva_divida (psa_id_pagador, psa_id_destinatario, cmi_id, dvu_id, dva_valor, dva_valor_pago, dva_valor_acrescimo, dva_valor_desconto, dva_descricao, dvp_id, dva_data_vencimento_atual, dva_data_vencimento_inicial, dva_data_inicio_cobranca_mora, dva_data_cancelamento, dva_motivo_cancelamento, dva_cancelada, dva_tipo_cancelamento)
VALUES ((SELECT psa_id FROM psa_pessoa WHERE psa_cli_id = (SELECT flo_id FROM flo_filiado WHERE flo_cpf = '02337564851')), (SELECT psa_id FROM psa_pessoa WHERE psa_cli_id = (SELECT flo_id FROM flo_filiado WHERE flo_cpf = '02337564851')), 201909, 2, 0, 0, 0, 0, 'Inscrição em evento: A rede de interconexões com Qualidade de Vida nas Organizações', 38, '2019-09-07', '2019-09-07', '2019-09-08', null, null, 0, null);
INSERT INTO cba_cobranca (cba_situacao, cba_valor, cba_data_cadastro, cba_data_vencimento, cba_tipo_remessa, psa_id, cba_data_limite_recebimento, cba_motivo_cancelamento, cba_data_cancelamento)
VALUES (3, 0, '2019-09-06 21:12', '2019-09-07', 99, (SELECT psa_id FROM psa_pessoa WHERE psa_cli_id = (SELECT flo_id FROM flo_filiado WHERE flo_cpf = '02337564851')), '2019-09-08', null, null);
INSERT INTO dvo_divida_cobranca (dva_id, cba_id) VALUES ((SELECT max(dva_id) FROM dva_divida), (SELECT max(cba_id) FROM cba_cobranca));
INSERT INTO cbn_cobranca_evento_sindicato (cbn_descricao, prve_id, eve_id, evo_id, dva_id) VALUES ('Inscrição em evento', 5, 45111, 28, (SELECT max(dva_id) FROM dva_divida));
INSERT INTO pgo_pagamento (cba_id, psa_id, pgo_valor, pgo_situacao, pgo_data_pagamento, pgo_data_credito) VALUES ((SELECT max(cba_id) FROM cba_cobranca), (SELECT psa_id FROM psa_pessoa WHERE psa_cli_id = (SELECT flo_id FROM flo_filiado WHERE flo_cpf = '02337564851')), 0, 1, '2019-09-06', '2019-09-06');
INSERT INTO pga_pagamento_divida (dva_id, pgo_id, pga_valor) VALUES ((SELECT max(dva_id) FROM dva_divida), (SELECT max(pgo_id) FROM pgo_pagamento), 0);

INSERT INTO eve_evento_sindicato_participante (eve_id, evo_id, flo_id, eve_nome, eve_participante_telefone, eve_participante_email, eve_cpf, flo_id_responsavel, eve_presenca_confirmada, eve_data_deletado, eve_deletado)
VALUES (48656, 28, (SELECT flo_id FROM flo_filiado WHERE flo_cpf = '09397179802'), 'Rosilene Arruda Melo', '1123935020', 'rosilene.melo@portoseguro.com.br', '09397179802', (SELECT flo_id FROM flo_filiado WHERE flo_cnpj = '61198164000160'), 1, null, 2);
INSERT INTO dva_divida (psa_id_pagador, psa_id_destinatario, cmi_id, dvu_id, dva_valor, dva_valor_pago, dva_valor_acrescimo, dva_valor_desconto, dva_descricao, dvp_id, dva_data_vencimento_atual, dva_data_vencimento_inicial, dva_data_inicio_cobranca_mora, dva_data_cancelamento, dva_motivo_cancelamento, dva_cancelada, dva_tipo_cancelamento)
VALUES ((SELECT psa_id FROM psa_pessoa WHERE psa_cli_id = (SELECT flo_id FROM flo_filiado WHERE flo_cpf = '09397179802')), (SELECT psa_id FROM psa_pessoa WHERE psa_cli_id = (SELECT flo_id FROM flo_filiado WHERE flo_cpf = '09397179802')), 201909, 2, 0, 0, 0, 0, 'Inscrição em evento: A rede de interconexões com Qualidade de Vida nas Organizações', 38, '2019-09-19', '2019-09-19', '2019-09-20', null, null, 0, null);
INSERT INTO cba_cobranca (cba_situacao, cba_valor, cba_data_cadastro, cba_data_vencimento, cba_tipo_remessa, psa_id, cba_data_limite_recebimento, cba_motivo_cancelamento, cba_data_cancelamento)
VALUES (3, 0, '2019-09-18 10:59', '2019-09-19', 99, (SELECT psa_id FROM psa_pessoa WHERE psa_cli_id = (SELECT flo_id FROM flo_filiado WHERE flo_cpf = '09397179802')), '2019-09-20', null, null);
INSERT INTO dvo_divida_cobranca (dva_id, cba_id) VALUES ((SELECT max(dva_id) FROM dva_divida), (SELECT max(cba_id) FROM cba_cobranca));
INSERT INTO cbn_cobranca_evento_sindicato (cbn_descricao, prve_id, eve_id, evo_id, dva_id) VALUES ('Inscrição em evento', 5, 48656, 28, (SELECT max(dva_id) FROM dva_divida));
INSERT INTO pgo_pagamento (cba_id, psa_id, pgo_valor, pgo_situacao, pgo_data_pagamento, pgo_data_credito) VALUES ((SELECT max(cba_id) FROM cba_cobranca), (SELECT psa_id FROM psa_pessoa WHERE psa_cli_id = (SELECT flo_id FROM flo_filiado WHERE flo_cpf = '09397179802')), 0, 1, '2019-09-18', '2019-09-18');
INSERT INTO pga_pagamento_divida (dva_id, pgo_id, pga_valor) VALUES ((SELECT max(dva_id) FROM dva_divida), (SELECT max(pgo_id) FROM pgo_pagamento), 0);

INSERT INTO eve_evento_sindicato_participante (eve_id, evo_id, flo_id, eve_nome, eve_participante_telefone, eve_participante_email, eve_cpf, flo_id_responsavel, eve_presenca_confirmada, eve_data_deletado, eve_deletado)
VALUES (51075, 28, (SELECT flo_id FROM flo_filiado WHERE flo_cpf = '31256980811'), 'Shenifer Lauana Bertasso', '11995866663', 'slbertasso@haoc.com.br', '31256980811', (SELECT flo_id FROM flo_filiado WHERE flo_cnpj = '60726502000126'), 1, null, 2);
INSERT INTO dva_divida (psa_id_pagador, psa_id_destinatario, cmi_id, dvu_id, dva_valor, dva_valor_pago, dva_valor_acrescimo, dva_valor_desconto, dva_descricao, dvp_id, dva_data_vencimento_atual, dva_data_vencimento_inicial, dva_data_inicio_cobranca_mora, dva_data_cancelamento, dva_motivo_cancelamento, dva_cancelada, dva_tipo_cancelamento)
VALUES ((SELECT psa_id FROM psa_pessoa WHERE psa_cli_id = (SELECT flo_id FROM flo_filiado WHERE flo_cpf = '31256980811')), (SELECT psa_id FROM psa_pessoa WHERE psa_cli_id = (SELECT flo_id FROM flo_filiado WHERE flo_cpf = '31256980811')), 201909, 2, 0, 0, 0, 0, 'Inscrição em evento: A rede de interconexões com Qualidade de Vida nas Organizações', 38, '2019-09-25', '2019-09-25', '2019-09-26', null, null, 0, null);
INSERT INTO cba_cobranca (cba_situacao, cba_valor, cba_data_cadastro, cba_data_vencimento, cba_tipo_remessa, psa_id, cba_data_limite_recebimento, cba_motivo_cancelamento, cba_data_cancelamento)
VALUES (3, 0, '2019-09-24 15:16', '2019-09-25', 99, (SELECT psa_id FROM psa_pessoa WHERE psa_cli_id = (SELECT flo_id FROM flo_filiado WHERE flo_cpf = '31256980811')), '2019-09-26', null, null);
INSERT INTO dvo_divida_cobranca (dva_id, cba_id) VALUES ((SELECT max(dva_id) FROM dva_divida), (SELECT max(cba_id) FROM cba_cobranca));
INSERT INTO cbn_cobranca_evento_sindicato (cbn_descricao, prve_id, eve_id, evo_id, dva_id) VALUES ('Inscrição em evento', 5, 51075, 28, (SELECT max(dva_id) FROM dva_divida));
INSERT INTO pgo_pagamento (cba_id, psa_id, pgo_valor, pgo_situacao, pgo_data_pagamento, pgo_data_credito) VALUES ((SELECT max(cba_id) FROM cba_cobranca), (SELECT psa_id FROM psa_pessoa WHERE psa_cli_id = (SELECT flo_id FROM flo_filiado WHERE flo_cpf = '31256980811')), 0, 1, '2019-09-24', '2019-09-24');
INSERT INTO pga_pagamento_divida (dva_id, pgo_id, pga_valor) VALUES ((SELECT max(dva_id) FROM dva_divida), (SELECT max(pgo_id) FROM pgo_pagamento), 0);

INSERT INTO eve_evento_sindicato_participante (eve_id, evo_id, flo_id, eve_nome, eve_participante_telefone, eve_participante_email, eve_cpf, flo_id_responsavel, eve_presenca_confirmada, eve_data_deletado, eve_deletado)
VALUES (51928, 28, (SELECT flo_id FROM flo_filiado WHERE flo_cpf = '38415740840'), 'Shirley Lucena', '11995254430', 'shirley.lucena@simplisweb.com.br', '38415740840', (SELECT flo_id FROM flo_filiado WHERE flo_cnpj = '29971448000134'), 1, null, 2);
INSERT INTO dva_divida (psa_id_pagador, psa_id_destinatario, cmi_id, dvu_id, dva_valor, dva_valor_pago, dva_valor_acrescimo, dva_valor_desconto, dva_descricao, dvp_id, dva_data_vencimento_atual, dva_data_vencimento_inicial, dva_data_inicio_cobranca_mora, dva_data_cancelamento, dva_motivo_cancelamento, dva_cancelada, dva_tipo_cancelamento)
VALUES ((SELECT psa_id FROM psa_pessoa WHERE psa_cli_id = (SELECT flo_id FROM flo_filiado WHERE flo_cpf = '38415740840')), (SELECT psa_id FROM psa_pessoa WHERE psa_cli_id = (SELECT flo_id FROM flo_filiado WHERE flo_cpf = '38415740840')), 201909, 2, 0, 0, 0, 0, 'Inscrição em evento: A rede de interconexões com Qualidade de Vida nas Organizações', 38, '2019-10-01', '2019-10-01', '2019-10-02', null, null, 0, null);
INSERT INTO cba_cobranca (cba_situacao, cba_valor, cba_data_cadastro, cba_data_vencimento, cba_tipo_remessa, psa_id, cba_data_limite_recebimento, cba_motivo_cancelamento, cba_data_cancelamento)
VALUES (3, 0, '2019-09-30 09:58', '2019-10-01', 99, (SELECT psa_id FROM psa_pessoa WHERE psa_cli_id = (SELECT flo_id FROM flo_filiado WHERE flo_cpf = '38415740840')), '2019-10-02', null, null);
INSERT INTO dvo_divida_cobranca (dva_id, cba_id) VALUES ((SELECT max(dva_id) FROM dva_divida), (SELECT max(cba_id) FROM cba_cobranca));
INSERT INTO cbn_cobranca_evento_sindicato (cbn_descricao, prve_id, eve_id, evo_id, dva_id) VALUES ('Inscrição em evento', 5, 51928, 28, (SELECT max(dva_id) FROM dva_divida));
INSERT INTO pgo_pagamento (cba_id, psa_id, pgo_valor, pgo_situacao, pgo_data_pagamento, pgo_data_credito) VALUES ((SELECT max(cba_id) FROM cba_cobranca), (SELECT psa_id FROM psa_pessoa WHERE psa_cli_id = (SELECT flo_id FROM flo_filiado WHERE flo_cpf = '38415740840')), 0, 1, '2019-09-30', '2019-09-30');
INSERT INTO pga_pagamento_divida (dva_id, pgo_id, pga_valor) VALUES ((SELECT max(dva_id) FROM dva_divida), (SELECT max(pgo_id) FROM pgo_pagamento), 0);

INSERT INTO eve_evento_sindicato_participante (eve_id, evo_id, flo_id, eve_nome, eve_participante_telefone, eve_participante_email, eve_cpf, flo_id_responsavel, eve_presenca_confirmada, eve_data_deletado, eve_deletado)
VALUES (51700, 28, (SELECT flo_id FROM flo_filiado WHERE flo_cpf = '23328456821'), 'Tamires Oliveira', '11945236973', 'tamiresoliveira23@hotmail.com', '23328456821', (SELECT flo_id FROM flo_filiado WHERE flo_cnpj = '61198164000160'), 1, null, 2);
INSERT INTO dva_divida (psa_id_pagador, psa_id_destinatario, cmi_id, dvu_id, dva_valor, dva_valor_pago, dva_valor_acrescimo, dva_valor_desconto, dva_descricao, dvp_id, dva_data_vencimento_atual, dva_data_vencimento_inicial, dva_data_inicio_cobranca_mora, dva_data_cancelamento, dva_motivo_cancelamento, dva_cancelada, dva_tipo_cancelamento)
VALUES ((SELECT psa_id FROM psa_pessoa WHERE psa_cli_id = (SELECT flo_id FROM flo_filiado WHERE flo_cpf = '23328456821')), (SELECT psa_id FROM psa_pessoa WHERE psa_cli_id = (SELECT flo_id FROM flo_filiado WHERE flo_cpf = '23328456821')), 201909, 2, 0, 0, 0, 0, 'Inscrição em evento: A rede de interconexões com Qualidade de Vida nas Organizações', 38, '2019-09-27', '2019-09-27', '2019-09-28', null, null, 0, null);
INSERT INTO cba_cobranca (cba_situacao, cba_valor, cba_data_cadastro, cba_data_vencimento, cba_tipo_remessa, psa_id, cba_data_limite_recebimento, cba_motivo_cancelamento, cba_data_cancelamento)
VALUES (3, 0, '2019-09-26 15:04', '2019-09-27', 99, (SELECT psa_id FROM psa_pessoa WHERE psa_cli_id = (SELECT flo_id FROM flo_filiado WHERE flo_cpf = '23328456821')), '2019-09-28', null, null);
INSERT INTO dvo_divida_cobranca (dva_id, cba_id) VALUES ((SELECT max(dva_id) FROM dva_divida), (SELECT max(cba_id) FROM cba_cobranca));
INSERT INTO cbn_cobranca_evento_sindicato (cbn_descricao, prve_id, eve_id, evo_id, dva_id) VALUES ('Inscrição em evento', 5, 51700, 28, (SELECT max(dva_id) FROM dva_divida));
INSERT INTO pgo_pagamento (cba_id, psa_id, pgo_valor, pgo_situacao, pgo_data_pagamento, pgo_data_credito) VALUES ((SELECT max(cba_id) FROM cba_cobranca), (SELECT psa_id FROM psa_pessoa WHERE psa_cli_id = (SELECT flo_id FROM flo_filiado WHERE flo_cpf = '23328456821')), 0, 1, '2019-09-26', '2019-09-26');
INSERT INTO pga_pagamento_divida (dva_id, pgo_id, pga_valor) VALUES ((SELECT max(dva_id) FROM dva_divida), (SELECT max(pgo_id) FROM pgo_pagamento), 0);

INSERT INTO eve_evento_sindicato_participante (eve_id, evo_id, flo_id, eve_nome, eve_participante_telefone, eve_participante_email, eve_cpf, flo_id_responsavel, eve_presenca_confirmada, eve_data_deletado, eve_deletado)
VALUES (51714, 28, (SELECT flo_id FROM flo_filiado WHERE flo_cpf = '29661848840'), 'Teresa Cristina P C Carvalho', '11989753043', 'teresa.carvalho@portoseguro.com.br', '29661848840', (SELECT flo_id FROM flo_filiado WHERE flo_cnpj = '61198164000160'), 1, null, 2);
INSERT INTO dva_divida (psa_id_pagador, psa_id_destinatario, cmi_id, dvu_id, dva_valor, dva_valor_pago, dva_valor_acrescimo, dva_valor_desconto, dva_descricao, dvp_id, dva_data_vencimento_atual, dva_data_vencimento_inicial, dva_data_inicio_cobranca_mora, dva_data_cancelamento, dva_motivo_cancelamento, dva_cancelada, dva_tipo_cancelamento)
VALUES ((SELECT psa_id FROM psa_pessoa WHERE psa_cli_id = (SELECT flo_id FROM flo_filiado WHERE flo_cpf = '29661848840')), (SELECT psa_id FROM psa_pessoa WHERE psa_cli_id = (SELECT flo_id FROM flo_filiado WHERE flo_cpf = '29661848840')), 201909, 2, 0, 0, 0, 0, 'Inscrição em evento: A rede de interconexões com Qualidade de Vida nas Organizações', 38, '2019-09-27', '2019-09-27', '2019-09-28', null, null, 0, null);
INSERT INTO cba_cobranca (cba_situacao, cba_valor, cba_data_cadastro, cba_data_vencimento, cba_tipo_remessa, psa_id, cba_data_limite_recebimento, cba_motivo_cancelamento, cba_data_cancelamento)
VALUES (3, 0, '2019-09-26 15:42', '2019-09-27', 99, (SELECT psa_id FROM psa_pessoa WHERE psa_cli_id = (SELECT flo_id FROM flo_filiado WHERE flo_cpf = '29661848840')), '2019-09-28', null, null);
INSERT INTO dvo_divida_cobranca (dva_id, cba_id) VALUES ((SELECT max(dva_id) FROM dva_divida), (SELECT max(cba_id) FROM cba_cobranca));
INSERT INTO cbn_cobranca_evento_sindicato (cbn_descricao, prve_id, eve_id, evo_id, dva_id) VALUES ('Inscrição em evento', 5, 51714, 28, (SELECT max(dva_id) FROM dva_divida));
INSERT INTO pgo_pagamento (cba_id, psa_id, pgo_valor, pgo_situacao, pgo_data_pagamento, pgo_data_credito) VALUES ((SELECT max(cba_id) FROM cba_cobranca), (SELECT psa_id FROM psa_pessoa WHERE psa_cli_id = (SELECT flo_id FROM flo_filiado WHERE flo_cpf = '29661848840')), 0, 1, '2019-09-26', '2019-09-26');
INSERT INTO pga_pagamento_divida (dva_id, pgo_id, pga_valor) VALUES ((SELECT max(dva_id) FROM dva_divida), (SELECT max(pgo_id) FROM pgo_pagamento), 0);

INSERT INTO eve_evento_sindicato_participante (eve_id, evo_id, flo_id, eve_nome, eve_participante_telefone, eve_participante_email, eve_cpf, flo_id_responsavel, eve_presenca_confirmada, eve_data_deletado, eve_deletado)
VALUES (51976, 28, (SELECT flo_id FROM flo_filiado WHERE flo_cpf = '28549301850'), 'Thais Silveira Salata', '11991120298', 'thais.salata@grupofleury.com.br', '28549301850', (SELECT flo_id FROM flo_filiado WHERE flo_cnpj = '60840055000131'), 1, null, 2);
INSERT INTO dva_divida (psa_id_pagador, psa_id_destinatario, cmi_id, dvu_id, dva_valor, dva_valor_pago, dva_valor_acrescimo, dva_valor_desconto, dva_descricao, dvp_id, dva_data_vencimento_atual, dva_data_vencimento_inicial, dva_data_inicio_cobranca_mora, dva_data_cancelamento, dva_motivo_cancelamento, dva_cancelada, dva_tipo_cancelamento)
VALUES ((SELECT psa_id FROM psa_pessoa WHERE psa_cli_id = (SELECT flo_id FROM flo_filiado WHERE flo_cpf = '28549301850')), (SELECT psa_id FROM psa_pessoa WHERE psa_cli_id = (SELECT flo_id FROM flo_filiado WHERE flo_cpf = '28549301850')), 201909, 2, 0, 0, 0, 0, 'Inscrição em evento: A rede de interconexões com Qualidade de Vida nas Organizações', 38, '2019-10-01', '2019-10-01', '2019-10-02', null, null, 0, null);
INSERT INTO cba_cobranca (cba_situacao, cba_valor, cba_data_cadastro, cba_data_vencimento, cba_tipo_remessa, psa_id, cba_data_limite_recebimento, cba_motivo_cancelamento, cba_data_cancelamento)
VALUES (3, 0, '2019-09-30 13:56', '2019-10-01', 99, (SELECT psa_id FROM psa_pessoa WHERE psa_cli_id = (SELECT flo_id FROM flo_filiado WHERE flo_cpf = '28549301850')), '2019-10-02', null, null);
INSERT INTO dvo_divida_cobranca (dva_id, cba_id) VALUES ((SELECT max(dva_id) FROM dva_divida), (SELECT max(cba_id) FROM cba_cobranca));
INSERT INTO cbn_cobranca_evento_sindicato (cbn_descricao, prve_id, eve_id, evo_id, dva_id) VALUES ('Inscrição em evento', 5, 51976, 28, (SELECT max(dva_id) FROM dva_divida));
INSERT INTO pgo_pagamento (cba_id, psa_id, pgo_valor, pgo_situacao, pgo_data_pagamento, pgo_data_credito) VALUES ((SELECT max(cba_id) FROM cba_cobranca), (SELECT psa_id FROM psa_pessoa WHERE psa_cli_id = (SELECT flo_id FROM flo_filiado WHERE flo_cpf = '28549301850')), 0, 1, '2019-09-30', '2019-09-30');
INSERT INTO pga_pagamento_divida (dva_id, pgo_id, pga_valor) VALUES ((SELECT max(dva_id) FROM dva_divida), (SELECT max(pgo_id) FROM pgo_pagamento), 0);

INSERT INTO eve_evento_sindicato_participante (eve_id, evo_id, flo_id, eve_nome, eve_participante_telefone, eve_participante_email, eve_cpf, flo_id_responsavel, eve_presenca_confirmada, eve_data_deletado, eve_deletado)
VALUES (51930, 28, (SELECT flo_id FROM flo_filiado WHERE flo_cpf = '93174527600'), 'Wagner Lima dos Santos Junior', '11983547765', 'wagner.lima@mindself.com.br', '93174527600', (SELECT flo_id FROM flo_filiado WHERE flo_cnpj = '31381164000130'), 1, null, 2);
INSERT INTO dva_divida (psa_id_pagador, psa_id_destinatario, cmi_id, dvu_id, dva_valor, dva_valor_pago, dva_valor_acrescimo, dva_valor_desconto, dva_descricao, dvp_id, dva_data_vencimento_atual, dva_data_vencimento_inicial, dva_data_inicio_cobranca_mora, dva_data_cancelamento, dva_motivo_cancelamento, dva_cancelada, dva_tipo_cancelamento)
VALUES ((SELECT psa_id FROM psa_pessoa WHERE psa_cli_id = (SELECT flo_id FROM flo_filiado WHERE flo_cpf = '93174527600')), (SELECT psa_id FROM psa_pessoa WHERE psa_cli_id = (SELECT flo_id FROM flo_filiado WHERE flo_cpf = '93174527600')), 201909, 2, 0, 0, 0, 0, 'Inscrição em evento: A rede de interconexões com Qualidade de Vida nas Organizações', 38, '2019-10-01', '2019-10-01', '2019-10-02', null, null, 0, null);
INSERT INTO cba_cobranca (cba_situacao, cba_valor, cba_data_cadastro, cba_data_vencimento, cba_tipo_remessa, psa_id, cba_data_limite_recebimento, cba_motivo_cancelamento, cba_data_cancelamento)
VALUES (3, 0, '2019-09-30 10:04', '2019-10-01', 99, (SELECT psa_id FROM psa_pessoa WHERE psa_cli_id = (SELECT flo_id FROM flo_filiado WHERE flo_cpf = '93174527600')), '2019-10-02', null, null);
INSERT INTO dvo_divida_cobranca (dva_id, cba_id) VALUES ((SELECT max(dva_id) FROM dva_divida), (SELECT max(cba_id) FROM cba_cobranca));
INSERT INTO cbn_cobranca_evento_sindicato (cbn_descricao, prve_id, eve_id, evo_id, dva_id) VALUES ('Inscrição em evento', 5, 51930, 28, (SELECT max(dva_id) FROM dva_divida));
INSERT INTO pgo_pagamento (cba_id, psa_id, pgo_valor, pgo_situacao, pgo_data_pagamento, pgo_data_credito) VALUES ((SELECT max(cba_id) FROM cba_cobranca), (SELECT psa_id FROM psa_pessoa WHERE psa_cli_id = (SELECT flo_id FROM flo_filiado WHERE flo_cpf = '93174527600')), 0, 1, '2019-09-30', '2019-09-30');
INSERT INTO pga_pagamento_divida (dva_id, pgo_id, pga_valor) VALUES ((SELECT max(dva_id) FROM dva_divida), (SELECT max(pgo_id) FROM pgo_pagamento), 0);

INSERT INTO eve_evento_sindicato_participante (eve_id, evo_id, flo_id, eve_nome, eve_participante_telefone, eve_participante_email, eve_cpf, flo_id_responsavel, eve_presenca_confirmada, eve_data_deletado, eve_deletado)
VALUES (49805, 28, (SELECT flo_id FROM flo_filiado WHERE flo_cpf = '05907026880'), 'Werther de Camargo Penteado Busato', '19996019767', 'wpbusato@mmm.com', '05907026880', null, 1, null, 2);
INSERT INTO dva_divida (psa_id_pagador, psa_id_destinatario, cmi_id, dvu_id, dva_valor, dva_valor_pago, dva_valor_acrescimo, dva_valor_desconto, dva_descricao, dvp_id, dva_data_vencimento_atual, dva_data_vencimento_inicial, dva_data_inicio_cobranca_mora, dva_data_cancelamento, dva_motivo_cancelamento, dva_cancelada, dva_tipo_cancelamento)
VALUES ((SELECT psa_id FROM psa_pessoa WHERE psa_cli_id = (SELECT flo_id FROM flo_filiado WHERE flo_cpf = '05907026880')), (SELECT psa_id FROM psa_pessoa WHERE psa_cli_id = (SELECT flo_id FROM flo_filiado WHERE flo_cpf = '05907026880')), 201909, 2, 0, 0, 0, 0, 'Inscrição em evento: A rede de interconexões com Qualidade de Vida nas Organizações', 38, '2019-09-24', '2019-09-24', '2019-09-25', null, null, 0, null);
INSERT INTO cba_cobranca (cba_situacao, cba_valor, cba_data_cadastro, cba_data_vencimento, cba_tipo_remessa, psa_id, cba_data_limite_recebimento, cba_motivo_cancelamento, cba_data_cancelamento)
VALUES (3, 0, '2019-09-23 11:03', '2019-09-24', 99, (SELECT psa_id FROM psa_pessoa WHERE psa_cli_id = (SELECT flo_id FROM flo_filiado WHERE flo_cpf = '05907026880')), '2019-09-25', null, null);
INSERT INTO dvo_divida_cobranca (dva_id, cba_id) VALUES ((SELECT max(dva_id) FROM dva_divida), (SELECT max(cba_id) FROM cba_cobranca));
INSERT INTO cbn_cobranca_evento_sindicato (cbn_descricao, prve_id, eve_id, evo_id, dva_id) VALUES ('Inscrição em evento', 5, 49805, 28, (SELECT max(dva_id) FROM dva_divida));
INSERT INTO pgo_pagamento (cba_id, psa_id, pgo_valor, pgo_situacao, pgo_data_pagamento, pgo_data_credito) VALUES ((SELECT max(cba_id) FROM cba_cobranca), (SELECT psa_id FROM psa_pessoa WHERE psa_cli_id = (SELECT flo_id FROM flo_filiado WHERE flo_cpf = '05907026880')), 0, 1, '2019-09-23', '2019-09-23');
INSERT INTO pga_pagamento_divida (dva_id, pgo_id, pga_valor) VALUES ((SELECT max(dva_id) FROM dva_divida), (SELECT max(pgo_id) FROM pgo_pagamento), 0);

INSERT INTO eve_evento_sindicato_participante (eve_id, evo_id, flo_id, eve_nome, eve_participante_telefone, eve_participante_email, eve_cpf, flo_id_responsavel, eve_presenca_confirmada, eve_data_deletado, eve_deletado)
VALUES (51590, 28, (SELECT flo_id FROM flo_filiado WHERE flo_cpf = '23485057894'), 'Yogist', '11975997182', 'armelle@yogist.com.br', '23485057894', null, 1, null, 2);
INSERT INTO dva_divida (psa_id_pagador, psa_id_destinatario, cmi_id, dvu_id, dva_valor, dva_valor_pago, dva_valor_acrescimo, dva_valor_desconto, dva_descricao, dvp_id, dva_data_vencimento_atual, dva_data_vencimento_inicial, dva_data_inicio_cobranca_mora, dva_data_cancelamento, dva_motivo_cancelamento, dva_cancelada, dva_tipo_cancelamento)
VALUES ((SELECT psa_id FROM psa_pessoa WHERE psa_cli_id = (SELECT flo_id FROM flo_filiado WHERE flo_cpf = '23485057894')), (SELECT psa_id FROM psa_pessoa WHERE psa_cli_id = (SELECT flo_id FROM flo_filiado WHERE flo_cpf = '23485057894')), 201909, 2, 0, 0, 0, 0, 'Inscrição em evento: A rede de interconexões com Qualidade de Vida nas Organizações', 38, '2019-09-27', '2019-09-27', '2019-09-28', null, null, 0, null);
INSERT INTO cba_cobranca (cba_situacao, cba_valor, cba_data_cadastro, cba_data_vencimento, cba_tipo_remessa, psa_id, cba_data_limite_recebimento, cba_motivo_cancelamento, cba_data_cancelamento)
VALUES (3, 0, '2019-09-26 10:28', '2019-09-27', 99, (SELECT psa_id FROM psa_pessoa WHERE psa_cli_id = (SELECT flo_id FROM flo_filiado WHERE flo_cpf = '23485057894')), '2019-09-28', null, null);
INSERT INTO dvo_divida_cobranca (dva_id, cba_id) VALUES ((SELECT max(dva_id) FROM dva_divida), (SELECT max(cba_id) FROM cba_cobranca));
INSERT INTO cbn_cobranca_evento_sindicato (cbn_descricao, prve_id, eve_id, evo_id, dva_id) VALUES ('Inscrição em evento', 5, 51590, 28, (SELECT max(dva_id) FROM dva_divida));
INSERT INTO pgo_pagamento (cba_id, psa_id, pgo_valor, pgo_situacao, pgo_data_pagamento, pgo_data_credito) VALUES ((SELECT max(cba_id) FROM cba_cobranca), (SELECT psa_id FROM psa_pessoa WHERE psa_cli_id = (SELECT flo_id FROM flo_filiado WHERE flo_cpf = '23485057894')), 0, 1, '2019-09-26', '2019-09-26');
INSERT INTO pga_pagamento_divida (dva_id, pgo_id, pga_valor) VALUES ((SELECT max(dva_id) FROM dva_divida), (SELECT max(pgo_id) FROM pgo_pagamento), 0);

INSERT INTO eva_evento_sindicato_presenca (eve_id) VALUE (51659);
INSERT INTO eva_evento_sindicato_presenca (eve_id) VALUE (51985);
INSERT INTO eva_evento_sindicato_presenca (eve_id) VALUE (51913);
INSERT INTO eva_evento_sindicato_presenca (eve_id) VALUE (48782);
INSERT INTO eva_evento_sindicato_presenca (eve_id) VALUE (51156);
INSERT INTO eva_evento_sindicato_presenca (eve_id) VALUE (51929);
INSERT INTO eva_evento_sindicato_presenca (eve_id) VALUE (51592);
INSERT INTO eva_evento_sindicato_presenca (eve_id) VALUE (51986);
INSERT INTO eva_evento_sindicato_presenca (eve_id) VALUE (48815);
INSERT INTO eva_evento_sindicato_presenca (eve_id) VALUE (49973);
INSERT INTO eva_evento_sindicato_presenca (eve_id) VALUE (51745);
INSERT INTO eva_evento_sindicato_presenca (eve_id) VALUE (48814);
INSERT INTO eva_evento_sindicato_presenca (eve_id) VALUE (51977);
INSERT INTO eva_evento_sindicato_presenca (eve_id) VALUE (52013);
INSERT INTO eva_evento_sindicato_presenca (eve_id) VALUE (48803);
INSERT INTO eva_evento_sindicato_presenca (eve_id) VALUE (51577);
INSERT INTO eva_evento_sindicato_presenca (eve_id) VALUE (41429);
INSERT INTO eva_evento_sindicato_presenca (eve_id) VALUE (51934);
INSERT INTO eva_evento_sindicato_presenca (eve_id) VALUE (51111);
INSERT INTO eva_evento_sindicato_presenca (eve_id) VALUE (51987);
INSERT INTO eva_evento_sindicato_presenca (eve_id) VALUE (51876);
INSERT INTO eva_evento_sindicato_presenca (eve_id) VALUE (51912);
INSERT INTO eva_evento_sindicato_presenca (eve_id) VALUE (51975);
INSERT INTO eva_evento_sindicato_presenca (eve_id) VALUE (51938);
INSERT INTO eva_evento_sindicato_presenca (eve_id) VALUE (51999);
INSERT INTO eva_evento_sindicato_presenca (eve_id) VALUE (45389);
INSERT INTO eva_evento_sindicato_presenca (eve_id) VALUE (51062);
INSERT INTO eva_evento_sindicato_presenca (eve_id) VALUE (49770);
INSERT INTO eva_evento_sindicato_presenca (eve_id) VALUE (49268);
INSERT INTO eva_evento_sindicato_presenca (eve_id) VALUE (45111);
INSERT INTO eva_evento_sindicato_presenca (eve_id) VALUE (51075);
INSERT INTO eva_evento_sindicato_presenca (eve_id) VALUE (51928);
INSERT INTO eva_evento_sindicato_presenca (eve_id) VALUE (51700);
INSERT INTO eva_evento_sindicato_presenca (eve_id) VALUE (51714);
INSERT INTO eva_evento_sindicato_presenca (eve_id) VALUE (51930);
INSERT INTO eva_evento_sindicato_presenca (eve_id) VALUE (49805);
INSERT INTO eva_evento_sindicato_presenca (eve_id) VALUE (51590);

COMMIT;